timestamp_s,engine_id,mission_id,mission_phase,throttle_pct,altitude_m,ambient_temperature_c,rpm,cht_c,egt_c,oil_pressure_kpa,oil_temperature_c,fuel_flow_lph,vibration_g,alternator_voltage_v,battery_voltage_v,injection_timing_deg,expected_rpm,expected_cht_c,expected_egt_c,expected_oil_pressure_kpa,expected_oil_temperature_c,expected_fuel_flow_lph,expected_vibration_g,expected_injection_timing_deg,true_fault_type,true_fault_active,true_severity,residual_rpm,residual_cht_c,residual_egt_c,residual_oil_pressure_kpa,residual_oil_temperature_c,residual_fuel_flow_lph,residual_vibration_g,residual_injection_timing_deg
0.0,ENG-001,MIS-0001,TAXI,15.67,0.0,25.64,1215.8,106.66,438.2,246.56,39.47,6.83,0.211,28.2,25.5,22.76,1238.7,107.48,438.24,247.01,40.03,7.45,0.196,22.47,SENSOR_DRIFT,0,0.0,-22.90000000000009,-0.8200000000000074,-0.040000000000020464,-0.44999999999998863,-0.5600000000000023,-0.6200000000000001,0.014999999999999986,0.2900000000000027
1.0,ENG-001,MIS-0001,TAXI,17.04,0.0,25.87,1272.8,107.52,448.69,260.55,39.53,7.73,0.149,27.75,25.9,22.37,1277.0,108.86,445.64,251.11,40.06,7.75,0.199,22.51,SENSOR_DRIFT,0,0.0,-4.2000000000000455,-1.3400000000000034,3.0500000000000114,9.439999999999998,-0.5300000000000011,-0.019999999999999574,-0.05000000000000002,-0.14000000000000057
2.0,ENG-001,MIS-0001,TAXI,11.42,0.0,25.34,1121.7,101.52,418.4,235.52,38.72,6.58,0.209,27.96,25.21,22.19,1119.8,103.48,415.81,234.27,40.09,6.51,0.194,22.34,SENSOR_DRIFT,0,0.0,1.900000000000091,-1.960000000000008,2.589999999999975,1.25,-1.3700000000000045,0.07000000000000028,0.014999999999999986,-0.14999999999999858
3.0,ENG-001,MIS-0001,TAXI,18.05,0.0,25.26,1317.5,109.88,446.96,258.66,39.06,7.97,0.24,28.02,25.6,22.62,1305.3,109.4,450.17,254.14,40.12,7.97,0.202,22.54,SENSOR_DRIFT,0,0.0,12.200000000000045,0.47999999999998977,-3.2100000000000364,4.520000000000039,-1.0599999999999952,0.0,0.03799999999999998,0.08000000000000185
4.0,ENG-001,MIS-0001,TAKEOFF,95.57,2972.3,5.21,3503.3,175.49,848.85,492.52,40.68,25.2,0.286,28.13,25.47,24.73,3475.9,176.01,846.96,486.71,40.19,25.03,0.284,24.87,SENSOR_DRIFT,0,0.0,27.40000000000009,-0.5199999999999818,1.8899999999999864,5.810000000000002,0.490000000000002,0.16999999999999815,0.0020000000000000018,-0.14000000000000057
5.0,ENG-001,MIS-0001,TAKEOFF,96.96,3215.4,4.79,3504.1,177.5,858.17,488.46,40.55,25.72,0.279,27.7,25.81,25.06,3514.9,177.26,854.19,490.88,40.27,25.33,0.287,24.91,SENSOR_DRIFT,0,0.0,-10.800000000000182,0.2400000000000091,3.9799999999999045,-2.420000000000016,0.27999999999999403,0.39000000000000057,-0.007999999999999952,0.14999999999999858
6.0,ENG-001,MIS-0001,TAKEOFF,91.37,3458.5,2.53,3342.6,171.27,827.43,469.43,40.24,23.63,0.276,27.77,25.43,24.62,3358.4,172.23,825.13,474.12,40.35,24.1,0.282,24.74,SENSOR_DRIFT,0,0.0,-15.800000000000182,-0.9599999999999795,2.2999999999999545,-4.689999999999998,-0.10999999999999943,-0.4700000000000024,-0.00599999999999995,-0.11999999999999744
7.0,ENG-001,MIS-0001,CLIMB,85.89,3701.6,1.5,3233.2,167.3,797.37,450.22,40.66,22.98,0.256,27.97,25.35,25.11,3204.8,167.3,796.6,457.66,40.42,22.89,0.277,24.58,SENSOR_DRIFT,0,0.0,28.399999999999636,0.0,0.7699999999999818,-7.439999999999998,0.23999999999999488,0.08999999999999986,-0.02100000000000002,0.5300000000000011
8.0,ENG-001,MIS-0001,CLIMB,85.82,3944.7,-1.5,3203.8,166.85,795.33,449.07,39.38,23.42,0.27,27.91,25.66,24.84,3202.9,167.24,796.25,457.45,40.49,22.88,0.278,24.57,SENSOR_DRIFT,0,0.0,0.900000000000091,-0.3900000000000148,-0.9199999999999591,-8.379999999999995,-1.1099999999999994,0.5400000000000027,-0.008000000000000007,0.2699999999999996
9.0,ENG-001,MIS-0001,CLIMB,83.77,4187.8,-2.17,3136.6,165.49,784.52,449.73,40.16,22.73,0.247,27.96,25.54,24.42,3145.5,165.39,785.59,451.3,40.56,22.43,0.277,24.51,SENSOR_DRIFT,0,0.0,-8.900000000000091,0.10000000000002274,-1.07000000000005,-1.5699999999999932,-0.4000000000000057,0.3000000000000007,-0.030000000000000027,-0.08999999999999986
10.0,ENG-001,MIS-0001,CLIMB,81.37,4430.9,-3.9,3089.7,162.91,776.23,447.65,40.15,21.6,0.284,27.96,25.64,24.3,3078.4,163.23,773.12,444.11,40.63,21.9,0.275,24.44,SENSOR_DRIFT,0,0.0,11.299999999999727,-0.3199999999999932,3.1100000000000136,3.5399999999999636,-0.480000000000004,-0.29999999999999716,0.008999999999999952,-0.14000000000000057
11.0,ENG-001,MIS-0001,CLIMB,84.16,4674.0,-4.99,3135.8,166.81,781.52,453.87,40.5,22.64,0.316,28.33,25.7,24.62,3156.6,165.75,787.66,452.49,40.7,22.52,0.279,24.52,SENSOR_DRIFT,0,0.0,-20.799999999999727,1.0600000000000023,-6.139999999999986,1.3799999999999955,-0.20000000000000284,0.120000000000001,0.03699999999999998,0.10000000000000142
12.0,ENG-001,MIS-0001,CLIMB,85.32,4917.0,-8.0,3185.6,166.42,784.94,460.86,40.95,22.59,0.296,28.01,25.46,24.56,3188.9,166.79,793.66,455.96,40.77,22.77,0.281,24.56,SENSOR_DRIFT,0,0.0,-3.300000000000182,-0.37000000000000455,-8.719999999999914,4.900000000000034,0.17999999999999972,-0.17999999999999972,0.014999999999999958,0.0
13.0,ENG-001,MIS-0001,CLIMB,80.33,5160.1,-8.34,3038.4,163.29,765.86,432.72,41.33,21.79,0.253,28.12,25.5,24.32,3049.2,162.3,767.71,440.99,40.84,21.67,0.276,24.41,SENSOR_DRIFT,0,0.0,-10.799999999999727,0.9899999999999807,-1.8500000000000227,-8.269999999999982,0.4899999999999949,0.11999999999999744,-0.02300000000000002,-0.08999999999999986
14.0,ENG-001,MIS-0001,CLIMB,84.16,5403.2,-10.08,3161.2,165.13,,459.8,40.41,22.54,0.287,27.97,25.4,24.39,3156.4,165.74,787.61,452.47,40.9,22.51,0.281,24.52,SENSOR_DRIFT,0,0.0,4.799999999999727,-0.6100000000000136,,7.329999999999984,-0.490000000000002,0.029999999999997584,0.00599999999999995,-0.129999999999999
15.0,ENG-001,MIS-0001,CLIMB,85.41,5646.3,-12.74,3195.5,165.44,790.28,455.21,41.35,22.58,0.303,28.17,25.49,24.09,3191.5,166.87,794.14,456.23,40.97,22.79,0.283,24.56,SENSOR_DRIFT,0,0.0,4.0,-1.4300000000000068,-3.8600000000000136,-1.0200000000000387,0.38000000000000256,-0.21000000000000085,0.020000000000000018,-0.46999999999999886
16.0,ENG-001,MIS-0001,CLIMB,87.35,5889.4,-13.73,3243.8,165.33,798.79,463.47,40.85,22.75,0.292,27.78,25.78,24.61,3245.9,168.62,804.24,462.06,41.05,23.22,0.286,24.62,SENSOR_DRIFT,0,0.0,-2.099999999999909,-3.289999999999992,-5.4500000000000455,1.410000000000025,-0.19999999999999574,-0.46999999999999886,0.006000000000000005,-0.010000000000001563
17.0,ENG-001,MIS-0001,CRUISE,61.55,6000.0,-13.61,2507.4,143.55,674.35,385.38,40.09,18.04,0.269,27.97,25.45,24.06,2523.4,145.39,670.06,384.65,41.1,17.54,0.26,23.85,SENSOR_DRIFT,0,0.0,-16.0,-1.839999999999975,4.290000000000077,0.7300000000000182,-1.009999999999998,0.5,0.009000000000000008,0.2099999999999973
18.0,ENG-001,MIS-0001,CRUISE,59.99,6000.0,-13.81,2475.7,143.72,667.54,381.92,40.62,16.76,0.269,27.81,25.54,23.92,2479.6,143.99,661.93,379.96,41.16,17.2,0.259,23.8,SENSOR_DRIFT,0,0.0,-3.900000000000091,-0.27000000000001023,5.610000000000014,1.9600000000000364,-0.5399999999999991,-0.4399999999999977,0.010000000000000009,0.120000000000001
19.0,ENG-001,MIS-0001,CRUISE,62.51,6000.0,-14.37,2539.9,144.75,671.18,386.32,42.39,18.34,0.255,28.15,25.43,24.1,2550.4,146.26,675.07,387.54,41.21,17.75,0.262,23.88,SENSOR_DRIFT,0,0.0,-10.5,-1.509999999999991,-3.8900000000001,-1.2200000000000273,1.1799999999999997,0.5899999999999999,-0.007000000000000006,0.22000000000000242
20.0,ENG-001,MIS-0001,CRUISE,63.26,6000.0,-14.72,2566.1,146.4,674.67,384.07,42.8,17.97,0.285,27.89,25.52,23.44,2571.2,146.93,678.94,389.77,41.27,17.92,0.263,23.9,SENSOR_DRIFT,0,0.0,-5.099999999999909,-0.5300000000000011,-4.2700000000000955,-5.699999999999989,1.529999999999994,0.04999999999999716,0.021999999999999964,-0.4599999999999973
21.0,ENG-001,MIS-0001,CRUISE,55.1,6000.0,-13.71,2314.4,139.62,645.42,361.05,40.77,16.07,0.234,27.79,25.41,23.55,2342.8,139.59,636.52,365.3,41.32,16.12,0.255,23.65,SENSOR_DRIFT,0,0.0,-28.40000000000009,0.030000000000001137,8.899999999999977,-4.25,-0.5499999999999972,-0.05000000000000071,-0.02099999999999999,-0.09999999999999787
22.0,ENG-001,MIS-0001,CRUISE,55.73,6000.0,-13.86,2383.5,140.47,635.9,363.86,39.96,16.36,0.278,28.21,25.22,23.72,2360.5,140.16,639.81,367.2,41.38,16.26,0.256,23.67,SENSOR_DRIFT,0,0.0,23.0,0.3100000000000023,-3.909999999999968,-3.339999999999975,-1.4200000000000017,0.09999999999999787,0.02200000000000002,0.04999999999999716
23.0,ENG-001,MIS-0001,CRUISE,61.86,6000.0,-14.62,2544.6,146.3,670.05,385.38,40.35,17.81,0.257,28.16,25.61,23.96,2532.0,145.67,671.66,385.57,41.43,17.61,0.263,23.86,SENSOR_DRIFT,0,0.0,12.599999999999909,0.6300000000000239,-1.6100000000000136,-0.18999999999999773,-1.0799999999999983,0.1999999999999993,-0.006000000000000005,0.10000000000000142
24.0,ENG-001,MIS-0001,CRUISE,53.57,6000.0,-14.75,2273.8,138.77,639.36,357.58,41.42,16.18,0.297,28.09,25.2,23.21,2300.0,138.21,628.57,360.71,41.48,15.79,0.255,23.61,SENSOR_DRIFT,0,0.0,-26.199999999999818,0.5600000000000023,10.789999999999964,-3.1299999999999955,-0.05999999999999517,0.39000000000000057,0.04199999999999998,-0.3999999999999986
25.0,ENG-001,MIS-0001,CRUISE,61.79,6000.0,-13.84,2507.9,144.52,671.55,380.88,40.15,17.61,0.307,28.13,25.48,23.86,2530.2,145.61,671.33,385.38,41.54,17.59,0.264,23.85,SENSOR_DRIFT,0,0.0,-22.299999999999727,-1.0900000000000034,0.2199999999999136,-4.5,-1.3900000000000006,0.019999999999999574,0.04299999999999998,0.00999999999999801
26.0,ENG-001,MIS-0001,CRUISE,57.92,6000.0,-13.95,2416.1,143.29,652.82,376.67,40.93,17.22,0.277,27.97,25.6,23.72,2421.8,142.13,651.19,373.77,41.59,16.74,0.26,23.74,SENSOR_DRIFT,0,0.036,-5.700000000000273,1.1599999999999966,1.6299999999999955,2.900000000000034,-0.6600000000000037,0.4800000000000004,0.017000000000000015,-0.019999999999999574
27.0,ENG-001,MIS-0001,CRUISE,57.51,6000.0,-14.01,2409.1,140.47,648.49,371.25,43.12,16.78,0.247,27.94,25.31,23.3,2410.4,141.76,649.07,372.54,41.65,16.65,0.26,23.73,SENSOR_DRIFT,0,0.041,-1.300000000000182,-1.289999999999992,-0.5800000000000409,-1.2900000000000205,1.4699999999999989,0.13000000000000256,-0.013000000000000012,-0.4299999999999997
28.0,ENG-001,MIS-0001,CRUISE,61.45,6000.0,-14.95,2525.5,146.13,659.01,383.15,41.46,17.51,0.243,28.07,25.51,23.73,2520.7,145.31,669.56,384.36,41.7,17.52,0.264,23.84,SENSOR_DRIFT,0,0.048,4.800000000000182,0.8199999999999932,-10.549999999999955,-1.2100000000000364,-0.240000000000002,-0.00999999999999801,-0.02100000000000002,-0.10999999999999943
29.0,ENG-001,MIS-0001,CRUISE,59.35,6000.0,-14.94,2447.2,142.62,655.88,374.41,43.39,16.68,0.267,28.05,25.28,24.07,2461.7,143.41,658.6,378.04,41.76,17.06,0.262,23.78,SENSOR_DRIFT,1,0.054,-14.5,-0.789999999999992,-2.7200000000000273,-3.6299999999999955,1.6300000000000026,-0.379999999999999,0.0050000000000000044,0.28999999999999915
30.0,ENG-001,MIS-0001,CRUISE,59.99,6000.0,-14.1,2479.6,143.32,664.67,376.13,41.62,16.74,0.273,27.92,25.36,23.41,2479.8,143.99,661.97,379.98,41.81,17.2,0.263,23.8,SENSOR_DRIFT,1,0.062,-0.20000000000027285,-0.6700000000000159,2.699999999999932,-3.8500000000000227,-0.19000000000000483,-0.46000000000000085,0.010000000000000009,-0.39000000000000057
31.0,ENG-001,MIS-0001,CRUISE,58.01,6000.0,-13.69,2408.6,140.55,655.7,363.66,41.21,16.39,0.236,28.0,25.58,23.8,2424.4,142.21,651.67,374.04,41.86,16.76,0.261,23.74,SENSOR_DRIFT,1,0.071,-15.800000000000182,-1.6599999999999966,4.030000000000086,-10.379999999999995,-0.6499999999999986,-0.370000000000001,-0.025000000000000022,0.060000000000002274
32.0,ENG-001,MIS-0001,CRUISE,65.0,6000.0,-14.26,2599.9,147.96,693.88,392.27,42.73,18.15,0.251,28.13,25.55,23.59,2620.1,148.5,688.02,395.01,41.92,18.3,0.268,23.95,SENSOR_DRIFT,1,0.081,-20.199999999999818,-0.539999999999992,5.860000000000014,-2.740000000000009,0.8099999999999952,-0.15000000000000213,-0.017000000000000015,-0.35999999999999943
33.0,ENG-001,MIS-0001,CRUISE,61.0,6000.0,-14.52,2507.6,144.45,664.94,380.48,42.01,16.93,0.263,27.86,25.54,24.08,2508.0,144.9,667.2,383.0,41.98,17.42,0.264,23.83,SENSOR_DRIFT,1,0.092,-0.40000000000009095,-0.45000000000001705,-2.259999999999991,-2.519999999999982,0.030000000000001137,-0.490000000000002,-0.0010000000000000009,0.25
34.0,ENG-001,MIS-0001,CRUISE,62.3,6000.0,-15.0,2530.7,146.89,676.31,388.14,42.1,17.8,0.273,28.29,25.62,23.85,2544.3,146.07,673.94,386.89,42.03,17.7,0.265,23.87,SENSOR_DRIFT,1,0.105,-13.600000000000364,0.8199999999999932,2.369999999999891,1.25,0.07000000000000028,0.10000000000000142,0.008000000000000007,-0.019999999999999574
35.0,ENG-001,MIS-0001,CRUISE,63.8,6000.0,-13.51,2595.2,149.04,678.97,397.05,42.69,17.64,0.286,28.29,25.28,23.76,2586.3,147.42,681.74,391.39,42.09,18.04,0.267,23.91,SENSOR_DRIFT,1,0.119,8.899999999999636,1.6200000000000045,-2.769999999999982,5.660000000000025,0.5999999999999943,-0.3999999999999986,0.01899999999999996,-0.14999999999999858
36.0,ENG-001,MIS-0001,CRUISE,58.67,6000.0,-13.68,2435.0,143.61,653.56,381.47,42.22,16.91,0.266,28.28,25.36,23.74,2442.8,142.8,655.09,376.02,42.14,16.91,0.261,23.76,SENSOR_DRIFT,1,0.134,-7.800000000000182,0.8100000000000023,-1.5300000000000864,5.4500000000000455,0.0799999999999983,0.0,0.0050000000000000044,-0.020000000000003126
37.0,ENG-001,MIS-0001,CRUISE,60.32,6000.0,-13.54,2491.2,143.98,665.37,378.27,41.11,17.35,0.248,27.61,25.6,24.11,2488.9,144.29,663.65,380.95,42.2,17.27,0.263,23.81,SENSOR_DRIFT,1,0.15,2.299999999999727,-0.3100000000000023,1.7200000000000273,-2.680000000000007,-1.0900000000000034,0.08000000000000185,-0.015000000000000013,0.3000000000000007
38.0,ENG-001,MIS-0001,CRUISE,62.23,6000.0,-14.47,2534.3,147.57,677.94,391.48,41.52,17.52,0.285,28.15,25.77,24.04,2542.4,146.01,673.59,386.68,42.25,17.69,0.264,23.87,SENSOR_DRIFT,1,0.168,-8.099999999999909,1.5600000000000023,4.350000000000023,4.800000000000011,-0.7299999999999969,-0.1700000000000017,0.020999999999999963,0.16999999999999815
39.0,ENG-001,MIS-0001,CRUISE,59.77,6000.0,-14.01,2449.4,143.58,661.29,378.68,41.99,17.23,0.226,28.03,25.59,23.76,2473.4,143.79,660.78,379.3,42.31,17.15,0.261,23.79,SENSOR_DRIFT,1,0.188,-24.0,-0.20999999999997954,0.5099999999999909,-0.6200000000000045,-0.3200000000000003,0.08000000000000185,-0.035,-0.029999999999997584
40.0,ENG-001,MIS-0001,CRUISE,65.95,6000.0,-13.83,2642.0,148.04,692.13,390.71,43.42,18.38,0.292,28.08,25.46,24.18,2646.5,149.35,692.93,397.84,42.36,18.51,0.267,23.98,SENSOR_DRIFT,1,0.209,-4.5,-1.3100000000000023,-0.7999999999999545,-7.1299999999999955,1.0600000000000023,-0.13000000000000256,0.024999999999999967,0.1999999999999993
41.0,ENG-001,MIS-0001,CRUISE,64.48,6000.0,-14.24,2587.9,147.12,682.78,397.86,42.97,18.62,0.259,28.09,25.55,23.93,2605.4,148.03,685.29,393.44,42.42,18.19,0.265,23.93,SENSOR_DRIFT,1,0.23,-17.5,-0.9099999999999966,-2.509999999999991,4.420000000000016,0.5499999999999972,0.4299999999999997,-0.006000000000000005,0.0
42.0,ENG-001,MIS-0001,CRUISE,56.16,6000.0,-13.27,2365.5,140.42,646.47,364.12,41.9,17.05,0.247,28.17,25.58,23.57,2372.4,140.54,642.02,368.47,42.47,16.35,0.256,23.68,SENSOR_DRIFT,1,0.253,-6.900000000000091,-0.12000000000000455,4.4500000000000455,-4.350000000000023,-0.5700000000000003,0.6999999999999993,-0.009000000000000008,-0.10999999999999943
43.0,ENG-001,MIS-0001,CRUISE,60.32,6000.0,-13.65,2487.3,143.63,662.34,376.96,41.62,17.51,0.248,28.21,25.27,24.16,2488.9,144.28,663.64,380.95,42.53,17.27,0.26,23.81,SENSOR_DRIFT,1,0.277,-1.599999999999909,-0.6500000000000057,-1.2999999999999545,-3.990000000000009,-0.9100000000000037,0.240000000000002,-0.01200000000000001,0.3500000000000014
44.0,ENG-001,MIS-0001,CRUISE,59.38,6000.0,-13.33,2477.3,145.94,662.17,381.14,42.73,16.78,0.27,27.81,25.59,23.79,2462.7,143.44,658.79,378.15,42.58,17.06,0.259,23.78,SENSOR_DRIFT,1,0.302,14.600000000000364,2.5,3.3799999999999955,2.990000000000009,0.14999999999999858,-0.2799999999999976,0.01100000000000001,0.00999999999999801
45.0,ENG-001,MIS-0001,CRUISE,57.61,6000.0,-13.38,2434.3,145.29,650.31,370.83,41.79,16.5,0.299,27.88,25.66,23.51,2413.1,141.85,649.58,372.83,42.63,16.67,0.256,23.73,SENSOR_DRIFT,1,0.327,21.200000000000273,3.4399999999999977,0.7299999999999045,-2.0,-0.8400000000000034,-0.1700000000000017,0.04299999999999998,-0.21999999999999886
46.0,ENG-001,MIS-0001,CRUISE,56.28,6000.0,-14.48,2373.0,140.37,637.79,366.63,40.01,16.47,0.237,27.94,25.55,23.79,2376.0,140.66,642.68,368.85,42.68,16.38,0.254,23.69,SENSOR_DRIFT,1,0.352,-3.0,-0.28999999999999204,-4.889999999999986,-2.2200000000000273,-2.6700000000000017,0.08999999999999986,-0.017000000000000015,0.09999999999999787
47.0,ENG-001,MIS-0001,LOITER,41.67,6000.0,-13.09,1972.0,126.78,570.6,323.96,42.87,12.7,0.233,27.86,25.38,23.32,1966.7,127.5,566.66,325.0,42.73,13.17,0.238,23.25,SENSOR_DRIFT,1,0.377,5.2999999999999545,-0.7199999999999989,3.9400000000000546,-1.0400000000000205,0.14000000000000057,-0.47000000000000064,-0.004999999999999977,0.07000000000000028
48.0,ENG-001,MIS-0001,LOITER,49.05,6000.0,-13.32,2202.0,131.72,608.52,353.67,42.65,14.97,0.239,28.08,25.63,23.54,2173.4,134.14,605.06,347.15,42.77,14.79,0.245,23.47,SENSOR_DRIFT,1,0.401,28.59999999999991,-2.4199999999999875,3.4600000000000364,6.520000000000039,-0.12000000000000455,0.1800000000000015,-0.006000000000000005,0.07000000000000028
49.0,ENG-001,MIS-0001,LOITER,42.84,6000.0,-13.32,2007.3,128.14,568.18,328.31,43.12,13.73,0.201,27.56,25.76,23.27,1999.5,128.55,572.76,328.52,42.82,13.42,0.238,23.29,SENSOR_DRIFT,1,0.425,7.7999999999999545,-0.410000000000025,-4.580000000000041,-0.20999999999997954,0.29999999999999716,0.3100000000000005,-0.03699999999999998,-0.019999999999999574
50.0,ENG-001,MIS-0001,LOITER,43.03,6000.0,-13.57,2019.0,129.59,571.48,334.94,42.93,13.44,0.22,27.98,25.3,23.49,2004.8,128.73,573.75,329.08,42.86,13.47,0.237,23.29,SENSOR_DRIFT,1,0.448,14.200000000000045,0.8600000000000136,-2.269999999999982,5.860000000000014,0.07000000000000028,-0.030000000000001137,-0.016999999999999987,0.1999999999999993
51.0,ENG-001,MIS-0001,LOITER,47.7,6000.0,-14.33,2133.5,133.38,601.79,350.68,43.71,14.34,0.243,28.28,25.3,23.42,2135.6,132.93,598.04,343.1,42.91,14.49,0.241,23.43,SENSOR_DRIFT,1,0.47,-2.099999999999909,0.44999999999998863,3.75,7.579999999999984,0.8000000000000043,-0.15000000000000036,0.0020000000000000018,-0.00999999999999801
52.0,ENG-001,MIS-0001,LOITER,49.81,6000.0,-14.03,2176.9,136.46,607.07,358.38,43.35,14.88,0.225,27.84,25.52,23.25,2194.6,134.83,609.0,349.43,42.96,14.96,0.243,23.49,SENSOR_DRIFT,1,0.491,-17.699999999999818,1.6299999999999955,-1.92999999999995,8.949999999999989,0.39000000000000057,-0.08000000000000007,-0.017999999999999988,-0.23999999999999844
53.0,ENG-001,MIS-0001,LOITER,44.72,6000.0,-14.16,2034.3,129.83,577.15,333.54,42.37,14.14,0.246,28.15,25.56,23.37,2052.2,130.25,582.56,334.17,43.0,13.84,0.236,23.34,SENSOR_DRIFT,1,0.511,-17.899999999999864,-0.4199999999999875,-5.409999999999968,-0.6299999999999955,-0.6300000000000026,0.3000000000000007,0.010000000000000009,0.030000000000001137
54.0,ENG-001,MIS-0001,LOITER,44.33,6000.0,-14.32,2047.8,128.59,581.44,335.37,43.69,13.57,0.241,27.82,25.33,23.45,2041.3,129.9,580.53,333.0,43.05,13.75,0.235,23.33,SENSOR_DRIFT,1,0.529,6.5,-1.3100000000000023,0.9100000000000819,2.3700000000000045,0.6400000000000006,-0.17999999999999972,0.006000000000000005,0.120000000000001
55.0,ENG-001,MIS-0001,LOITER,44.41,6000.0,-14.45,2031.9,128.19,581.51,334.63,43.07,13.77,0.236,28.16,25.55,23.38,2043.5,129.97,580.94,333.23,43.09,13.77,0.234,23.33,SENSOR_DRIFT,1,0.545,-11.599999999999909,-1.7800000000000011,0.5699999999999363,1.3999999999999773,-0.020000000000003126,0.0,0.001999999999999974,0.05000000000000071
56.0,ENG-001,MIS-0001,DESCENT,24.77,6000.0,-12.76,1527.7,111.82,474.94,271.06,44.4,9.49,0.206,28.01,25.6,22.33,1493.6,112.3,478.82,274.32,43.12,9.45,0.213,22.74,SENSOR_DRIFT,1,0.56,34.100000000000136,-0.480000000000004,-3.8799999999999955,-3.259999999999991,1.2800000000000011,0.040000000000000924,-0.007000000000000006,-0.41000000000000014
57.0,ENG-001,MIS-0001,DESCENT,30.29,6000.0,-13.64,1642.2,116.93,510.25,294.59,43.43,10.55,0.24,27.86,25.44,23.05,1648.2,117.26,507.52,290.88,43.16,10.66,0.218,22.91,SENSOR_DRIFT,1,0.574,-6.0,-0.3299999999999983,2.730000000000018,3.7099999999999795,0.2700000000000031,-0.10999999999999943,0.021999999999999992,0.14000000000000057
58.0,ENG-001,MIS-0001,DESCENT,33.16,6000.0,-14.4,1742.4,121.22,523.72,302.21,42.72,11.36,0.228,27.94,25.58,23.3,1728.5,119.84,522.44,299.48,43.2,11.3,0.22,22.99,SENSOR_DRIFT,1,0.587,13.900000000000091,1.3799999999999955,1.2799999999999727,2.7299999999999613,-0.480000000000004,0.05999999999999872,0.008000000000000007,0.3100000000000023
59.0,ENG-001,MIS-0001,DESCENT,31.03,6000.0,-15.16,1670.7,117.93,514.7,288.07,42.83,10.33,0.219,27.9,25.6,22.92,1668.9,117.93,511.37,293.1,43.24,10.83,0.216,22.93,SENSOR_DRIFT,1,0.598,1.7999999999999545,0.0,3.330000000000041,-5.03000000000003,-0.4100000000000037,-0.5,0.0030000000000000027,-0.00999999999999801
60.0,ENG-001,MIS-0001,DESCENT,30.38,6000.0,-13.61,1641.9,116.47,507.77,291.45,43.05,10.8,0.218,27.66,25.3,22.76,1650.7,117.34,507.99,291.15,43.27,10.68,0.215,22.91,SENSOR_DRIFT,1,0.608,-8.799999999999955,-0.8700000000000045,-0.22000000000002728,0.30000000000001137,-0.22000000000000597,0.120000000000001,0.0030000000000000027,-0.14999999999999858
61.0,ENG-001,MIS-0001,DESCENT,29.99,6000.0,-13.16,1623.0,116.77,505.3,298.16,43.09,11.14,0.24,28.18,25.49,23.03,1639.6,116.99,505.93,289.96,43.31,10.6,0.213,22.9,SENSOR_DRIFT,1,0.617,-16.59999999999991,-0.21999999999999886,-0.6299999999999955,8.200000000000045,-0.21999999999999886,0.5400000000000009,0.026999999999999996,0.13000000000000256
62.0,ENG-001,MIS-0001,DESCENT,30.01,6000.0,-14.36,1633.1,117.96,497.7,290.0,43.5,10.6,0.209,28.07,25.56,23.0,1640.4,117.01,506.07,290.04,43.34,10.6,0.212,22.9,SENSOR_DRIFT,1,0.625,-7.300000000000182,0.9499999999999886,-8.370000000000005,-0.040000000000020464,0.1599999999999966,0.0,-0.0030000000000000027,0.10000000000000142
63.0,ENG-001,MIS-0001,LANDING,19.97,6000.0,-14.22,1372.3,108.72,455.72,260.09,43.24,8.65,0.166,27.61,25.56,22.83,1359.0,107.97,453.82,259.9,43.38,8.39,0.201,22.6,SENSOR_DRIFT,1,0.632,13.299999999999955,0.75,1.900000000000034,0.18999999999999773,-0.14000000000000057,0.2599999999999998,-0.035,0.22999999999999687
64.0,ENG-001,MIS-0001,LANDING,23.04,6000.0,-14.55,1443.5,109.74,474.68,268.41,43.36,8.98,0.188,28.13,25.65,23.1,1445.2,110.74,469.83,269.13,43.41,9.07,0.203,22.69,SENSOR_DRIFT,1,0.638,-1.7000000000000455,-1.0,4.850000000000023,-0.7199999999999704,-0.04999999999999716,-0.08999999999999986,-0.015000000000000013,0.41000000000000014
0.0,ENG-002,MIS-0002,TAXI,13.14,0.0,25.19,1161.8,103.7,427.09,244.7,40.89,6.81,0.178,28.15,25.34,22.26,1167.9,104.94,424.54,239.41,40.03,6.89,0.194,22.39,LUBRICATION_ISSUE,0,0.0,-6.100000000000136,-1.2399999999999949,2.5499999999999545,5.289999999999992,0.8599999999999994,-0.08000000000000007,-0.016000000000000014,-0.129999999999999
1.0,ENG-002,MIS-0002,TAXI,15.8,0.0,25.25,1226.1,106.24,439.94,246.22,39.95,7.65,0.161,28.16,25.61,22.29,1242.4,107.37,438.47,247.4,40.06,7.48,0.198,22.47,LUBRICATION_ISSUE,0,0.0,-16.300000000000182,-1.1300000000000097,1.4699999999999704,-1.1800000000000068,-0.10999999999999943,0.16999999999999993,-0.037000000000000005,-0.17999999999999972
2.0,ENG-002,MIS-0002,TAXI,18.66,0.0,25.8,1318.8,112.34,453.66,253.69,40.97,8.58,0.186,28.13,25.62,22.56,1322.5,110.28,453.99,255.98,40.09,8.11,0.202,22.56,LUBRICATION_ISSUE,0,0.0,-3.7000000000000455,2.0600000000000023,-0.3299999999999841,-2.289999999999992,0.8799999999999955,0.47000000000000064,-0.016000000000000014,0.0
3.0,ENG-002,MIS-0002,TAKEOFF,90.23,2920.6,6.03,3329.6,169.2,817.92,473.48,39.61,23.87,0.33,27.93,25.63,24.72,3326.4,171.21,819.19,470.68,40.16,23.85,0.278,24.71,LUBRICATION_ISSUE,0,0.0,3.199999999999818,-2.0100000000000193,-1.2700000000000955,2.8000000000000114,-0.5499999999999972,0.019999999999999574,0.05199999999999999,0.00999999999999801
4.0,ENG-002,MIS-0002,TAKEOFF,92.36,3227.5,3.85,3373.1,174.27,829.02,470.71,38.77,24.28,0.244,28.03,25.46,25.12,3386.0,173.12,830.26,477.08,40.24,24.32,0.281,24.77,LUBRICATION_ISSUE,0,0.0,-12.900000000000091,1.1500000000000057,-1.240000000000009,-6.3700000000000045,-1.4699999999999989,-0.03999999999999915,-0.03700000000000003,0.3500000000000014
5.0,ENG-002,MIS-0002,TAKEOFF,94.97,3534.3,1.75,3460.5,176.16,839.69,485.16,39.22,25.11,0.27,27.71,25.41,25.24,3459.2,175.47,843.85,484.91,40.31,24.89,0.285,24.85,LUBRICATION_ISSUE,0,0.0,1.300000000000182,0.6899999999999977,-4.159999999999968,0.25,-1.0900000000000034,0.21999999999999886,-0.014999999999999958,0.389999999999997
6.0,ENG-002,MIS-0002,CLIMB,80.8,3841.2,0.17,3036.9,164.4,774.59,444.66,40.22,21.85,0.273,28.13,25.49,24.37,3062.3,162.72,770.14,442.39,40.38,21.77,0.271,24.42,LUBRICATION_ISSUE,0,0.0,-25.40000000000009,1.6800000000000068,4.4500000000000455,2.2700000000000387,-0.1600000000000037,0.08000000000000185,0.0020000000000000018,-0.05000000000000071
7.0,ENG-002,MIS-0002,CLIMB,84.47,4148.1,-1.59,3143.2,167.44,795.99,451.54,40.34,22.61,0.272,27.92,25.6,24.65,3165.1,166.02,789.24,453.41,40.45,22.58,0.276,24.53,LUBRICATION_ISSUE,0,0.0,-21.90000000000009,1.4199999999999875,6.75,-1.8700000000000045,-0.10999999999999943,0.030000000000001137,-0.0040000000000000036,0.11999999999999744
8.0,ENG-002,MIS-0002,CLIMB,83.86,4454.9,-4.74,3155.0,165.28,786.59,441.44,41.25,23.07,0.24,27.97,25.7,24.33,3148.0,165.47,786.06,451.57,40.52,22.45,0.276,24.52,LUBRICATION_ISSUE,0,0.0,7.0,-0.18999999999999773,0.5300000000000864,-10.129999999999995,0.7299999999999969,0.620000000000001,-0.03600000000000003,-0.19000000000000128
9.0,ENG-002,MIS-0002,CLIMB,86.9,4761.8,-4.93,3239.9,167.08,799.11,464.53,40.36,23.63,0.28,27.9,25.37,24.23,3233.1,168.21,801.86,460.69,40.59,23.12,0.28,24.61,LUBRICATION_ISSUE,0,0.0,6.800000000000182,-1.1299999999999955,-2.75,3.839999999999975,-0.23000000000000398,0.509999999999998,0.0,-0.379999999999999
10.0,ENG-002,MIS-0002,CLIMB,86.77,5068.7,-7.85,3231.3,169.32,802.64,463.88,40.17,23.11,0.278,28.12,25.46,24.12,3229.5,168.09,801.2,460.31,40.67,23.09,0.281,24.6,LUBRICATION_ISSUE,0,0.0,1.800000000000182,1.2299999999999898,1.4399999999999409,3.569999999999993,-0.5,0.019999999999999574,-0.0030000000000000027,-0.4800000000000004
11.0,ENG-002,MIS-0002,CLIMB,83.25,5375.5,-10.11,3126.3,164.84,781.28,455.34,40.64,22.09,0.282,27.99,25.53,24.76,3130.9,164.92,782.88,449.74,40.74,22.31,0.278,24.5,LUBRICATION_ISSUE,0,0.0,-4.599999999999909,-0.07999999999998408,-1.6000000000000227,5.599999999999966,-0.10000000000000142,-0.21999999999999886,0.003999999999999948,0.26000000000000156
12.0,ENG-002,MIS-0002,CLIMB,89.86,5682.4,-11.57,3328.8,169.64,819.32,474.93,40.64,23.54,0.278,27.76,25.62,24.27,3316.1,170.87,817.27,469.58,40.81,23.77,0.286,24.7,LUBRICATION_ISSUE,0,0.0,12.700000000000273,-1.2300000000000182,2.050000000000068,5.350000000000023,-0.1700000000000017,-0.23000000000000043,-0.007999999999999952,-0.4299999999999997
13.0,ENG-002,MIS-0002,CLIMB,91.23,5989.3,-13.79,3346.6,171.76,823.77,469.28,39.94,24.26,0.258,28.25,25.8,24.42,3354.4,172.11,824.39,473.68,40.88,24.07,0.288,24.74,LUBRICATION_ISSUE,0,0.0,-7.800000000000182,-0.35000000000002274,-0.6200000000000045,-4.400000000000034,-0.9400000000000048,0.19000000000000128,-0.02999999999999997,-0.31999999999999673
14.0,ENG-002,MIS-0002,CRUISE,58.78,6000.0,-14.58,2449.0,143.35,654.06,380.61,40.54,16.71,0.255,28.17,25.5,23.89,2445.9,142.91,655.67,376.35,40.94,16.93,0.255,23.76,LUBRICATION_ISSUE,0,0.0,3.099999999999909,0.4399999999999977,-1.6100000000000136,4.259999999999991,-0.3999999999999986,-0.21999999999999886,0.0,0.129999999999999
15.0,ENG-002,MIS-0002,CRUISE,61.11,6000.0,-13.26,2505.5,145.66,660.55,381.66,39.94,17.96,0.201,27.89,25.43,23.8,2511.2,145.0,667.79,383.34,40.99,17.45,0.258,23.83,LUBRICATION_ISSUE,0,0.0,-5.699999999999818,0.6599999999999966,-7.240000000000009,-1.67999999999995,-1.0500000000000043,0.5100000000000016,-0.056999999999999995,-0.029999999999997584
16.0,ENG-002,MIS-0002,CRUISE,55.34,6000.0,-13.78,2350.8,138.55,640.73,361.36,41.14,16.39,0.251,28.12,25.68,23.76,2349.5,139.8,637.76,366.02,41.05,16.17,0.252,23.66,LUBRICATION_ISSUE,0,0.0,1.300000000000182,-1.25,2.9700000000000273,-4.659999999999968,0.09000000000000341,0.21999999999999886,-0.0010000000000000009,0.10000000000000142
17.0,ENG-002,MIS-0002,CRUISE,61.32,6000.0,-13.81,2522.9,144.68,662.72,383.85,41.13,17.6,0.29,27.98,25.54,23.77,2516.9,145.19,668.86,383.96,41.1,17.49,0.259,23.84,LUBRICATION_ISSUE,0,0.0,6.0,-0.5099999999999909,-6.139999999999986,-0.1099999999999568,0.030000000000001137,0.11000000000000298,0.030999999999999972,-0.07000000000000028
18.0,ENG-002,MIS-0002,CRUISE,66.86,6000.0,-14.06,2638.8,150.32,691.7,403.45,41.42,19.05,0.277,28.04,25.64,23.89,2672.0,150.17,697.66,400.57,41.16,18.71,0.266,24.01,LUBRICATION_ISSUE,0,0.0,-33.19999999999982,0.15000000000000568,-5.959999999999923,2.8799999999999955,0.2600000000000051,0.33999999999999986,0.01100000000000001,-0.120000000000001
19.0,ENG-002,MIS-0002,CRUISE,55.84,6000.0,-13.94,2378.1,140.11,641.76,365.83,40.64,16.11,0.299,28.23,25.69,23.65,2363.5,140.26,640.37,367.52,41.21,16.28,0.255,23.68,LUBRICATION_ISSUE,0,0.0,14.599999999999909,-0.14999999999997726,1.3899999999999864,-1.6899999999999977,-0.5700000000000003,-0.1700000000000017,0.043999999999999984,-0.030000000000001137
20.0,ENG-002,MIS-0002,CRUISE,63.57,6000.0,-13.93,2583.3,147.89,692.42,388.95,39.83,18.28,0.268,27.84,25.58,24.26,2580.0,147.21,680.57,390.71,41.27,17.99,0.264,23.91,LUBRICATION_ISSUE,0,0.0,3.300000000000182,0.6799999999999784,11.849999999999909,-1.759999999999991,-1.4400000000000048,0.2900000000000027,0.0040000000000000036,0.3500000000000014
21.0,ENG-002,MIS-0002,CRUISE,64.95,6000.0,-14.59,2626.0,147.83,686.16,390.06,40.56,17.73,0.29,28.09,25.49,24.21,2618.7,148.46,687.75,394.86,41.33,18.29,0.266,23.95,LUBRICATION_ISSUE,0,0.0,7.300000000000182,-0.6299999999999955,-1.5900000000000318,-4.800000000000011,-0.769999999999996,-0.5599999999999987,0.023999999999999966,0.26000000000000156
22.0,ENG-002,MIS-0002,CRUISE,62.34,6000.0,-13.76,2535.4,147.9,661.11,385.26,41.33,18.2,0.275,28.01,25.22,24.07,2545.4,146.1,674.14,387.01,41.38,17.71,0.263,23.87,LUBRICATION_ISSUE,0,0.0,-10.0,1.8000000000000114,-13.029999999999973,-1.75,-0.05000000000000426,0.48999999999999844,0.01200000000000001,0.1999999999999993
23.0,ENG-002,MIS-0002,CRUISE,63.65,6000.0,-13.9,2571.4,145.02,673.09,389.69,40.61,18.09,0.283,28.12,25.1,24.19,2582.2,147.29,680.98,390.95,41.44,18.0,0.265,23.91,LUBRICATION_ISSUE,0,0.0,-10.799999999999727,-2.269999999999982,-7.889999999999986,-1.259999999999991,-0.8299999999999983,0.08999999999999986,0.01799999999999996,0.28000000000000114
24.0,ENG-002,MIS-0002,CRUISE,58.02,6000.0,-13.82,2423.5,141.59,646.55,372.62,41.31,16.42,0.265,27.86,25.54,23.72,2424.7,142.22,651.73,374.07,41.49,16.77,0.26,23.74,LUBRICATION_ISSUE,0,0.0,-1.199999999999818,-0.6299999999999955,-5.180000000000064,-1.4499999999999886,-0.17999999999999972,-0.34999999999999787,0.0050000000000000044,-0.019999999999999574
25.0,ENG-002,MIS-0002,CRUISE,59.48,6000.0,-13.54,2471.3,143.01,666.51,375.37,43.05,16.9,0.28,27.98,25.54,23.76,2465.6,143.54,659.32,378.45,41.55,17.09,0.261,23.78,LUBRICATION_ISSUE,0,0.0,5.700000000000273,-0.5300000000000011,7.189999999999941,-3.079999999999984,1.5,-0.19000000000000128,0.019000000000000017,-0.019999999999999574
26.0,ENG-002,MIS-0002,CRUISE,67.57,6000.0,-14.03,2689.0,150.39,698.94,400.85,42.63,18.9,0.295,28.08,25.71,24.02,2691.8,150.81,701.34,402.7,41.61,18.86,0.27,24.03,LUBRICATION_ISSUE,0,0.039,-2.800000000000182,-0.4200000000000159,-2.3999999999999773,-1.849999999999966,1.0200000000000031,0.03999999999999915,0.024999999999999967,-0.010000000000001563
27.0,ENG-002,MIS-0002,CRUISE,66.03,6000.0,-14.43,2689.0,149.28,697.32,394.72,44.03,18.89,0.273,27.87,25.56,23.77,2648.8,149.42,693.34,398.08,41.67,18.53,0.269,23.98,LUBRICATION_ISSUE,0,0.049,40.19999999999982,-0.13999999999998636,3.980000000000018,-3.359999999999957,2.3599999999999994,0.35999999999999943,0.0040000000000000036,-0.21000000000000085
28.0,ENG-002,MIS-0002,CRUISE,62.62,6000.0,-15.04,2536.2,147.22,678.58,384.45,41.79,,0.285,28.08,25.31,23.9,2553.4,146.36,675.64,387.87,41.72,17.78,0.265,23.88,LUBRICATION_ISSUE,1,0.06,-17.200000000000273,0.8599999999999852,2.9400000000000546,-3.420000000000016,0.07000000000000028,,0.019999999999999962,0.019999999999999574
29.0,ENG-002,MIS-0002,CRUISE,57.76,6000.0,-15.2,2405.0,141.58,649.06,369.33,42.89,16.52,0.242,28.11,25.6,23.84,2417.2,141.98,650.33,373.27,41.78,16.71,0.26,23.73,LUBRICATION_ISSUE,1,0.074,-12.199999999999818,-0.39999999999997726,-1.2700000000000955,-3.9399999999999977,1.1099999999999994,-0.19000000000000128,-0.018000000000000016,0.10999999999999943
30.0,ENG-002,MIS-0002,CRUISE,62.27,6000.0,-13.13,2553.5,145.82,675.19,377.27,43.37,18.08,0.273,27.92,25.63,23.81,2543.6,146.05,673.82,386.82,41.83,17.7,0.265,23.87,LUBRICATION_ISSUE,1,0.091,9.900000000000091,-0.2300000000000182,1.3700000000000045,-9.550000000000011,1.5399999999999991,0.379999999999999,0.008000000000000007,-0.060000000000002274
31.0,ENG-002,MIS-0002,CRUISE,60.13,6000.0,-13.25,2474.3,144.44,657.28,367.09,44.07,16.98,0.285,27.86,25.58,24.04,2483.5,144.11,662.65,380.38,41.89,17.23,0.263,23.8,LUBRICATION_ISSUE,1,0.112,-9.199999999999818,0.3299999999999841,-5.3700000000000045,-13.29000000000002,2.1799999999999997,-0.25,0.021999999999999964,0.23999999999999844
32.0,ENG-002,MIS-0002,CRUISE,56.43,6000.0,-14.45,2379.2,141.38,636.71,357.93,47.51,15.74,0.266,28.4,25.28,23.39,2380.1,140.79,643.45,369.3,41.94,16.42,0.259,23.69,LUBRICATION_ISSUE,1,0.136,-0.900000000000091,0.5900000000000034,-6.740000000000009,-11.370000000000005,5.57,-0.6800000000000015,0.007000000000000006,-0.3000000000000007
33.0,ENG-002,MIS-0002,CRUISE,66.96,6000.0,-13.61,2664.1,147.26,700.08,380.51,46.18,19.05,0.27,28.32,25.53,24.17,2674.8,150.26,698.19,400.88,42.0,18.73,0.27,24.01,LUBRICATION_ISSUE,1,0.164,-10.700000000000273,-3.0,1.8899999999999864,-20.370000000000005,4.18,0.3200000000000003,0.0,0.16000000000000014
34.0,ENG-002,MIS-0002,CRUISE,57.19,6000.0,-14.08,2384.4,141.89,649.98,355.09,46.8,17.12,0.216,27.9,25.37,23.9,2401.3,141.47,647.38,371.56,42.05,16.58,0.26,23.72,LUBRICATION_ISSUE,1,0.196,-16.90000000000009,0.4199999999999875,2.6000000000000227,-16.470000000000027,4.75,0.5400000000000027,-0.04400000000000001,0.17999999999999972
35.0,ENG-002,MIS-0002,CRUISE,64.46,6000.0,-13.37,2596.7,147.4,690.37,373.27,46.79,18.2,0.237,27.9,25.44,23.81,2604.8,148.01,685.18,393.37,42.11,18.18,0.267,23.93,LUBRICATION_ISSUE,1,0.232,-8.100000000000364,-0.6099999999999852,5.190000000000055,-20.100000000000023,4.68,0.019999999999999574,-0.030000000000000027,-0.120000000000001
36.0,ENG-002,MIS-0002,CRUISE,59.14,6000.0,-13.96,2455.5,143.03,653.35,355.2,48.36,17.05,0.24,27.94,25.31,23.84,2456.0,143.23,657.54,377.42,42.16,17.01,0.262,23.77,LUBRICATION_ISSUE,1,0.272,-0.5,-0.19999999999998863,-4.189999999999941,-22.220000000000027,6.200000000000003,0.03999999999999915,-0.02200000000000002,0.07000000000000028
37.0,ENG-002,MIS-0002,LOITER,45.65,6000.0,-13.26,2071.6,131.19,584.71,304.86,47.36,14.29,0.291,27.94,25.46,23.73,2078.1,131.08,587.36,336.94,42.21,14.04,0.247,23.37,LUBRICATION_ISSUE,1,0.315,-6.5,0.10999999999998522,-2.6499999999999773,-32.079999999999984,5.149999999999999,0.25,0.043999999999999984,0.35999999999999943
38.0,ENG-002,MIS-0002,LOITER,43.94,6000.0,-13.97,2006.3,129.79,574.75,304.92,49.77,13.07,0.208,28.0,25.27,23.32,2030.3,129.55,578.49,331.82,42.25,13.67,0.245,23.32,LUBRICATION_ISSUE,1,0.361,-24.0,0.23999999999998067,-3.740000000000009,-26.899999999999977,7.520000000000003,-0.5999999999999996,-0.037000000000000005,0.0
39.0,ENG-002,MIS-0002,LOITER,46.83,6000.0,-13.87,2117.4,131.0,593.23,302.24,50.48,14.04,0.245,27.81,25.36,23.28,2111.2,132.15,593.51,340.49,42.3,14.3,0.248,23.4,LUBRICATION_ISSUE,1,0.408,6.200000000000273,-1.1500000000000057,-0.2799999999999727,-38.25,8.18,-0.26000000000000156,-0.0030000000000000027,-0.11999999999999744
40.0,ENG-002,MIS-0002,LOITER,43.96,6000.0,-13.99,2050.6,130.86,571.49,290.82,49.8,14.03,0.242,28.02,25.51,23.2,2031.0,129.57,578.61,331.89,42.34,13.67,0.244,23.32,LUBRICATION_ISSUE,1,0.455,19.59999999999991,1.2900000000000205,-7.1200000000000045,-41.06999999999999,7.459999999999994,0.35999999999999943,-0.0020000000000000018,-0.120000000000001
41.0,ENG-002,MIS-0002,LOITER,50.47,6000.0,-14.54,2203.3,134.35,604.86,310.35,52.49,14.81,0.24,28.04,25.55,23.42,2213.0,135.42,612.42,351.4,42.39,15.1,0.251,23.51,LUBRICATION_ISSUE,1,0.5,-9.699999999999818,-1.0699999999999932,-7.559999999999945,-41.049999999999955,10.100000000000001,-0.28999999999999915,-0.01100000000000001,-0.08999999999999986
42.0,ENG-002,MIS-0002,LOITER,38.97,6000.0,-14.07,1899.6,124.48,551.7,264.83,53.87,12.35,0.264,27.92,25.3,23.31,1891.3,125.08,552.66,316.92,42.43,12.57,0.238,23.17,LUBRICATION_ISSUE,1,0.544,8.299999999999955,-0.5999999999999943,-0.9599999999999227,-52.09000000000003,11.439999999999998,-0.22000000000000064,0.026000000000000023,0.13999999999999702
43.0,ENG-002,MIS-0002,LOITER,45.37,6000.0,-13.43,2092.3,131.6,589.5,284.53,55.07,14.33,0.247,28.17,25.18,23.51,2070.3,130.83,585.9,336.1,42.48,13.98,0.244,23.36,LUBRICATION_ISSUE,1,0.584,22.0,0.7699999999999818,3.6000000000000227,-51.57000000000005,12.590000000000003,0.34999999999999964,0.0030000000000000027,0.15000000000000213
44.0,ENG-002,MIS-0002,LOITER,46.41,6000.0,-13.85,2077.7,132.43,592.97,281.44,54.97,14.15,0.255,28.08,25.22,23.35,2099.5,131.77,591.34,339.23,42.53,14.21,0.245,23.39,LUBRICATION_ISSUE,1,0.621,-21.800000000000182,0.6599999999999966,1.6299999999999955,-57.79000000000002,12.439999999999998,-0.0600000000000005,0.010000000000000009,-0.03999999999999915
45.0,ENG-002,MIS-0002,DESCENT,32.13,6000.0,-13.66,1705.9,118.59,515.83,241.03,54.44,10.94,0.249,28.02,25.49,22.89,1699.7,118.92,517.08,296.39,42.56,11.07,0.229,22.96,LUBRICATION_ISSUE,1,0.654,6.2000000000000455,-0.3299999999999983,-1.25,-55.359999999999985,11.879999999999995,-0.13000000000000078,0.01999999999999999,-0.07000000000000028
46.0,ENG-002,MIS-0002,DESCENT,22.67,6000.0,-15.15,1444.0,112.04,469.32,203.82,55.32,9.71,0.224,27.81,25.43,23.02,1434.7,110.4,467.87,268.0,42.6,8.99,0.219,22.68,LUBRICATION_ISSUE,1,0.682,9.299999999999955,1.6400000000000006,1.4499999999999886,-64.18,12.719999999999999,0.7200000000000006,0.0050000000000000044,0.33999999999999986
47.0,ENG-002,MIS-0002,DESCENT,29.42,6000.0,-14.36,1637.1,114.58,510.99,230.8,56.91,10.94,0.236,28.05,25.3,22.99,1623.7,116.47,502.96,288.25,42.63,10.47,0.225,22.88,LUBRICATION_ISSUE,1,0.707,13.399999999999864,-1.8900000000000006,8.03000000000003,-57.44999999999999,14.279999999999994,0.46999999999999886,0.010999999999999982,0.10999999999999943
48.0,ENG-002,MIS-0002,DESCENT,25.72,6000.0,-14.96,1532.5,113.73,492.37,210.84,56.93,9.77,0.224,28.04,25.15,22.69,1520.1,113.14,483.73,277.15,42.67,9.66,0.221,22.77,LUBRICATION_ISSUE,1,0.727,12.400000000000091,0.5900000000000034,8.639999999999986,-66.30999999999997,14.259999999999998,0.10999999999999943,0.0030000000000000027,-0.0799999999999983
49.0,ENG-002,MIS-0002,DESCENT,33.2,6000.0,-14.36,1726.6,122.69,521.34,236.15,59.38,11.37,0.216,28.07,25.83,22.66,1729.7,119.88,522.65,299.61,42.7,11.3,0.228,23.0,LUBRICATION_ISSUE,1,0.745,-3.1000000000001364,2.8100000000000023,-1.3099999999999454,-63.46000000000001,16.68,0.06999999999999851,-0.01200000000000001,-0.33999999999999986
50.0,ENG-002,MIS-0002,LANDING,24.32,6000.0,-14.18,1477.9,112.23,476.99,208.28,58.18,9.11,0.195,27.99,25.63,22.84,1481.0,111.89,476.48,272.97,42.74,9.35,0.218,22.73,LUBRICATION_ISSUE,1,0.759,-3.099999999999909,0.3400000000000034,0.5099999999999909,-64.69000000000003,15.439999999999998,-0.2400000000000002,-0.022999999999999993,0.10999999999999943
51.0,ENG-002,MIS-0002,LANDING,21.12,6000.0,-14.65,1393.7,106.83,461.56,201.98,59.13,8.47,0.216,28.07,25.64,22.51,1391.4,109.01,459.84,263.37,42.77,8.65,0.213,22.63,LUBRICATION_ISSUE,1,0.771,2.2999999999999545,-2.180000000000007,1.7200000000000273,-61.390000000000015,16.36,-0.17999999999999972,0.0030000000000000027,-0.11999999999999744
0.0,ENG-003,MIS-0003,TAXI,18.58,0.0,39.52,1328.3,119.86,469.43,263.12,39.64,8.02,0.176,28.16,25.55,22.67,1320.1,118.43,470.02,255.73,40.03,8.09,0.2,22.56,COMBUSTION_INSTABILITY,0,0.0,8.200000000000045,1.4299999999999926,-0.589999999999975,7.390000000000015,-0.39000000000000057,-0.07000000000000028,-0.02400000000000002,0.11000000000000298
1.0,ENG-003,MIS-0003,TAXI,18.7,0.0,39.26,1324.9,118.85,475.52,255.98,40.29,7.63,0.2,27.99,25.45,22.58,1323.5,118.38,470.33,256.09,40.06,8.11,0.201,22.56,COMBUSTION_INSTABILITY,0,0.0,1.400000000000091,0.46999999999999886,5.189999999999998,-0.10999999999998522,0.22999999999999687,-0.47999999999999954,-0.0010000000000000009,0.019999999999999574
2.0,ENG-003,MIS-0003,TAXI,14.0,0.0,40.19,1172.0,114.94,447.62,245.02,40.61,7.3,0.182,28.1,25.49,22.55,1192.0,114.72,447.03,242.0,40.09,7.08,0.197,22.42,COMBUSTION_INSTABILITY,0,0.0,-20.0,0.21999999999999886,0.5900000000000318,3.0200000000000102,0.519999999999996,0.21999999999999975,-0.015000000000000013,0.129999999999999
3.0,ENG-003,MIS-0003,TAKEOFF,97.37,2836.8,20.93,3515.6,179.13,856.74,487.87,39.13,25.34,0.268,27.77,25.56,24.99,3526.4,178.19,857.46,492.12,40.17,25.42,0.285,24.92,COMBUSTION_INSTABILITY,0,0.0,-10.800000000000182,0.9399999999999977,-0.7200000000000273,-4.25,-1.0399999999999991,-0.08000000000000185,-0.01699999999999996,0.06999999999999673
4.0,ENG-003,MIS-0003,TAKEOFF,92.28,3115.8,20.2,3397.8,173.89,829.94,474.36,40.79,24.59,0.264,28.03,25.42,24.86,3384.0,173.17,830.11,476.85,40.24,24.3,0.281,24.77,COMBUSTION_INSTABILITY,0,0.0,13.800000000000182,0.7199999999999989,-0.16999999999995907,-2.490000000000009,0.5499999999999972,0.28999999999999915,-0.017000000000000015,0.08999999999999986
5.0,ENG-003,MIS-0003,TAKEOFF,97.22,3394.7,17.06,3517.7,178.67,850.29,495.08,40.2,25.83,0.267,28.04,25.37,24.57,3522.3,177.5,855.57,491.67,40.32,25.39,0.287,24.92,COMBUSTION_INSTABILITY,0,0.0,-4.600000000000364,1.1699999999999875,-5.280000000000086,3.409999999999968,-0.11999999999999744,0.4399999999999977,-0.019999999999999962,-0.3500000000000014
6.0,ENG-003,MIS-0003,CLIMB,79.85,3673.6,15.67,3018.2,161.87,759.53,448.84,40.81,22.01,0.278,27.82,25.78,24.49,3035.8,161.86,765.22,439.55,40.39,21.57,0.27,24.4,COMBUSTION_INSTABILITY,0,0.0,-17.600000000000364,0.009999999999990905,-5.690000000000055,9.289999999999964,0.4200000000000017,0.4400000000000013,0.008000000000000007,0.08999999999999986
7.0,ENG-003,MIS-0003,CLIMB,87.67,3952.6,14.71,3248.0,169.89,807.79,458.99,40.48,23.18,0.264,28.04,25.4,24.97,3254.7,168.9,805.88,463.01,40.46,23.29,0.279,24.63,COMBUSTION_INSTABILITY,0,0.0,-6.699999999999818,0.9899999999999807,1.9099999999999682,-4.019999999999982,0.01999999999999602,-0.10999999999999943,-0.015000000000000013,0.33999999999999986
8.0,ENG-003,MIS-0003,CLIMB,88.87,4231.5,12.08,3305.0,168.85,810.39,465.13,41.09,24.24,0.244,27.78,25.51,24.88,3288.4,169.99,812.14,466.62,40.53,23.55,0.281,24.67,COMBUSTION_INSTABILITY,0,0.0,16.59999999999991,-1.1400000000000148,-1.75,-1.490000000000009,0.5600000000000023,0.6899999999999977,-0.03700000000000003,0.2099999999999973
9.0,ENG-003,MIS-0003,CLIMB,88.66,4510.5,10.5,3289.7,170.85,803.72,463.39,38.79,23.79,0.278,27.88,25.53,24.92,3282.6,169.8,811.05,465.99,40.61,23.51,0.282,24.66,COMBUSTION_INSTABILITY,0,0.0,7.099999999999909,1.049999999999983,-7.329999999999927,-2.6000000000000227,-1.8200000000000003,0.2799999999999976,-0.003999999999999948,0.26000000000000156
10.0,ENG-003,MIS-0003,CLIMB,82.07,4789.4,8.28,3097.9,165.36,783.21,446.68,40.34,21.35,0.293,28.12,25.4,24.41,3098.0,163.87,776.78,446.22,40.68,22.06,0.276,24.46,COMBUSTION_INSTABILITY,0,0.0,-0.09999999999990905,1.490000000000009,6.430000000000064,0.45999999999997954,-0.3399999999999963,-0.7099999999999973,0.01699999999999996,-0.05000000000000071
11.0,ENG-003,MIS-0003,CLIMB,83.42,5068.3,7.03,3139.6,163.99,779.24,452.05,40.49,22.32,0.294,28.11,25.72,24.93,3135.8,165.08,783.79,450.26,40.75,22.35,0.278,24.5,COMBUSTION_INSTABILITY,0,0.0,3.799999999999727,-1.0900000000000034,-4.5499999999999545,1.7900000000000205,-0.259999999999998,-0.030000000000001137,0.01599999999999996,0.4299999999999997
12.0,ENG-003,MIS-0003,CLIMB,80.13,5347.3,5.35,3033.3,163.03,765.07,438.89,41.25,21.73,0.313,27.88,25.4,24.45,3043.5,162.11,766.65,440.38,40.81,21.63,0.275,24.4,COMBUSTION_INSTABILITY,0,0.0,-10.199999999999818,0.9199999999999875,-1.5799999999999272,-1.490000000000009,0.4399999999999977,0.10000000000000142,0.03799999999999998,0.05000000000000071
13.0,ENG-003,MIS-0003,CLIMB,88.33,5626.2,3.26,3274.6,168.34,810.65,467.39,41.02,23.8,0.279,28.14,25.58,24.74,3273.3,169.5,809.32,464.99,40.89,23.43,0.285,24.65,COMBUSTION_INSTABILITY,0,0.0,1.2999999999997272,-1.1599999999999966,1.3299999999999272,2.3999999999999773,0.13000000000000256,0.370000000000001,-0.00599999999999995,0.08999999999999986
14.0,ENG-003,MIS-0003,CLIMB,81.48,5905.2,1.34,3087.1,160.76,780.3,442.11,41.53,22.12,0.27,27.56,25.67,25.02,3081.3,163.33,773.67,444.43,40.95,21.92,0.278,24.44,COMBUSTION_INSTABILITY,0,0.0,5.799999999999727,-2.5700000000000216,6.6299999999999955,-2.319999999999993,0.5799999999999983,0.1999999999999993,-0.008000000000000007,0.5799999999999983
15.0,ENG-003,MIS-0003,CRUISE,58.08,6000.0,0.66,2434.7,144.08,652.95,379.78,39.85,16.38,0.258,27.7,25.47,23.69,2426.3,142.28,652.03,374.25,41.01,16.78,0.255,23.74,COMBUSTION_INSTABILITY,0,0.0,8.399999999999636,1.8000000000000114,0.9200000000000728,5.529999999999973,-1.1599999999999966,-0.40000000000000213,0.0030000000000000027,-0.04999999999999716
16.0,ENG-003,MIS-0003,CRUISE,58.28,6000.0,1.47,2430.3,143.11,661.37,377.83,40.29,16.88,0.237,28.15,25.87,23.67,2431.8,142.45,653.05,374.84,41.06,16.82,0.256,23.75,COMBUSTION_INSTABILITY,0,0.0,-1.5,0.660000000000025,8.32000000000005,2.990000000000009,-0.7700000000000031,0.05999999999999872,-0.019000000000000017,-0.0799999999999983
17.0,ENG-003,MIS-0003,CRUISE,58.4,6000.0,0.7,2409.1,143.08,650.83,378.53,39.4,17.01,0.266,28.01,25.7,23.49,2435.3,142.56,653.7,375.21,41.12,16.85,0.256,23.75,COMBUSTION_INSTABILITY,0,0.0,-26.200000000000273,0.5200000000000102,-2.8700000000000045,3.319999999999993,-1.7199999999999989,0.16000000000000014,0.010000000000000009,-0.26000000000000156
18.0,ENG-003,MIS-0003,CRUISE,57.98,6000.0,1.44,2387.8,143.08,646.1,369.51,41.48,16.53,0.285,28.09,25.43,23.32,2423.5,142.18,651.5,373.94,41.17,16.76,0.257,23.74,COMBUSTION_INSTABILITY,0,0.0,-35.69999999999982,0.9000000000000057,-5.399999999999977,-4.430000000000007,0.30999999999999517,-0.23000000000000043,0.02799999999999997,-0.41999999999999815
19.0,ENG-003,MIS-0003,CRUISE,55.74,6000.0,0.5,2369.7,139.17,634.47,359.36,42.69,16.73,0.27,27.87,25.39,23.42,2360.7,140.16,639.84,367.22,41.22,16.26,0.255,23.67,COMBUSTION_INSTABILITY,0,0.0,9.0,-0.9900000000000091,-5.3700000000000045,-7.860000000000014,1.4699999999999989,0.46999999999999886,0.015000000000000013,-0.25
20.0,ENG-003,MIS-0003,CRUISE,56.57,6000.0,1.08,2370.3,142.25,644.27,369.16,40.02,16.62,0.258,27.9,25.4,23.66,2384.0,140.91,644.16,369.71,41.28,16.45,0.256,23.7,COMBUSTION_INSTABILITY,0,0.0,-13.699999999999818,1.3400000000000034,0.11000000000001364,-0.5499999999999545,-1.259999999999998,0.1700000000000017,0.0020000000000000018,-0.03999999999999915
21.0,ENG-003,MIS-0003,CRUISE,59.96,6000.0,1.32,2486.8,145.58,659.81,381.88,41.44,17.49,0.252,28.06,25.51,23.81,2479.0,143.97,661.81,379.89,41.33,17.19,0.26,23.8,COMBUSTION_INSTABILITY,0,0.0,7.800000000000182,1.6100000000000136,-2.0,1.990000000000009,0.10999999999999943,0.29999999999999716,-0.008000000000000007,0.00999999999999801
22.0,ENG-003,MIS-0003,CRUISE,62.24,6000.0,0.57,2550.1,146.93,674.39,388.41,40.53,17.69,0.308,27.94,25.63,23.42,2542.6,146.01,673.62,386.71,41.39,17.69,0.263,23.87,COMBUSTION_INSTABILITY,0,0.0,7.5,0.9200000000000159,0.7699999999999818,1.7000000000000455,-0.8599999999999994,0.0,0.044999999999999984,-0.4499999999999993
23.0,ENG-003,MIS-0003,CRUISE,58.11,6000.0,1.28,2424.7,142.05,656.81,368.32,41.71,16.8,0.275,27.91,25.46,23.73,2427.0,142.3,652.16,374.32,41.44,16.78,0.259,23.74,COMBUSTION_INSTABILITY,0,0.0,-2.300000000000182,-0.25,4.649999999999977,-6.0,0.2700000000000031,0.019999999999999574,0.016000000000000014,-0.00999999999999801
24.0,ENG-003,MIS-0003,CRUISE,62.33,6000.0,2.18,2531.5,145.79,673.4,387.02,40.81,17.81,0.289,27.77,25.61,23.88,2545.1,146.09,674.09,386.98,41.5,17.71,0.264,23.87,COMBUSTION_INSTABILITY,0,0.0,-13.599999999999909,-0.30000000000001137,-0.6900000000000546,0.03999999999996362,-0.6899999999999977,0.09999999999999787,0.024999999999999967,0.00999999999999801
25.0,ENG-003,MIS-0003,CRUISE,61.69,6000.0,0.6,2544.5,144.05,670.71,383.63,43.12,17.86,0.287,27.92,25.44,24.07,2527.4,145.52,670.81,385.08,41.55,17.57,0.264,23.85,COMBUSTION_INSTABILITY,0,0.0,17.09999999999991,-1.4699999999999989,-0.09999999999990905,-1.4499999999999886,1.5700000000000003,0.28999999999999915,0.022999999999999965,0.21999999999999886
26.0,ENG-003,MIS-0003,CRUISE,64.32,6000.0,0.62,2592.7,146.71,689.39,396.87,41.75,17.94,0.302,28.05,25.37,24.04,2600.9,147.89,684.46,392.96,41.61,18.15,0.267,23.93,COMBUSTION_INSTABILITY,0,0.0,-8.200000000000273,-1.1799999999999784,4.92999999999995,3.910000000000025,0.14000000000000057,-0.2099999999999973,0.034999999999999976,0.10999999999999943
27.0,ENG-003,MIS-0003,CRUISE,63.21,6000.0,1.12,2594.7,147.44,675.74,394.0,41.44,18.35,0.291,28.02,25.49,23.65,2569.8,146.89,678.69,389.63,41.67,17.91,0.266,23.9,COMBUSTION_INSTABILITY,0,0.0,24.899999999999636,0.5500000000000114,-2.9500000000000455,4.3700000000000045,-0.23000000000000398,0.4400000000000013,0.024999999999999967,-0.25
28.0,ENG-003,MIS-0003,CRUISE,65.63,6000.0,2.01,2623.3,148.6,689.95,396.26,43.01,18.36,0.265,28.08,25.56,24.18,2637.8,149.07,691.3,396.9,41.72,18.44,0.269,23.97,COMBUSTION_INSTABILITY,0,0.0,-14.5,-0.46999999999999886,-1.349999999999909,-0.6399999999999864,1.2899999999999991,-0.08000000000000185,-0.0040000000000000036,0.21000000000000085
29.0,ENG-003,MIS-0003,CRUISE,62.08,6000.0,0.2,2537.5,146.46,674.33,389.09,,17.99,0.259,28.06,25.53,23.86,2538.3,145.87,672.82,386.24,41.78,17.66,0.265,23.86,COMBUSTION_INSTABILITY,0,0.0,-0.8000000000001819,0.5900000000000034,1.509999999999991,2.849999999999966,,0.3299999999999983,-0.006000000000000005,0.0
30.0,ENG-003,MIS-0003,CRUISE,56.76,6000.0,1.2,2384.9,140.27,650.27,368.58,43.16,16.46,0.254,28.24,25.4,23.71,2389.2,141.08,645.13,370.27,41.83,16.49,0.26,23.7,COMBUSTION_INSTABILITY,0,0.0,-4.299999999999727,-0.8100000000000023,5.139999999999986,-1.6899999999999977,1.3299999999999983,-0.029999999999997584,-0.006000000000000005,0.010000000000001563
31.0,ENG-003,MIS-0003,CRUISE,58.53,6000.0,1.02,2442.0,142.48,652.09,385.33,42.26,16.59,0.236,27.97,25.49,24.06,2439.0,142.68,654.38,375.6,41.89,16.88,0.261,23.76,COMBUSTION_INSTABILITY,0,0.0,3.0,-0.20000000000001705,-2.2899999999999636,9.729999999999961,0.36999999999999744,-0.28999999999999915,-0.025000000000000022,0.29999999999999716
32.0,ENG-003,MIS-0003,CRUISE,58.01,6000.0,0.81,2410.1,140.85,641.14,372.44,42.12,16.97,0.242,28.02,25.68,23.9,2424.3,142.21,651.66,374.03,41.94,16.76,0.261,23.74,COMBUSTION_INSTABILITY,1,0.053,-14.200000000000273,-1.3600000000000136,-10.519999999999982,-1.589999999999975,0.17999999999999972,0.2099999999999973,-0.019000000000000017,0.16000000000000014
33.0,ENG-003,MIS-0003,CRUISE,59.3,6000.0,1.03,2480.2,142.1,658.39,373.72,41.64,,0.278,28.04,25.63,23.53,2460.3,143.37,658.34,377.89,41.99,17.05,0.262,23.78,COMBUSTION_INSTABILITY,1,0.066,19.899999999999636,-1.2700000000000102,0.049999999999954525,-4.169999999999959,-0.3500000000000014,,0.016000000000000014,-0.25
34.0,ENG-003,MIS-0003,CRUISE,57.0,6000.0,1.33,2367.4,140.49,655.52,367.85,41.4,16.11,0.266,28.09,25.6,23.53,2396.1,141.3,646.43,371.01,42.05,16.54,0.26,23.71,COMBUSTION_INSTABILITY,1,0.081,-28.699999999999818,-0.8100000000000023,9.090000000000032,-3.159999999999968,-0.6499999999999986,-0.4299999999999997,0.006000000000000005,-0.17999999999999972
35.0,ENG-003,MIS-0003,CRUISE,60.19,6000.0,0.74,2496.7,143.35,653.7,387.53,43.38,16.84,0.326,28.12,25.69,24.07,2485.4,144.17,663.0,380.58,42.1,17.24,0.263,23.81,COMBUSTION_INSTABILITY,1,0.1,11.299999999999727,-0.8199999999999932,-9.299999999999955,6.949999999999989,1.2800000000000011,-0.3999999999999986,0.063,0.26000000000000156
36.0,ENG-003,MIS-0003,CRUISE,60.24,6000.0,1.42,2491.6,145.58,666.52,380.45,41.73,16.45,0.338,28.09,25.28,23.77,2486.6,144.21,663.23,380.71,42.16,17.25,0.263,23.81,COMBUSTION_INSTABILITY,1,0.122,5.0,1.3700000000000045,3.2899999999999636,-0.2599999999999909,-0.4299999999999997,-0.8000000000000007,0.07500000000000001,-0.03999999999999915
37.0,ENG-003,MIS-0003,CRUISE,59.4,6000.0,1.48,2487.6,145.67,668.54,369.71,41.47,17.22,0.262,28.01,25.68,24.07,2463.3,143.46,658.91,378.21,42.21,17.07,0.262,23.78,COMBUSTION_INSTABILITY,1,0.148,24.299999999999727,2.2099999999999795,9.629999999999995,-8.5,-0.740000000000002,0.14999999999999858,0.0,0.28999999999999915
38.0,ENG-003,MIS-0003,CRUISE,56.38,6000.0,1.15,2377.4,138.19,640.16,362.76,41.97,16.23,0.226,28.13,25.23,24.16,2378.6,140.74,643.16,369.13,42.26,16.4,0.258,23.69,COMBUSTION_INSTABILITY,1,0.179,-1.199999999999818,-2.5500000000000114,-3.0,-6.3700000000000045,-0.28999999999999915,-0.16999999999999815,-0.032,0.46999999999999886
39.0,ENG-003,MIS-0003,CRUISE,59.69,6000.0,0.49,2484.7,142.42,656.85,376.6,41.36,16.41,0.284,28.39,25.49,24.41,2471.4,143.72,660.41,379.08,42.32,17.13,0.261,23.79,COMBUSTION_INSTABILITY,1,0.214,13.299999999999727,-1.3000000000000114,-3.5599999999999454,-2.4799999999999613,-0.9600000000000009,-0.7199999999999989,0.022999999999999965,0.620000000000001
40.0,ENG-003,MIS-0003,CRUISE,63.73,6000.0,1.06,2617.3,146.44,688.22,382.95,38.72,18.24,0.285,27.93,26.06,23.9,2584.3,147.35,681.38,391.18,42.37,18.02,0.265,23.91,COMBUSTION_INSTABILITY,1,0.253,33.0,-0.9099999999999966,6.840000000000032,-8.230000000000018,-3.6499999999999986,0.21999999999999886,0.019999999999999962,-0.010000000000001563
41.0,ENG-003,MIS-0003,LOITER,47.73,6000.0,1.26,2140.3,134.0,591.14,337.54,44.55,15.33,0.315,28.44,25.95,23.29,2136.5,132.96,598.2,343.19,42.42,14.5,0.248,23.43,COMBUSTION_INSTABILITY,1,0.297,3.800000000000182,1.039999999999992,-7.060000000000059,-5.649999999999977,2.1299999999999955,0.8300000000000001,0.067,-0.14000000000000057
42.0,ENG-003,MIS-0003,LOITER,40.57,6000.0,1.51,1885.5,127.55,559.23,307.91,41.37,12.26,0.263,27.82,25.17,22.86,1936.0,126.51,560.96,321.71,42.46,12.93,0.24,23.22,COMBUSTION_INSTABILITY,1,0.344,-50.5,1.039999999999992,-1.7300000000000182,-13.799999999999955,-1.0900000000000034,-0.6699999999999999,0.02300000000000002,-0.35999999999999943
43.0,ENG-003,MIS-0003,LOITER,42.6,6000.0,1.0,2032.6,127.01,572.26,316.67,45.42,11.55,0.149,27.7,24.97,23.28,1992.7,128.34,571.51,327.79,42.51,13.37,0.241,23.28,COMBUSTION_INSTABILITY,1,0.394,39.899999999999864,-1.3299999999999983,0.75,-11.120000000000005,2.9100000000000037,-1.8199999999999985,-0.092,0.0
44.0,ENG-003,MIS-0003,LOITER,45.72,6000.0,1.81,2120.1,132.75,589.29,346.34,45.17,15.32,0.227,28.35,25.92,23.02,2080.0,131.14,587.72,337.15,42.55,14.06,0.244,23.37,COMBUSTION_INSTABILITY,1,0.446,40.09999999999991,1.6100000000000136,1.5699999999999363,9.189999999999998,2.6200000000000045,1.2599999999999998,-0.016999999999999987,-0.3500000000000014
45.0,ENG-003,MIS-0003,LOITER,45.08,6000.0,1.18,2019.2,135.43,577.14,305.93,41.88,13.52,0.232,29.1,25.27,23.67,2062.3,130.58,584.44,335.25,42.6,13.92,0.243,23.35,COMBUSTION_INSTABILITY,1,0.498,-43.100000000000136,4.849999999999994,-7.300000000000068,-29.319999999999993,-0.7199999999999989,-0.40000000000000036,-0.010999999999999982,0.3200000000000003
46.0,ENG-003,MIS-0003,LOITER,43.36,6000.0,0.73,2020.0,131.41,571.43,313.17,43.62,12.91,0.169,27.72,25.71,24.24,2014.0,129.02,575.46,330.07,42.64,13.54,0.24,23.3,COMBUSTION_INSTABILITY,1,0.549,6.0,2.3899999999999864,-4.030000000000086,-16.899999999999977,0.9799999999999969,-0.629999999999999,-0.07099999999999998,0.9399999999999977
47.0,ENG-003,MIS-0003,LOITER,46.48,6000.0,0.88,2145.7,133.81,598.44,338.54,45.27,14.08,0.201,28.33,25.2,23.69,2101.3,131.83,591.67,339.43,42.69,14.22,0.243,23.39,COMBUSTION_INSTABILITY,1,0.597,44.399999999999636,1.9799999999999898,6.7700000000000955,-0.8899999999999864,2.5800000000000054,-0.14000000000000057,-0.04199999999999998,0.3000000000000007
48.0,ENG-003,MIS-0003,LOITER,40.25,6000.0,1.04,1911.4,120.76,552.62,322.22,46.18,12.67,0.328,28.14,25.38,23.24,1927.0,126.22,559.3,320.75,42.73,12.85,0.236,23.21,COMBUSTION_INSTABILITY,1,0.642,-15.599999999999909,-5.459999999999994,-6.67999999999995,1.4700000000000273,3.450000000000003,-0.17999999999999972,0.09200000000000003,0.029999999999997584
49.0,ENG-003,MIS-0003,DESCENT,23.62,6000.0,1.42,1458.2,114.65,469.61,271.52,43.39,9.9,0.199,28.66,26.19,22.74,1461.3,111.26,472.81,270.85,42.76,9.2,0.218,22.71,COMBUSTION_INSTABILITY,1,0.684,-3.099999999999909,3.3900000000000006,-3.1999999999999886,0.6699999999999591,0.6300000000000026,0.7000000000000011,-0.01899999999999999,0.029999999999997584
50.0,ENG-003,MIS-0003,DESCENT,26.01,6000.0,0.29,1601.2,117.52,498.72,265.94,43.95,7.97,0.171,27.95,25.83,22.71,1528.3,113.41,485.25,278.03,42.8,9.72,0.219,22.78,COMBUSTION_INSTABILITY,1,0.72,72.90000000000009,4.109999999999999,13.470000000000027,-12.089999999999975,1.1500000000000057,-1.7500000000000009,-0.04799999999999999,-0.07000000000000028
51.0,ENG-003,MIS-0003,DESCENT,30.16,6000.0,1.5,1581.5,121.45,507.99,279.86,45.16,11.44,0.305,26.31,25.26,23.61,1644.6,117.15,506.85,290.49,42.83,10.64,0.223,22.9,COMBUSTION_INSTABILITY,1,0.753,-63.09999999999991,4.299999999999997,1.1399999999999864,-10.629999999999995,2.3299999999999983,0.7999999999999989,0.08199999999999999,0.7100000000000009
52.0,ENG-003,MIS-0003,DESCENT,29.78,6000.0,0.42,1630.0,109.23,496.17,294.83,42.48,11.17,0.279,28.16,24.78,23.78,1633.8,116.8,504.84,289.33,42.87,10.55,0.222,22.89,COMBUSTION_INSTABILITY,1,0.781,-3.7999999999999545,-7.569999999999993,-8.669999999999959,5.5,-0.39000000000000057,0.6199999999999992,0.05700000000000002,0.8900000000000006
53.0,ENG-003,MIS-0003,DESCENT,27.25,6000.0,1.7,1577.5,114.1,485.24,242.86,40.52,9.71,0.194,28.35,25.96,22.44,1563.0,114.52,491.69,281.75,42.9,9.99,0.218,22.82,COMBUSTION_INSTABILITY,1,0.804,14.5,-0.4200000000000017,-6.449999999999989,-38.889999999999986,-2.3799999999999955,-0.27999999999999936,-0.023999999999999994,-0.379999999999999
54.0,ENG-003,MIS-0003,DESCENT,25.57,6000.0,1.55,1522.3,109.45,482.13,295.9,36.93,10.38,0.313,26.75,25.27,23.52,1516.0,113.01,482.97,276.71,42.94,9.63,0.215,22.77,COMBUSTION_INSTABILITY,1,0.824,6.2999999999999545,-3.5600000000000023,-0.8400000000000318,19.189999999999998,-6.009999999999998,0.75,0.098,0.75
55.0,ENG-003,MIS-0003,LANDING,25.92,6000.0,1.04,1544.0,113.84,486.94,307.02,44.86,9.27,0.014,27.58,25.57,23.12,1525.7,113.33,484.77,277.75,42.97,9.7,0.215,22.78,COMBUSTION_INSTABILITY,1,0.841,18.299999999999955,0.5100000000000051,2.170000000000016,29.269999999999982,1.8900000000000006,-0.4299999999999997,-0.20099999999999998,0.33999999999999986
56.0,ENG-003,MIS-0003,LANDING,23.5,6000.0,0.47,1409.4,118.3,508.14,263.14,39.79,9.84,0.188,28.1,25.16,22.75,1458.1,111.15,472.21,270.51,43.0,9.17,0.211,22.71,COMBUSTION_INSTABILITY,1,0.855,-48.69999999999982,7.1499999999999915,35.93000000000001,-7.3700000000000045,-3.210000000000001,0.6699999999999999,-0.022999999999999993,0.03999999999999915
0.0,ENG-001,MIS-0004,TAXI,18.75,0.0,40.68,1280.7,117.56,469.47,258.89,42.48,8.33,0.21,27.98,25.51,22.52,1324.9,119.28,472.3,256.24,40.03,8.12,0.2,22.56,COMBUSTION_INSTABILITY,0,0.0,-44.200000000000045,-1.7199999999999989,-2.829999999999984,2.6499999999999773,2.4499999999999957,0.21000000000000085,0.009999999999999981,-0.03999999999999915
1.0,ENG-001,MIS-0004,TAXI,16.1,0.0,38.97,1232.0,113.87,461.53,247.36,40.01,7.92,0.205,27.75,25.3,22.9,1250.8,115.87,456.48,248.3,40.06,7.54,0.198,22.48,COMBUSTION_INSTABILITY,0,0.0,-18.799999999999955,-2.0,5.0499999999999545,-0.9399999999999977,-0.05000000000000426,0.3799999999999999,0.0069999999999999785,0.41999999999999815
2.0,ENG-001,MIS-0004,TAXI,16.32,0.0,40.11,1269.0,117.31,457.39,247.65,39.64,7.97,0.231,28.1,25.56,22.76,1256.9,116.76,458.99,248.96,40.09,7.59,0.199,22.49,COMBUSTION_INSTABILITY,0,0.0,12.099999999999909,0.5499999999999972,-1.6000000000000227,-1.3100000000000023,-0.45000000000000284,0.3799999999999999,0.032,0.2700000000000031
3.0,ENG-001,MIS-0004,TAKEOFF,95.82,2881.1,21.39,3459.4,175.66,851.14,489.31,40.82,24.91,0.263,28.04,25.5,24.63,3482.9,177.07,849.92,487.45,40.17,25.08,0.284,24.87,COMBUSTION_INSTABILITY,0,0.0,-23.5,-1.4099999999999966,1.2200000000000273,1.8600000000000136,0.6499999999999986,-0.16999999999999815,-0.020999999999999963,-0.240000000000002
4.0,ENG-001,MIS-0004,TAKEOFF,99.08,3174.7,19.77,3579.1,180.76,866.71,503.93,40.22,25.56,0.271,27.97,25.23,25.19,3574.3,179.17,865.22,497.24,40.25,25.8,0.288,24.97,COMBUSTION_INSTABILITY,0,0.0,4.799999999999727,1.5900000000000034,1.490000000000009,6.689999999999998,-0.030000000000001137,-0.240000000000002,-0.01699999999999996,0.22000000000000242
5.0,ENG-001,MIS-0004,TAKEOFF,91.78,3468.4,17.64,3360.7,171.65,825.14,477.32,40.2,24.13,0.292,28.29,25.49,24.73,3369.8,172.6,827.26,475.34,40.32,24.19,0.281,24.75,COMBUSTION_INSTABILITY,0,0.0,-9.100000000000364,-0.9499999999999886,-2.1200000000000045,1.9800000000000182,-0.11999999999999744,-0.060000000000002274,0.010999999999999954,-0.019999999999999574
6.0,ENG-001,MIS-0004,CLIMB,88.59,3762.1,14.95,3301.6,167.76,811.36,463.66,39.91,23.09,0.277,27.98,25.48,24.74,3280.5,169.73,810.66,465.76,40.39,23.49,0.279,24.66,COMBUSTION_INSTABILITY,0,0.0,21.09999999999991,-1.9699999999999989,0.7000000000000455,-2.099999999999966,-0.480000000000004,-0.3999999999999986,-0.0020000000000000018,0.0799999999999983
7.0,ENG-001,MIS-0004,CLIMB,85.4,4055.8,13.87,3196.8,167.79,791.59,461.1,39.49,22.6,0.258,28.11,25.55,24.59,3191.1,166.86,794.06,456.19,40.47,22.79,0.277,24.56,COMBUSTION_INSTABILITY,0,0.0,5.700000000000273,0.9299999999999784,-2.4699999999999136,4.910000000000025,-0.9799999999999969,-0.18999999999999773,-0.019000000000000017,0.030000000000001137
8.0,ENG-001,MIS-0004,CLIMB,90.7,4349.5,10.27,3325.8,172.05,821.49,471.55,40.95,23.77,0.257,28.11,25.48,24.79,3339.7,171.63,821.67,472.11,40.54,23.96,0.283,24.72,COMBUSTION_INSTABILITY,0,0.0,-13.899999999999636,0.4200000000000159,-0.17999999999994998,-0.5600000000000023,0.4100000000000037,-0.19000000000000128,-0.025999999999999968,0.07000000000000028
9.0,ENG-001,MIS-0004,CLIMB,82.2,4643.2,9.02,3078.0,163.42,772.82,452.58,40.5,22.54,0.222,28.04,25.58,24.56,3101.6,163.98,777.44,446.6,40.61,22.08,0.275,24.47,COMBUSTION_INSTABILITY,0,0.0,-23.59999999999991,-0.5600000000000023,-4.6200000000000045,5.979999999999961,-0.10999999999999943,0.46000000000000085,-0.05300000000000002,0.08999999999999986
10.0,ENG-001,MIS-0004,CLIMB,83.44,4936.9,7.48,3129.6,165.01,788.93,447.59,40.3,22.07,0.273,27.93,25.75,24.75,3136.4,165.1,783.9,450.33,40.68,22.36,0.277,24.5,COMBUSTION_INSTABILITY,0,0.0,-6.800000000000182,-0.09000000000000341,5.029999999999973,-2.740000000000009,-0.38000000000000256,-0.28999999999999915,-0.0040000000000000036,0.25
11.0,ENG-001,MIS-0004,CLIMB,85.53,5230.5,5.33,3192.5,169.39,793.51,449.9,39.21,22.87,0.281,28.03,25.37,24.6,3194.8,166.97,794.74,456.58,40.75,22.82,0.28,24.57,COMBUSTION_INSTABILITY,0,0.0,-2.300000000000182,2.4199999999999875,-1.2300000000000182,-6.680000000000007,-1.5399999999999991,0.05000000000000071,0.0010000000000000009,0.030000000000001137
12.0,ENG-001,MIS-0004,CLIMB,83.39,5524.2,3.12,3160.0,164.83,787.14,449.51,42.46,22.71,0.285,28.33,25.34,24.46,3135.0,165.05,783.64,450.18,40.82,22.35,0.279,24.5,COMBUSTION_INSTABILITY,0,0.0,25.0,-0.21999999999999886,3.5,-0.6700000000000159,1.6400000000000006,0.35999999999999943,0.00599999999999995,-0.03999999999999915
13.0,ENG-001,MIS-0004,CLIMB,84.27,5817.9,2.29,3162.3,165.8,784.92,460.63,41.46,22.64,,27.89,25.69,24.3,3159.6,165.84,788.2,452.81,40.89,22.54,0.281,24.53,COMBUSTION_INSTABILITY,0,0.0,2.700000000000273,-0.03999999999999204,-3.2800000000000864,7.819999999999993,0.5700000000000003,0.10000000000000142,,-0.23000000000000043
14.0,ENG-001,MIS-0004,CRUISE,58.57,6000.0,0.31,2434.3,141.97,649.6,374.88,42.16,16.68,0.253,27.96,25.76,23.77,2439.9,142.71,654.55,375.7,40.94,16.88,0.254,23.76,COMBUSTION_INSTABILITY,0,0.0,-5.599999999999909,-0.7400000000000091,-4.949999999999932,-0.8199999999999932,1.2199999999999989,-0.1999999999999993,-0.0010000000000000009,0.00999999999999801
15.0,ENG-001,MIS-0004,CRUISE,59.65,6000.0,1.11,2464.4,142.42,661.61,379.18,41.12,16.92,0.241,27.93,25.56,23.76,2470.2,143.68,660.18,378.95,41.0,17.12,0.256,23.79,COMBUSTION_INSTABILITY,0,0.0,-5.799999999999727,-1.2600000000000193,1.4300000000000637,0.2300000000000182,0.11999999999999744,-0.1999999999999993,-0.015000000000000013,-0.029999999999997584
16.0,ENG-001,MIS-0004,CRUISE,63.32,6000.0,1.34,2567.5,146.58,677.31,391.94,41.71,17.99,0.264,27.81,25.45,23.97,2572.9,146.99,679.25,389.95,41.05,17.93,0.261,23.9,COMBUSTION_INSTABILITY,0,0.0,-5.400000000000091,-0.4099999999999966,-1.9400000000000546,1.990000000000009,0.6600000000000037,0.05999999999999872,0.0030000000000000027,0.07000000000000028
17.0,ENG-001,MIS-0004,CRUISE,61.51,6000.0,1.27,2476.6,146.11,666.26,386.02,40.78,17.86,0.225,28.11,25.23,23.8,2522.3,145.36,669.86,384.54,41.11,17.53,0.26,23.85,COMBUSTION_INSTABILITY,0,0.0,-45.70000000000027,0.75,-3.6000000000000227,1.4799999999999613,-0.3299999999999983,0.3299999999999983,-0.035,-0.05000000000000071
18.0,ENG-001,MIS-0004,CRUISE,59.75,6000.0,1.07,2481.5,142.71,664.19,382.87,40.78,17.24,0.263,28.0,25.51,23.99,2472.9,143.77,660.67,379.24,41.17,17.14,0.258,23.79,COMBUSTION_INSTABILITY,0,0.0,8.599999999999909,-1.0600000000000023,3.5200000000000955,3.6299999999999955,-0.39000000000000057,0.09999999999999787,0.0050000000000000044,0.1999999999999993
19.0,ENG-001,MIS-0004,CRUISE,59.74,6000.0,0.25,2472.5,142.26,658.4,373.99,41.03,17.15,0.25,27.95,25.49,24.06,2472.8,143.77,660.67,379.23,41.22,17.14,0.259,23.79,COMBUSTION_INSTABILITY,0,0.0,-0.3000000000001819,-1.5100000000000193,-2.269999999999982,-5.240000000000009,-0.18999999999999773,0.00999999999999801,-0.009000000000000008,0.2699999999999996
20.0,ENG-001,MIS-0004,CRUISE,56.24,6000.0,1.26,2384.0,139.03,642.17,372.74,40.63,16.49,0.232,27.62,25.45,23.57,2374.7,140.61,642.44,368.71,41.27,16.37,0.256,23.69,COMBUSTION_INSTABILITY,0,0.0,9.300000000000182,-1.5800000000000125,-0.2700000000000955,4.03000000000003,-0.6400000000000006,0.11999999999999744,-0.023999999999999994,-0.120000000000001
21.0,ENG-001,MIS-0004,CRUISE,59.26,6000.0,1.11,2463.0,142.91,658.17,383.03,42.66,16.67,0.264,28.0,25.45,23.64,2459.3,143.34,658.16,377.78,41.33,17.04,0.26,23.78,COMBUSTION_INSTABILITY,0,0.0,3.699999999999818,-0.4300000000000068,0.009999999999990905,5.25,1.3299999999999983,-0.36999999999999744,0.0040000000000000036,-0.14000000000000057
22.0,ENG-001,MIS-0004,CRUISE,60.81,6000.0,1.05,2479.3,142.95,658.88,382.1,42.36,17.18,0.229,28.3,25.28,23.63,2502.6,144.73,666.2,382.42,41.38,17.38,0.262,23.82,COMBUSTION_INSTABILITY,0,0.033,-23.299999999999727,-1.7800000000000011,-7.32000000000005,-0.3199999999999932,0.9799999999999969,-0.1999999999999993,-0.033,-0.19000000000000128
23.0,ENG-001,MIS-0004,CRUISE,62.55,6000.0,0.86,2539.2,145.61,673.73,386.09,39.51,18.19,0.275,28.06,25.24,23.68,2551.3,146.29,675.23,387.64,41.44,17.76,0.264,23.88,COMBUSTION_INSTABILITY,0,0.039,-12.100000000000364,-0.6799999999999784,-1.5,-1.5500000000000114,-1.9299999999999997,0.4299999999999997,0.01100000000000001,-0.1999999999999993
24.0,ENG-001,MIS-0004,CRUISE,64.91,6000.0,0.63,2585.8,146.64,691.33,393.9,42.43,18.48,0.305,28.04,25.67,23.52,2617.4,148.42,687.52,394.73,41.5,18.28,0.267,23.95,COMBUSTION_INSTABILITY,0,0.047,-31.59999999999991,-1.7800000000000011,3.810000000000059,-0.8300000000000409,0.9299999999999997,0.1999999999999993,0.03799999999999998,-0.4299999999999997
25.0,ENG-001,MIS-0004,CRUISE,61.46,6000.0,0.96,2507.1,145.48,666.17,385.75,40.24,17.76,0.251,28.22,25.28,24.05,2520.9,145.31,669.59,384.38,41.55,17.52,0.264,23.84,COMBUSTION_INSTABILITY,1,0.055,-13.800000000000182,0.1699999999999875,-3.4200000000000728,1.3700000000000045,-1.3099999999999952,0.240000000000002,-0.013000000000000012,0.21000000000000085
26.0,ENG-001,MIS-0004,CRUISE,62.19,6000.0,0.64,2560.1,147.79,678.31,392.09,42.41,17.55,0.294,27.87,25.37,24.09,2541.4,145.97,673.4,386.58,41.61,17.68,0.265,23.87,COMBUSTION_INSTABILITY,1,0.065,18.699999999999818,1.8199999999999932,4.909999999999968,5.509999999999991,0.7999999999999972,-0.129999999999999,0.02899999999999997,0.21999999999999886
27.0,ENG-001,MIS-0004,CRUISE,62.86,6000.0,1.13,2590.5,145.11,680.5,401.59,42.03,18.04,0.282,27.99,25.57,24.01,2560.1,146.57,676.87,388.58,41.67,17.83,0.266,23.89,COMBUSTION_INSTABILITY,1,0.076,30.40000000000009,-1.4599999999999795,3.6299999999999955,13.009999999999991,0.35999999999999943,0.21000000000000085,0.01599999999999996,0.120000000000001
28.0,ENG-001,MIS-0004,CRUISE,61.69,6000.0,1.9,2507.5,146.47,662.8,382.58,41.68,17.83,0.298,27.8,25.17,23.75,2527.3,145.52,670.79,385.07,41.72,17.57,0.264,23.85,COMBUSTION_INSTABILITY,1,0.089,-19.800000000000182,0.9499999999999886,-7.990000000000009,-2.490000000000009,-0.03999999999999915,0.259999999999998,0.033999999999999975,-0.10000000000000142
29.0,ENG-001,MIS-0004,CRUISE,59.61,6000.0,0.48,2478.2,143.09,659.49,381.4,42.9,17.2,0.267,28.14,25.33,24.37,2469.0,143.65,659.96,378.83,41.78,17.11,0.262,23.79,COMBUSTION_INSTABILITY,1,0.103,9.199999999999818,-0.5600000000000023,-0.4700000000000273,2.569999999999993,1.1199999999999974,0.08999999999999986,0.0050000000000000044,0.5800000000000018
30.0,ENG-001,MIS-0004,CRUISE,59.94,6000.0,1.91,2475.3,144.85,666.58,378.5,41.92,16.69,0.244,27.7,25.59,24.14,2478.2,143.94,661.67,379.81,41.83,17.19,0.263,23.8,COMBUSTION_INSTABILITY,1,0.12,-2.899999999999636,0.9099999999999966,4.910000000000082,-1.3100000000000023,0.09000000000000341,-0.5,-0.019000000000000017,0.33999999999999986
31.0,ENG-001,MIS-0004,CRUISE,55.1,6000.0,1.07,2324.5,138.92,640.8,370.61,40.18,15.77,0.313,27.99,25.24,23.68,2342.7,139.59,636.5,365.29,41.88,16.12,0.258,23.65,COMBUSTION_INSTABILITY,1,0.138,-18.199999999999818,-0.6700000000000159,4.2999999999999545,5.319999999999993,-1.7000000000000028,-0.3500000000000014,0.05499999999999999,0.030000000000001137
32.0,ENG-001,MIS-0004,CRUISE,55.9,6000.0,0.5,2421.6,139.16,640.52,360.63,40.99,16.83,0.33,27.74,25.48,23.55,2365.1,140.31,640.67,367.69,41.93,16.3,0.259,23.68,COMBUSTION_INSTABILITY,1,0.158,56.5,-1.1500000000000057,-0.14999999999997726,-7.060000000000002,-0.9399999999999977,0.5299999999999976,0.07100000000000001,-0.129999999999999
33.0,ENG-001,MIS-0004,CRUISE,58.89,6000.0,1.21,2470.6,142.88,651.82,370.59,42.34,16.66,0.23,27.97,25.45,23.12,2449.0,143.0,656.24,376.68,41.99,16.96,0.262,23.77,COMBUSTION_INSTABILITY,1,0.181,21.59999999999991,-0.12000000000000455,-4.419999999999959,-6.090000000000032,0.3500000000000014,-0.3000000000000007,-0.032,-0.6499999999999986
34.0,ENG-001,MIS-0004,CRUISE,62.03,6000.0,0.35,2559.4,145.1,681.18,394.05,42.55,18.34,0.274,28.48,25.45,23.37,2537.0,145.83,672.58,386.1,42.04,17.65,0.265,23.86,COMBUSTION_INSTABILITY,1,0.204,22.40000000000009,-0.7300000000000182,8.599999999999909,7.949999999999989,0.509999999999998,0.6900000000000013,0.009000000000000008,-0.48999999999999844
35.0,ENG-001,MIS-0004,CRUISE,58.42,6000.0,1.27,2484.1,140.47,646.88,387.14,42.99,15.35,0.28,28.14,25.53,23.42,2435.7,142.58,653.77,375.25,42.1,16.85,0.261,23.75,COMBUSTION_INSTABILITY,1,0.23,48.40000000000009,-2.1100000000000136,-6.889999999999986,11.889999999999986,0.8900000000000006,-1.5000000000000018,0.019000000000000017,-0.3299999999999983
36.0,ENG-001,MIS-0004,CRUISE,60.36,6000.0,0.24,2448.2,145.5,664.54,385.24,39.11,18.01,0.196,27.85,25.37,23.96,2490.2,144.33,663.89,381.09,42.15,17.28,0.263,23.81,COMBUSTION_INSTABILITY,1,0.256,-42.0,1.1699999999999875,0.6499999999999773,4.150000000000034,-3.039999999999999,0.7300000000000004,-0.067,0.15000000000000213
37.0,ENG-001,MIS-0004,CRUISE,62.32,6000.0,0.27,2607.7,148.97,679.24,394.12,41.44,18.07,0.29,27.77,25.17,23.71,2544.9,146.09,674.06,386.96,42.21,17.71,0.265,23.87,COMBUSTION_INSTABILITY,1,0.284,62.79999999999973,2.8799999999999955,5.180000000000064,7.160000000000025,-0.7700000000000031,0.35999999999999943,0.024999999999999967,-0.16000000000000014
38.0,ENG-001,MIS-0004,CRUISE,58.34,6000.0,0.28,2456.6,144.41,646.49,372.38,43.11,17.36,0.271,27.98,25.92,23.67,2433.5,142.51,653.37,375.02,42.26,16.83,0.26,23.75,COMBUSTION_INSTABILITY,1,0.311,23.09999999999991,1.9000000000000057,-6.8799999999999955,-2.6399999999999864,0.8500000000000014,0.5300000000000011,0.01100000000000001,-0.0799999999999983
39.0,ENG-001,MIS-0004,LOITER,47.25,6000.0,1.53,2085.3,137.15,598.44,359.34,43.01,14.35,0.196,28.69,25.72,22.81,2123.0,132.53,595.7,341.75,42.31,14.4,0.248,23.42,COMBUSTION_INSTABILITY,1,0.339,-37.69999999999982,4.6200000000000045,2.740000000000009,17.589999999999975,0.6999999999999957,-0.05000000000000071,-0.05199999999999999,-0.610000000000003
40.0,ENG-001,MIS-0004,LOITER,45.36,6000.0,0.97,2045.6,125.71,583.62,341.75,43.01,13.93,0.118,27.75,25.0,23.57,2070.2,130.83,585.9,336.09,42.35,13.98,0.246,23.36,COMBUSTION_INSTABILITY,1,0.366,-24.59999999999991,-5.120000000000019,-2.2799999999999727,5.660000000000025,0.6599999999999966,-0.05000000000000071,-0.128,0.21000000000000085
41.0,ENG-001,MIS-0004,LOITER,50.85,6000.0,1.52,2174.4,131.93,629.39,356.2,45.13,15.86,0.232,28.84,25.71,23.12,2223.8,135.77,614.42,352.55,42.4,15.19,0.251,23.53,COMBUSTION_INSTABILITY,1,0.393,-49.40000000000009,-3.8400000000000034,14.970000000000027,3.6499999999999773,2.730000000000004,0.6699999999999999,-0.01899999999999999,-0.41000000000000014
42.0,ENG-001,MIS-0004,LOITER,44.62,6000.0,1.01,2035.1,122.94,591.24,337.14,43.82,14.22,0.202,27.81,25.96,22.48,2049.3,130.16,582.01,333.85,42.45,13.82,0.244,23.34,COMBUSTION_INSTABILITY,1,0.417,-14.200000000000273,-7.219999999999999,9.230000000000018,3.2899999999999636,1.3699999999999974,0.40000000000000036,-0.04199999999999998,-0.8599999999999994
43.0,ENG-001,MIS-0004,LOITER,49.24,6000.0,0.99,2148.7,134.45,591.04,348.33,42.4,14.05,0.265,28.46,25.14,22.75,2178.8,134.32,606.07,347.73,42.49,14.83,0.248,23.48,COMBUSTION_INSTABILITY,1,0.441,-30.100000000000364,0.12999999999999545,-15.030000000000086,0.5999999999999659,-0.09000000000000341,-0.7799999999999994,0.017000000000000015,-0.7300000000000004
44.0,ENG-001,MIS-0004,LOITER,39.23,6000.0,1.46,1789.1,126.82,561.91,313.78,44.93,12.49,0.275,28.55,25.71,23.63,1898.5,125.31,554.01,317.7,42.54,12.63,0.237,23.18,COMBUSTION_INSTABILITY,1,0.463,-109.40000000000009,1.509999999999991,7.899999999999977,-3.920000000000016,2.3900000000000006,-0.14000000000000057,0.038000000000000034,0.4499999999999993
45.0,ENG-001,MIS-0004,LOITER,43.03,6000.0,0.42,2023.9,127.52,573.62,324.51,40.2,14.38,0.085,28.18,25.61,23.58,2004.8,128.73,573.75,329.08,42.58,13.47,0.241,23.29,COMBUSTION_INSTABILITY,1,0.482,19.100000000000136,-1.2099999999999937,-0.12999999999999545,-4.569999999999993,-2.3799999999999955,0.9100000000000001,-0.15599999999999997,0.28999999999999915
46.0,ENG-001,MIS-0004,LOITER,39.8,6000.0,1.55,1848.2,127.98,553.98,318.63,45.23,13.22,0.266,27.58,25.79,23.67,1914.5,125.82,556.98,319.41,42.62,12.76,0.237,23.19,COMBUSTION_INSTABILITY,1,0.5,-66.29999999999995,2.160000000000011,-3.0,-0.7800000000000296,2.6099999999999994,0.46000000000000085,0.029000000000000026,0.4800000000000004
47.0,ENG-001,MIS-0004,DESCENT,30.1,6000.0,0.75,1597.1,116.42,495.52,283.37,39.68,10.31,0.255,27.51,25.75,22.99,1642.9,117.09,506.53,290.31,42.66,10.62,0.226,22.9,COMBUSTION_INSTABILITY,1,0.516,-45.80000000000018,-0.6700000000000017,-11.009999999999991,-6.939999999999998,-2.979999999999997,-0.3099999999999987,0.028999999999999998,0.08999999999999986
48.0,ENG-001,MIS-0004,DESCENT,32.6,6000.0,0.62,1686.3,113.32,523.42,289.63,44.64,12.06,0.25,27.63,25.7,23.94,1712.8,119.34,519.52,297.8,42.7,11.17,0.228,22.98,COMBUSTION_INSTABILITY,1,0.53,-26.5,-6.02000000000001,3.8999999999999773,-8.170000000000016,1.9399999999999977,0.8900000000000006,0.021999999999999992,0.9600000000000009
49.0,ENG-001,MIS-0004,DESCENT,32.12,6000.0,0.86,1627.5,123.26,511.17,311.75,42.62,10.07,0.219,27.12,25.58,22.98,1699.3,118.9,517.0,296.35,42.73,11.07,0.226,22.96,COMBUSTION_INSTABILITY,1,0.543,-71.79999999999995,4.359999999999999,-5.829999999999984,15.399999999999977,-0.10999999999999943,-1.0,-0.007000000000000006,0.019999999999999574
50.0,ENG-001,MIS-0004,DESCENT,31.86,6000.0,1.52,1803.3,115.65,539.18,317.79,39.56,11.51,0.19,28.34,25.1,24.05,1692.1,118.68,515.68,295.58,42.77,11.01,0.225,22.96,COMBUSTION_INSTABILITY,1,0.553,111.20000000000005,-3.030000000000001,23.5,22.210000000000036,-3.210000000000001,0.5,-0.035,1.0899999999999999
51.0,ENG-001,MIS-0004,DESCENT,29.54,6000.0,1.7,1588.8,112.24,504.71,266.64,40.37,10.72,0.304,27.6,25.34,22.96,1627.3,116.59,503.63,288.63,42.81,10.5,0.222,22.89,COMBUSTION_INSTABILITY,1,0.563,-38.5,-4.3500000000000085,1.079999999999984,-21.99000000000001,-2.440000000000005,0.22000000000000064,0.08199999999999999,0.07000000000000028
52.0,ENG-001,MIS-0004,LANDING,24.57,6000.0,0.8,1426.9,110.44,471.87,279.17,40.26,11.12,0.149,27.98,25.01,21.83,1487.9,112.11,477.75,273.7,42.84,9.4,0.216,22.74,COMBUSTION_INSTABILITY,1,0.571,-61.0,-1.6700000000000017,-5.8799999999999955,5.470000000000027,-2.5800000000000054,1.7199999999999989,-0.067,-0.9100000000000001
53.0,ENG-001,MIS-0004,LANDING,14.85,6000.0,0.82,1191.6,108.3,429.92,219.75,48.75,6.35,0.219,27.85,25.95,22.04,1215.7,103.36,427.2,244.54,42.87,7.27,0.205,22.45,COMBUSTION_INSTABILITY,1,0.578,-24.100000000000136,4.939999999999998,2.7200000000000273,-24.789999999999992,5.880000000000003,-0.9199999999999999,0.014000000000000012,-0.41000000000000014
0.0,ENG-002,MIS-0005,TAXI,18.66,0.0,24.83,1331.7,110.66,452.29,248.95,39.12,8.11,0.194,28.11,25.54,22.79,1322.5,109.69,452.82,255.98,40.03,8.1,0.2,22.56,MISFIRE,0,0.0,9.200000000000045,0.9699999999999989,-0.5299999999999727,-7.030000000000001,-0.9100000000000037,0.009999999999999787,-0.006000000000000005,0.23000000000000043
1.0,ENG-002,MIS-0005,TAXI,22.48,0.0,25.75,1417.5,112.7,477.79,271.52,42.03,9.02,0.195,27.8,25.19,22.97,1429.5,113.69,473.81,267.45,40.06,8.95,0.205,22.67,MISFIRE,0,0.0,-12.0,-0.9899999999999949,3.980000000000018,4.069999999999993,1.9699999999999989,0.07000000000000028,-0.009999999999999981,0.29999999999999716
2.0,ENG-002,MIS-0005,TAXI,14.13,0.0,24.32,1188.6,108.19,428.22,242.13,40.7,7.12,0.195,28.05,25.71,22.6,1195.6,105.31,428.66,242.39,40.09,7.11,0.197,22.42,MISFIRE,0,0.0,-7.0,2.8799999999999955,-0.4399999999999977,-0.2599999999999909,0.6099999999999994,0.009999999999999787,-0.0020000000000000018,0.17999999999999972
3.0,ENG-002,MIS-0005,TAXI,18.87,0.0,25.28,1327.5,109.21,447.78,255.99,40.72,7.96,0.197,27.96,25.66,22.53,1328.4,110.15,454.46,256.61,40.12,8.15,0.203,22.57,MISFIRE,0,0.0,-0.900000000000091,-0.9400000000000119,-6.680000000000007,-0.6200000000000045,0.6000000000000014,-0.1900000000000004,-0.006000000000000005,-0.03999999999999915
4.0,ENG-002,MIS-0005,TAKEOFF,94.12,4817.7,-6.63,3436.5,173.82,840.48,479.69,40.03,24.37,0.27,27.96,25.5,24.82,3435.3,174.71,839.42,482.36,40.2,24.71,0.283,24.82,MISFIRE,0,0.0,1.199999999999818,-0.8900000000000148,1.0600000000000591,-2.670000000000016,-0.1700000000000017,-0.33999999999999986,-0.012999999999999956,0.0
5.0,ENG-002,MIS-0005,TAKEOFF,92.94,5222.1,-8.96,3387.7,169.86,834.0,474.88,40.83,24.36,0.302,27.92,25.57,24.7,3402.2,173.64,833.27,478.81,40.28,24.45,0.283,24.79,MISFIRE,0,0.0,-14.5,-3.7799999999999727,0.7300000000000182,-3.930000000000007,0.5499999999999972,-0.08999999999999986,0.019000000000000017,-0.08999999999999986
6.0,ENG-002,MIS-0005,TAKEOFF,96.21,5626.5,-11.51,3502.5,177.8,849.31,491.0,40.27,24.99,0.254,27.89,25.61,24.86,3493.9,176.59,850.3,488.63,40.35,25.17,0.287,24.89,MISFIRE,0,0.0,8.599999999999909,1.210000000000008,-0.9900000000000091,2.3700000000000045,-0.0799999999999983,-0.18000000000000327,-0.032999999999999974,-0.030000000000001137
7.0,ENG-002,MIS-0005,CLIMB,81.77,6031.0,-14.45,3087.6,164.59,775.88,448.43,41.3,22.2,0.295,27.95,25.47,24.51,3089.6,163.59,775.21,445.31,40.42,21.99,0.273,24.45,MISFIRE,0,0.0,-2.0,1.0,0.6699999999999591,3.1200000000000045,0.8799999999999955,0.21000000000000085,0.021999999999999964,0.060000000000002274
8.0,ENG-002,MIS-0005,CLIMB,83.95,6435.4,-16.85,3127.0,166.96,787.1,452.21,40.72,22.24,0.281,28.23,25.41,23.89,3150.6,165.55,786.54,451.85,40.49,22.47,0.276,24.52,MISFIRE,0,0.0,-23.59999999999991,1.4099999999999966,0.5600000000000591,0.3599999999999568,0.22999999999999687,-0.23000000000000043,0.0050000000000000044,-0.629999999999999
9.0,ENG-002,MIS-0005,CLIMB,79.78,6839.8,-19.5,3014.7,161.99,766.34,434.6,40.94,21.71,0.276,27.96,25.33,24.62,3033.9,161.8,764.87,439.35,40.56,21.55,0.272,24.39,MISFIRE,0,0.0,-19.200000000000273,0.18999999999999773,1.4700000000000273,-4.75,0.37999999999999545,0.16000000000000014,0.0040000000000000036,0.23000000000000043
10.0,ENG-002,MIS-0005,CLIMB,87.16,7244.2,-22.28,3232.1,168.95,802.49,470.92,40.82,22.68,0.265,28.27,25.52,24.47,3240.5,168.44,803.24,461.48,40.63,23.18,0.281,24.61,MISFIRE,0,0.0,-8.400000000000091,0.5099999999999909,-0.75,9.439999999999998,0.18999999999999773,-0.5,-0.016000000000000014,-0.14000000000000057
11.0,ENG-002,MIS-0005,CLIMB,87.45,7648.7,-24.8,3242.5,168.06,810.86,464.69,39.99,23.1,0.299,28.03,25.53,24.72,3248.5,168.7,804.73,462.34,40.7,23.24,0.282,24.62,MISFIRE,0,0.0,-6.0,-0.6399999999999864,6.1299999999999955,2.3500000000000227,-0.7100000000000009,-0.13999999999999702,0.017000000000000015,0.09999999999999787
12.0,ENG-002,MIS-0005,CLIMB,86.03,8053.1,-26.99,3209.7,166.17,802.83,454.3,40.7,22.93,0.276,27.93,25.61,24.65,3208.9,167.43,797.37,458.1,40.77,22.93,0.282,24.58,MISFIRE,0,0.0,0.7999999999997272,-1.2600000000000193,5.460000000000036,-3.8000000000000114,-0.07000000000000028,0.0,-0.00599999999999995,0.07000000000000028
13.0,ENG-002,MIS-0005,CLIMB,85.44,8457.5,-31.31,3207.0,168.62,791.49,451.62,41.2,23.36,0.272,27.9,25.48,24.58,3192.3,166.89,794.28,456.31,40.84,22.8,0.282,24.56,MISFIRE,0,0.0,14.699999999999818,1.7300000000000182,-2.7899999999999636,-4.689999999999998,0.35999999999999943,0.5599999999999987,-0.009999999999999953,0.019999999999999574
14.0,ENG-002,MIS-0005,CLIMB,86.34,8861.9,-32.61,3217.4,170.41,796.65,457.02,41.21,22.72,0.311,28.01,25.46,24.34,3217.6,167.71,798.99,459.03,40.92,23.0,0.284,24.59,MISFIRE,0,0.0,-0.1999999999998181,2.6999999999999886,-2.340000000000032,-2.009999999999991,0.28999999999999915,-0.28000000000000114,0.027000000000000024,-0.25
15.0,ENG-002,MIS-0005,CLIMB,86.4,9266.4,-34.9,3228.2,166.46,799.76,451.21,40.88,22.66,0.273,27.78,25.47,24.33,3219.3,167.76,799.3,459.21,40.99,23.01,0.284,24.59,MISFIRE,0,0.0,8.899999999999636,-1.299999999999983,0.4600000000000364,-8.0,-0.10999999999999943,-0.3500000000000014,-0.010999999999999954,-0.26000000000000156
16.0,ENG-002,MIS-0005,CRUISE,58.94,9600.0,-36.97,2446.4,144.23,653.5,377.65,41.04,16.9,0.267,27.88,25.64,23.98,2450.4,143.05,656.51,376.83,41.04,16.97,0.256,23.77,MISFIRE,0,0.0,-4.0,1.1799999999999784,-3.009999999999991,0.8199999999999932,0.0,-0.07000000000000028,0.01100000000000001,0.21000000000000085
17.0,ENG-002,MIS-0005,CRUISE,62.29,9600.0,-37.38,2555.2,144.49,668.53,391.21,40.51,18.27,0.247,27.8,25.5,23.75,2544.1,146.06,673.9,386.86,41.1,17.7,0.26,23.87,MISFIRE,0,0.0,11.099999999999909,-1.5699999999999932,-5.3700000000000045,4.349999999999966,-0.5900000000000034,0.5700000000000003,-0.013000000000000012,-0.120000000000001
18.0,ENG-002,MIS-0005,CRUISE,61.69,9600.0,-37.45,2547.6,145.06,673.19,386.57,42.58,17.96,0.265,28.08,25.21,24.36,2527.3,145.52,670.79,385.07,41.15,17.57,0.26,23.85,MISFIRE,0,0.0,20.299999999999727,-0.46000000000000796,2.400000000000091,1.5,1.4299999999999997,0.39000000000000057,0.0050000000000000044,0.509999999999998
19.0,ENG-002,MIS-0005,CRUISE,55.85,9600.0,-37.23,2353.8,139.51,641.01,369.85,41.51,16.34,0.247,28.14,25.59,23.69,2363.7,140.26,640.4,367.54,41.21,16.29,0.255,23.68,MISFIRE,0,0.0,-9.899999999999636,-0.75,0.6100000000000136,2.3100000000000023,0.29999999999999716,0.05000000000000071,-0.008000000000000007,0.010000000000001563
20.0,ENG-002,MIS-0005,CRUISE,59.79,9600.0,-38.39,2500.5,143.51,660.71,374.46,40.98,17.09,0.236,27.79,25.63,23.8,2474.2,143.81,660.92,379.38,41.26,17.15,0.26,23.79,MISFIRE,0,0.0,26.300000000000182,-0.30000000000001137,-0.2099999999999227,-4.920000000000016,-0.28000000000000114,-0.05999999999999872,-0.02400000000000002,0.010000000000001563
21.0,ENG-002,MIS-0005,CRUISE,63.25,9600.0,-37.22,2583.8,146.33,680.31,384.7,42.28,17.77,0.289,27.96,25.66,24.25,2571.1,146.93,678.92,389.76,41.32,17.92,0.264,23.9,MISFIRE,0,0.0,12.700000000000273,-0.5999999999999943,1.3899999999999864,-5.060000000000002,0.9600000000000009,-0.15000000000000213,0.024999999999999967,0.3500000000000014
22.0,ENG-002,MIS-0005,CRUISE,59.85,9600.0,-38.01,2474.5,143.2,664.52,374.35,40.87,17.09,0.24,27.94,25.52,23.49,2475.7,143.86,661.2,379.54,41.37,17.17,0.261,23.8,MISFIRE,0,0.0,-1.199999999999818,-0.660000000000025,3.3199999999999363,-5.189999999999998,-0.5,-0.08000000000000185,-0.02100000000000002,-0.3100000000000023
23.0,ENG-002,MIS-0005,CRUISE,64.47,9600.0,-37.97,2607.7,147.87,686.2,397.48,41.14,18.25,0.264,28.27,25.55,23.62,2605.1,148.02,685.24,393.41,41.43,18.18,0.266,23.93,MISFIRE,0,0.0,2.599999999999909,-0.15000000000000568,0.9600000000000364,4.069999999999993,-0.28999999999999915,0.07000000000000028,-0.0020000000000000018,-0.3099999999999987
24.0,ENG-002,MIS-0005,CRUISE,57.29,9600.0,-37.9,2411.4,141.44,648.11,363.98,41.54,17.02,0.243,27.99,25.4,23.79,2404.2,141.57,647.93,371.88,41.48,16.6,0.259,23.72,MISFIRE,0,0.0,7.200000000000273,-0.12999999999999545,0.18000000000006366,-7.899999999999977,0.060000000000002274,0.41999999999999815,-0.016000000000000014,0.07000000000000028
25.0,ENG-002,MIS-0005,CRUISE,59.94,9600.0,-37.9,2489.9,144.93,659.55,381.57,39.94,17.07,0.271,28.19,25.33,23.38,2478.4,143.95,661.7,379.83,41.54,17.19,0.262,23.8,MISFIRE,0,0.0,11.5,0.9800000000000182,-2.150000000000091,1.740000000000009,-1.6000000000000014,-0.120000000000001,0.009000000000000008,-0.4200000000000017
26.0,ENG-002,MIS-0005,CRUISE,60.93,9600.0,-36.63,2490.9,145.75,669.49,380.87,41.58,17.68,0.273,27.81,25.52,24.09,2506.0,144.84,666.83,382.79,41.59,17.4,0.263,23.83,MISFIRE,0,0.0,-15.099999999999909,0.9099999999999966,2.659999999999968,-1.920000000000016,-0.010000000000005116,0.28000000000000114,0.010000000000000009,0.26000000000000156
27.0,ENG-002,MIS-0005,CRUISE,55.69,9600.0,-36.82,2341.7,140.86,634.37,370.79,41.63,15.89,0.224,27.98,25.28,23.71,2359.2,140.12,639.57,367.06,41.65,16.25,0.258,23.67,MISFIRE,0,0.0,-17.5,0.7400000000000091,-5.2000000000000455,3.730000000000018,-0.01999999999999602,-0.35999999999999943,-0.034,0.03999999999999915
28.0,ENG-002,MIS-0005,CRUISE,59.81,9600.0,-38.65,2498.2,140.34,664.41,381.99,41.31,17.41,0.242,27.9,25.43,23.53,2474.5,143.82,660.99,379.42,41.7,17.16,0.263,23.79,MISFIRE,0,0.0,23.699999999999818,-3.4799999999999898,3.419999999999959,2.569999999999993,-0.39000000000000057,0.25,-0.02100000000000002,-0.259999999999998
29.0,ENG-002,MIS-0005,CRUISE,60.54,9600.0,-37.97,2490.5,145.39,660.07,382.69,39.99,16.63,0.261,28.08,25.5,24.0,2495.1,144.49,664.81,381.62,41.76,17.32,0.263,23.82,MISFIRE,0,0.0,-4.599999999999909,0.8999999999999773,-4.739999999999895,1.0699999999999932,-1.769999999999996,-0.6900000000000013,-0.0020000000000000018,0.17999999999999972
30.0,ENG-002,MIS-0005,CRUISE,54.78,9600.0,-37.69,2326.1,139.75,634.08,355.14,42.06,15.91,0.257,28.02,25.41,23.51,2333.9,139.31,634.88,364.35,41.81,16.05,0.257,23.64,MISFIRE,0,0.045,-7.800000000000182,0.4399999999999977,-0.7999999999999545,-9.210000000000036,0.25,-0.14000000000000057,0.0,-0.129999999999999
31.0,ENG-002,MIS-0005,CRUISE,64.73,9600.0,-37.41,2588.1,148.52,690.03,394.45,42.49,18.74,0.302,28.31,25.51,24.12,2612.5,148.26,686.61,394.2,41.86,18.24,0.268,23.94,MISFIRE,1,0.053,-24.40000000000009,0.2600000000000193,3.419999999999959,0.25,0.6300000000000026,0.5,0.033999999999999975,0.17999999999999972
32.0,ENG-002,MIS-0005,CRUISE,64.29,9600.0,-37.28,2588.1,146.97,685.13,394.06,40.64,18.71,0.284,27.76,25.84,24.0,2600.1,147.86,684.31,392.87,41.92,18.14,0.267,23.93,MISFIRE,1,0.063,-12.0,-0.8900000000000148,0.82000000000005,1.1899999999999977,-1.2800000000000011,0.5700000000000003,0.01699999999999996,0.07000000000000028
33.0,ENG-002,MIS-0005,CRUISE,62.16,9600.0,-37.21,2520.8,146.13,677.51,387.15,41.24,17.86,0.29,28.19,25.35,23.52,2540.5,145.95,673.24,386.49,41.98,17.68,0.265,23.86,MISFIRE,1,0.074,-19.699999999999818,0.18000000000000682,4.269999999999982,0.6599999999999682,-0.7399999999999949,0.17999999999999972,0.024999999999999967,-0.33999999999999986
34.0,ENG-002,MIS-0005,CRUISE,66.46,9600.0,-37.42,2663.3,149.48,695.59,388.21,42.0,18.54,0.273,28.24,25.77,24.04,2660.9,149.81,695.59,399.38,42.04,18.62,0.27,23.99,MISFIRE,1,0.088,2.400000000000091,-0.3300000000000125,0.0,-11.170000000000016,-0.03999999999999915,-0.08000000000000185,0.0030000000000000027,0.05000000000000071
35.0,ENG-002,MIS-0005,CRUISE,60.96,9600.0,-37.4,2506.6,144.73,664.71,384.25,41.9,17.65,0.264,27.67,25.47,24.04,2506.9,144.86,667.0,382.88,42.09,17.41,0.264,23.83,MISFIRE,1,0.103,-0.3000000000001819,-0.13000000000002387,-2.2899999999999636,1.3700000000000045,-0.19000000000000483,0.23999999999999844,0.0,0.21000000000000085
36.0,ENG-002,MIS-0005,CRUISE,59.41,9600.0,-37.18,2434.4,143.95,655.69,369.24,42.91,17.66,0.26,28.06,25.64,24.12,2463.6,143.47,658.95,378.24,42.14,17.07,0.262,23.78,MISFIRE,1,0.121,-29.199999999999818,0.47999999999998977,-3.259999999999991,-9.0,0.769999999999996,0.5899999999999999,-0.0020000000000000018,0.33999999999999986
37.0,ENG-002,MIS-0005,CRUISE,61.37,9600.0,-37.54,2530.8,145.21,677.08,382.08,42.78,17.28,0.284,28.16,25.65,23.53,2518.2,145.23,669.1,384.1,42.2,17.5,0.264,23.84,MISFIRE,1,0.141,12.600000000000364,-0.01999999999998181,7.980000000000018,-2.0200000000000387,0.5799999999999983,-0.21999999999999886,0.019999999999999962,-0.3099999999999987
38.0,ENG-002,MIS-0005,CRUISE,62.57,9600.0,-37.24,2523.5,145.84,675.04,388.92,42.39,16.95,0.258,28.13,25.74,24.03,2551.9,146.31,675.35,387.7,42.26,17.76,0.265,23.88,MISFIRE,1,0.164,-28.40000000000009,-0.46999999999999886,-0.3100000000000591,1.2200000000000273,0.13000000000000256,-0.8100000000000023,-0.007000000000000006,0.15000000000000213
39.0,ENG-002,MIS-0005,CRUISE,59.61,9600.0,-37.38,2456.4,141.68,661.4,374.56,42.9,16.83,0.265,28.05,25.46,23.64,2468.9,143.64,659.95,378.82,42.31,17.11,0.261,23.79,MISFIRE,1,0.19,-12.5,-1.9599999999999795,1.4499999999999318,-4.259999999999991,0.5899999999999963,-0.28000000000000114,0.0040000000000000036,-0.14999999999999858
40.0,ENG-002,MIS-0005,CRUISE,62.76,9600.0,-37.99,2562.0,146.01,677.04,384.38,42.16,17.55,0.278,28.11,25.45,23.52,2557.3,146.48,676.35,388.28,42.36,17.81,0.264,23.88,MISFIRE,1,0.218,4.699999999999818,-0.46999999999999886,0.6899999999999409,-3.8999999999999773,-0.20000000000000284,-0.259999999999998,0.014000000000000012,-0.35999999999999943
41.0,ENG-002,MIS-0005,CRUISE,61.09,9600.0,-37.38,2500.1,145.06,673.94,387.05,42.35,17.36,0.264,28.2,25.44,23.89,2510.5,144.98,667.66,383.27,42.42,17.44,0.262,23.83,MISFIRE,1,0.25,-10.400000000000091,0.0800000000000125,6.280000000000086,3.7800000000000296,-0.07000000000000028,-0.08000000000000185,0.0020000000000000018,0.060000000000002274
42.0,ENG-002,MIS-0005,CRUISE,57.54,9600.0,-37.84,2401.1,141.03,652.18,377.84,42.71,16.65,0.278,28.1,25.46,23.63,2411.0,141.78,649.19,372.61,42.47,16.66,0.258,23.73,MISFIRE,1,0.284,-9.900000000000091,-0.75,2.9899999999998954,5.229999999999961,0.240000000000002,-0.010000000000001563,0.020000000000000018,-0.10000000000000142
43.0,ENG-002,MIS-0005,CRUISE,61.31,9600.0,-37.03,2551.6,145.16,675.2,384.68,40.94,18.13,0.25,27.94,25.27,23.85,2516.5,145.17,668.79,383.92,42.53,17.49,0.261,23.84,MISFIRE,1,0.321,35.09999999999991,-0.009999999999990905,6.410000000000082,0.7599999999999909,-1.5900000000000034,0.6400000000000006,-0.01100000000000001,0.010000000000001563
44.0,ENG-002,MIS-0005,CRUISE,60.13,9600.0,-38.49,2487.3,143.73,660.03,380.27,42.82,17.76,0.301,27.99,25.45,23.83,2483.8,144.12,662.7,380.4,42.58,17.23,0.259,23.8,MISFIRE,1,0.36,3.5,-0.3900000000000148,-2.6700000000000728,-0.12999999999999545,0.240000000000002,0.5300000000000011,0.04199999999999998,0.029999999999997584
45.0,ENG-002,MIS-0005,LOITER,43.57,9600.0,-37.42,1995.2,130.49,572.63,334.6,43.39,13.49,0.227,27.88,25.39,23.36,2019.9,129.21,576.56,330.71,42.63,13.59,0.241,23.31,MISFIRE,1,0.401,-24.700000000000045,1.2800000000000011,-3.92999999999995,3.890000000000043,0.759999999999998,-0.09999999999999964,-0.013999999999999985,0.05000000000000071
46.0,ENG-002,MIS-0005,LOITER,42.81,9600.0,-38.36,1995.4,128.18,569.52,326.21,44.74,12.99,0.246,28.07,25.46,23.03,1998.6,128.53,572.6,328.42,42.67,13.42,0.24,23.28,MISFIRE,1,0.443,-3.199999999999818,-0.3499999999999943,-3.080000000000041,-2.2100000000000364,2.0700000000000003,-0.4299999999999997,0.006000000000000005,-0.25
47.0,ENG-002,MIS-0005,LOITER,47.87,9600.0,-37.77,2137.6,132.76,603.96,341.73,42.69,14.53,0.272,27.95,25.23,23.57,2140.4,133.08,598.93,343.61,42.72,14.53,0.244,23.44,MISFIRE,1,0.485,-2.800000000000182,-0.3200000000000216,5.030000000000086,-1.8799999999999955,-0.030000000000001137,0.0,0.028000000000000025,0.129999999999999
48.0,ENG-002,MIS-0005,LOITER,43.91,9600.0,-37.69,2032.3,127.51,572.62,330.13,43.24,14.24,0.248,28.28,25.46,23.41,2029.4,129.52,578.32,331.72,42.76,13.66,0.24,23.32,MISFIRE,1,0.527,2.8999999999998636,-2.010000000000005,-5.7000000000000455,-1.5900000000000318,0.480000000000004,0.5800000000000001,0.008000000000000007,0.08999999999999986
49.0,ENG-002,MIS-0005,LOITER,47.46,9600.0,-37.01,2143.9,132.34,600.91,343.69,42.74,13.84,0.238,27.81,25.64,23.56,2128.8,132.71,596.77,342.37,42.81,14.44,0.243,23.42,MISFIRE,1,0.568,15.099999999999909,-0.37000000000000455,4.139999999999986,1.3199999999999932,-0.07000000000000028,-0.5999999999999996,-0.0050000000000000044,0.13999999999999702
50.0,ENG-002,MIS-0005,LOITER,44.31,9600.0,-37.37,2042.3,128.68,584.36,333.5,43.23,12.89,0.256,27.78,25.54,23.14,2040.6,129.88,580.39,332.92,42.85,13.75,0.238,23.33,MISFIRE,1,0.607,1.7000000000000455,-1.1999999999999886,3.9700000000000273,0.5799999999999841,0.37999999999999545,-0.8599999999999994,0.018000000000000016,-0.18999999999999773
51.0,ENG-002,MIS-0005,LOITER,48.64,9600.0,-36.36,2134.4,135.45,608.03,345.14,41.9,15.17,0.267,27.93,25.46,23.8,2162.0,133.78,602.93,345.92,42.9,14.7,0.242,23.46,MISFIRE,1,0.645,-27.59999999999991,1.6699999999999875,5.100000000000023,-0.7800000000000296,-1.0,0.47000000000000064,0.025000000000000022,0.33999999999999986
52.0,ENG-002,MIS-0005,LOITER,45.87,9600.0,-37.55,2064.8,130.46,588.65,329.09,42.58,13.72,0.24,28.1,25.7,23.33,2084.5,131.29,588.54,337.62,42.94,14.09,0.238,23.38,MISFIRE,1,0.68,-19.699999999999818,-0.8299999999999841,0.11000000000001364,-8.53000000000003,-0.35999999999999943,-0.3699999999999992,0.0020000000000000018,-0.05000000000000071
53.0,ENG-002,MIS-0005,LOITER,44.52,9600.0,-37.45,2039.6,130.68,579.52,334.48,41.68,13.62,0.221,27.75,25.52,23.13,2046.4,130.06,581.48,333.55,42.99,13.79,0.236,23.34,MISFIRE,1,0.712,-6.800000000000182,0.6200000000000045,-1.9600000000000364,0.9300000000000068,-1.3100000000000023,-0.16999999999999993,-0.014999999999999986,-0.21000000000000085
54.0,ENG-002,MIS-0005,DESCENT,29.84,9600.0,-38.23,1648.5,115.21,505.74,290.41,43.46,10.95,0.224,27.99,25.41,22.99,1635.6,116.86,505.19,289.53,43.03,10.57,0.22,22.9,MISFIRE,1,0.742,12.900000000000091,-1.6500000000000057,0.5500000000000114,0.8800000000000523,0.4299999999999997,0.379999999999999,0.0040000000000000036,0.08999999999999986
55.0,ENG-002,MIS-0005,DESCENT,30.06,9600.0,-37.65,1649.9,115.37,508.15,295.32,42.6,10.61,0.196,27.88,25.75,23.07,1641.6,117.05,506.29,290.17,43.06,10.61,0.219,22.9,MISFIRE,1,0.768,8.300000000000182,-1.6799999999999926,1.8599999999999568,5.149999999999977,-0.46000000000000085,0.0,-0.022999999999999993,0.1700000000000017
56.0,ENG-002,MIS-0005,DESCENT,28.29,9600.0,-36.97,,114.7,494.96,289.11,42.42,9.91,0.226,27.7,25.53,23.36,1592.2,115.46,497.12,284.88,43.1,10.22,0.216,22.85,MISFIRE,1,0.792,,-0.7599999999999909,-2.160000000000025,4.230000000000018,-0.6799999999999997,-0.3100000000000005,0.010000000000000009,0.509999999999998
57.0,ENG-002,MIS-0005,DESCENT,28.76,9600.0,-36.73,1603.9,115.52,498.14,285.41,43.43,10.58,0.203,28.34,25.53,22.75,1605.2,115.88,499.55,286.28,43.13,10.33,0.216,22.86,MISFIRE,1,0.813,-1.2999999999999545,-0.35999999999999943,-1.410000000000025,-0.8699999999999477,0.29999999999999716,0.25,-0.012999999999999984,-0.10999999999999943
58.0,ENG-002,MIS-0005,DESCENT,34.36,9600.0,-37.77,1784.4,121.32,518.16,311.59,42.31,12.02,0.201,28.13,25.56,23.22,1762.1,120.92,528.67,303.08,43.17,11.56,0.221,23.03,MISFIRE,1,0.831,22.300000000000182,0.3999999999999915,-10.509999999999991,8.509999999999991,-0.8599999999999994,0.4599999999999991,-0.01999999999999999,0.18999999999999773
59.0,ENG-002,MIS-0005,DESCENT,31.17,9600.0,-36.89,1668.2,119.19,510.52,300.9,42.07,11.04,0.219,28.23,25.72,23.1,1672.8,118.05,512.09,293.51,43.21,10.86,0.217,22.94,MISFIRE,1,0.847,-4.599999999999909,1.1400000000000006,-1.57000000000005,7.389999999999986,-1.1400000000000006,0.17999999999999972,0.0020000000000000018,0.16000000000000014
60.0,ENG-002,MIS-0005,DESCENT,28.24,9600.0,-37.71,1580.7,116.84,495.9,290.6,43.01,9.7,0.204,28.0,25.43,23.01,1590.8,115.42,496.86,284.73,43.24,10.21,0.212,22.85,MISFIRE,1,0.861,-10.099999999999909,1.4200000000000017,-0.9600000000000364,5.8700000000000045,-0.23000000000000398,-0.5100000000000016,-0.008000000000000007,0.16000000000000014
61.0,ENG-002,MIS-0005,LANDING,21.12,9600.0,-37.23,1383.3,109.79,460.56,259.77,43.05,8.58,0.226,28.34,25.76,22.68,1391.4,109.01,459.84,263.37,43.28,8.65,0.204,22.63,MISFIRE,1,0.873,-8.100000000000136,0.7800000000000011,0.7200000000000273,-3.6000000000000227,-0.23000000000000398,-0.07000000000000028,0.02200000000000002,0.05000000000000071
62.0,ENG-002,MIS-0005,LANDING,26.36,9600.0,-38.42,1514.3,113.79,484.49,281.4,43.72,10.1,0.21,27.86,25.49,22.92,1538.0,113.72,487.06,279.08,43.31,9.8,0.209,22.79,MISFIRE,1,0.883,-23.700000000000045,0.07000000000000739,-2.569999999999993,2.319999999999993,0.4099999999999966,0.29999999999999893,0.0010000000000000009,0.13000000000000256
0.0,ENG-003,MIS-0006,TAXI,14.11,0.0,25.28,1198.3,106.19,431.02,233.26,40.77,6.8,0.214,28.07,25.38,22.19,1195.2,105.87,429.72,242.34,40.03,7.1,0.195,22.42,NORMAL,0,0.0,3.099999999999909,0.3199999999999932,1.2999999999999545,-9.080000000000013,0.740000000000002,-0.2999999999999998,0.01899999999999999,-0.23000000000000043
1.0,ENG-003,MIS-0006,TAXI,7.7,0.0,25.24,1014.1,100.31,408.52,223.01,39.47,5.54,0.18,28.07,25.48,22.33,1015.5,100.07,396.31,223.09,40.05,5.69,0.189,22.23,NORMAL,0,0.0,-1.3999999999999773,0.2400000000000091,12.20999999999998,-0.0800000000000125,-0.5799999999999983,-0.15000000000000036,-0.009000000000000008,0.09999999999999787
2.0,ENG-003,MIS-0006,TAXI,18.8,0.0,24.77,1330.7,110.58,451.02,254.78,39.5,8.44,0.19,28.09,25.81,22.85,1326.5,109.79,453.51,256.41,40.08,8.14,0.202,22.56,NORMAL,0,0.0,4.2000000000000455,0.789999999999992,-2.490000000000009,-1.6300000000000239,-0.5799999999999983,0.29999999999999893,-0.01200000000000001,0.2900000000000027
3.0,ENG-003,MIS-0006,TAKEOFF,100.0,2832.5,7.19,3611.1,178.27,865.61,507.06,39.89,25.75,0.288,28.08,25.44,24.96,3600.0,180.0,870.0,500.0,40.16,26.0,0.288,25.0,NORMAL,0,0.0,11.099999999999909,-1.7299999999999898,-4.389999999999986,7.060000000000002,-0.269999999999996,-0.25,0.0,-0.03999999999999915
4.0,ENG-003,MIS-0006,TAKEOFF,92.36,3110.0,4.71,3394.4,173.48,829.62,477.91,39.76,24.15,0.299,28.07,25.33,24.58,3386.2,173.13,830.3,477.09,40.24,24.32,0.281,24.77,NORMAL,0,0.0,8.200000000000273,0.3499999999999943,-0.67999999999995,0.82000000000005,-0.480000000000004,-0.1700000000000017,0.01799999999999996,-0.19000000000000128
5.0,ENG-003,MIS-0006,TAKEOFF,96.17,3387.4,2.54,3496.8,176.12,854.38,492.21,41.0,25.14,0.287,27.78,25.73,24.82,3492.8,176.56,850.1,488.52,40.32,25.16,0.286,24.89,NORMAL,0,0.0,4.0,-0.4399999999999977,4.279999999999973,3.6899999999999977,0.6799999999999997,-0.019999999999999574,0.0010000000000000009,-0.07000000000000028
6.0,ENG-003,MIS-0006,CLIMB,85.24,3664.9,0.23,3176.8,167.71,797.78,447.88,40.22,22.79,0.28,28.08,25.56,24.22,3186.7,166.72,793.25,455.72,40.39,22.75,0.275,24.56,NORMAL,0,0.0,-9.899999999999636,0.9900000000000091,4.529999999999973,-7.840000000000032,-0.1700000000000017,0.03999999999999915,0.0050000000000000044,-0.33999999999999986
7.0,ENG-003,MIS-0006,CLIMB,89.44,3942.4,-0.37,3305.0,171.18,811.96,471.16,38.5,23.64,0.283,27.86,25.48,24.73,3304.3,170.5,815.09,468.32,40.46,23.68,0.281,24.68,NORMAL,0,0.0,0.6999999999998181,0.6800000000000068,-3.1299999999999955,2.840000000000032,-1.9600000000000009,-0.03999999999999915,0.0019999999999999463,0.05000000000000071
8.0,ENG-003,MIS-0006,CLIMB,87.81,4219.9,-2.99,3248.9,168.57,804.36,464.91,40.53,22.8,0.271,28.01,25.49,24.46,3258.8,169.03,806.63,463.44,40.53,23.32,0.28,24.63,NORMAL,0,0.0,-9.900000000000091,-0.46000000000000796,-2.269999999999982,1.4700000000000273,0.0,-0.5199999999999996,-0.009000000000000008,-0.16999999999999815
9.0,ENG-003,MIS-0006,CLIMB,86.38,4497.4,-4.29,3244.3,169.12,795.31,462.55,40.93,23.33,0.287,27.89,25.53,24.65,3218.6,167.74,799.18,459.14,40.6,23.0,0.279,24.59,NORMAL,0,0.0,25.700000000000273,1.3799999999999955,-3.8700000000000045,3.410000000000025,0.3299999999999983,0.3299999999999983,0.007999999999999952,0.05999999999999872
10.0,ENG-003,MIS-0006,CLIMB,83.56,4774.9,-6.05,3125.3,164.23,786.71,456.68,40.04,22.4,0.282,27.66,25.35,24.28,3139.5,165.2,784.49,450.67,40.67,22.38,0.277,24.51,NORMAL,0,0.0,-14.199999999999818,-0.9699999999999989,2.2200000000000273,6.009999999999991,-0.6300000000000026,0.019999999999999574,0.004999999999999949,-0.23000000000000043
11.0,ENG-003,MIS-0006,CLIMB,83.26,5052.4,-7.87,3122.7,165.97,784.05,444.88,40.32,22.36,0.247,28.18,25.62,24.38,3131.3,164.93,782.96,449.78,40.74,22.32,0.278,24.5,NORMAL,0,0.0,-8.600000000000364,1.039999999999992,1.0899999999999181,-4.899999999999977,-0.4200000000000017,0.03999999999999915,-0.031000000000000028,-0.120000000000001
12.0,ENG-003,MIS-0006,CLIMB,81.4,5329.9,-9.62,3071.9,163.3,772.87,440.56,42.66,22.05,0.291,28.2,25.45,23.93,3079.3,163.26,773.29,444.21,40.81,21.91,0.277,24.44,NORMAL,0,0.0,-7.400000000000091,0.040000000000020464,-0.4199999999999591,-3.6499999999999773,1.8499999999999943,0.14000000000000057,0.013999999999999957,-0.5100000000000016
13.0,ENG-003,MIS-0006,CLIMB,84.33,5607.4,-10.91,3180.2,165.18,789.78,453.98,39.29,22.06,0.213,28.19,25.59,24.29,3161.1,165.89,788.49,452.98,40.88,22.55,0.281,24.53,NORMAL,0,0.0,19.09999999999991,-0.7099999999999795,1.2899999999999636,1.0,-1.5900000000000034,-0.490000000000002,-0.06800000000000003,-0.240000000000002
14.0,ENG-003,MIS-0006,CLIMB,85.69,5884.8,-13.78,3200.4,168.03,795.73,460.12,40.13,22.54,0.295,28.09,25.74,24.43,3199.4,167.12,795.61,457.08,40.95,22.85,0.283,24.57,NORMAL,0,0.0,1.0,0.9099999999999966,0.12000000000000455,3.0400000000000205,-0.8200000000000003,-0.3100000000000023,0.01200000000000001,-0.14000000000000057
15.0,ENG-003,MIS-0006,CRUISE,60.62,6000.0,-14.22,2508.7,143.32,663.03,383.72,41.52,16.93,0.29,28.09,25.34,23.66,2497.4,144.56,665.23,381.86,41.01,17.34,0.257,23.82,NORMAL,0,0.0,11.299999999999727,-1.240000000000009,-2.2000000000000455,1.8600000000000136,0.5100000000000051,-0.41000000000000014,0.032999999999999974,-0.16000000000000014
16.0,ENG-003,MIS-0006,CRUISE,64.54,6000.0,-14.46,2624.1,148.6,,393.2,41.57,17.73,0.278,28.02,25.52,24.03,2607.0,148.08,685.59,393.61,41.07,18.2,0.262,23.94,NORMAL,0,0.0,17.09999999999991,0.5199999999999818,,-0.410000000000025,0.5,-0.46999999999999886,0.016000000000000014,0.08999999999999986
17.0,ENG-003,MIS-0006,CRUISE,60.46,6000.0,-13.79,2481.4,144.58,664.27,374.43,41.89,17.5,0.242,27.99,25.32,23.93,2492.8,144.41,664.38,381.37,41.12,17.3,0.259,23.81,NORMAL,0,0.0,-11.400000000000091,0.17000000000001592,-0.11000000000001364,-6.939999999999998,0.7700000000000031,0.1999999999999993,-0.017000000000000015,0.120000000000001
18.0,ENG-003,MIS-0006,CRUISE,61.69,6000.0,-14.22,2526.0,147.39,,379.38,42.85,17.62,0.263,28.14,25.65,23.73,2527.2,145.52,670.77,385.06,41.18,17.57,0.26,23.85,NORMAL,0,0.0,-1.199999999999818,1.8699999999999761,,-5.680000000000007,1.6700000000000017,0.05000000000000071,0.0030000000000000027,-0.120000000000001
19.0,ENG-003,MIS-0006,CRUISE,60.3,6000.0,-13.8,2494.9,145.12,665.39,389.85,40.95,17.1,0.266,28.2,25.26,23.92,2488.3,144.27,663.54,380.89,41.23,17.27,0.26,23.81,NORMAL,0,0.0,6.599999999999909,0.8499999999999943,1.8500000000000227,8.960000000000036,-0.27999999999999403,-0.16999999999999815,0.006000000000000005,0.11000000000000298
20.0,ENG-003,MIS-0006,CRUISE,58.02,6000.0,-13.5,2422.5,141.46,645.86,367.24,41.83,17.53,0.26,27.91,25.5,23.55,2424.5,142.22,651.7,374.06,41.29,16.76,0.258,23.74,NORMAL,0,0.0,-2.0,-0.7599999999999909,-5.840000000000032,-6.819999999999993,0.5399999999999991,0.7699999999999996,0.0020000000000000018,-0.18999999999999773
21.0,ENG-003,MIS-0006,CRUISE,56.22,6000.0,-13.99,2383.4,139.15,649.38,370.47,39.87,16.69,0.259,27.98,25.53,23.6,2374.3,140.6,642.37,368.67,41.34,16.37,0.256,23.69,NORMAL,0,0.0,9.099999999999909,-1.4499999999999886,7.009999999999991,1.8000000000000114,-1.470000000000006,0.3200000000000003,0.0030000000000000027,-0.08999999999999986
22.0,ENG-003,MIS-0006,CRUISE,55.66,6000.0,-14.21,2359.5,139.87,631.22,376.11,42.2,16.28,0.275,28.25,25.37,23.71,2358.5,140.09,639.44,366.98,41.39,16.25,0.256,23.67,NORMAL,0,0.0,1.0,-0.21999999999999886,-8.220000000000027,9.129999999999995,0.8100000000000023,0.030000000000001137,0.019000000000000017,0.03999999999999915
23.0,ENG-003,MIS-0006,CRUISE,58.4,6000.0,-13.94,2430.1,142.62,658.45,374.93,40.79,16.66,0.218,28.07,25.4,23.64,2435.1,142.56,653.66,375.19,41.44,16.85,0.26,23.75,NORMAL,0,0.0,-5.0,0.060000000000002274,4.790000000000077,-0.2599999999999909,-0.6499999999999986,-0.19000000000000128,-0.04200000000000001,-0.10999999999999943
24.0,ENG-003,MIS-0006,CRUISE,67.95,6000.0,-14.28,2700.1,152.45,700.12,404.09,42.27,19.52,0.269,27.87,25.59,24.04,2702.7,151.16,703.36,403.86,41.5,18.95,0.27,24.04,NORMAL,0,0.0,-2.599999999999909,1.289999999999992,-3.240000000000009,0.22999999999996135,0.7700000000000031,0.5700000000000003,-0.0010000000000000009,0.0
25.0,ENG-003,MIS-0006,CRUISE,60.42,6000.0,-13.79,2494.6,146.39,661.62,377.25,40.75,17.16,0.292,27.99,25.53,23.65,2491.9,144.38,664.2,381.27,41.56,17.29,0.262,23.81,NORMAL,0,0.0,2.699999999999818,2.009999999999991,-2.580000000000041,-4.019999999999982,-0.8100000000000023,-0.129999999999999,0.02999999999999997,-0.16000000000000014
26.0,ENG-003,MIS-0006,CRUISE,66.56,6000.0,-14.61,2663.9,152.56,697.49,399.38,39.63,18.26,0.294,28.21,25.35,24.11,2663.6,149.9,696.09,399.67,41.62,18.64,0.269,24.0,NORMAL,0,0.0,0.3000000000001819,2.6599999999999966,1.3999999999999773,-0.29000000000002046,-1.9899999999999949,-0.379999999999999,0.024999999999999967,0.10999999999999943
27.0,ENG-003,MIS-0006,CRUISE,56.23,6000.0,-13.96,2363.1,139.6,648.21,365.82,42.44,16.15,0.211,28.16,25.62,23.54,2374.5,140.61,642.42,368.7,41.67,16.37,0.259,23.69,NORMAL,0,0.0,-11.400000000000091,-1.0100000000000193,5.790000000000077,-2.8799999999999955,0.769999999999996,-0.22000000000000242,-0.048000000000000015,-0.15000000000000213
28.0,ENG-003,MIS-0006,CRUISE,57.49,6000.0,-15.18,2410.0,141.91,651.67,373.53,43.32,16.61,0.247,28.05,25.21,23.55,2409.8,141.74,648.96,372.47,41.72,16.65,0.26,23.72,NORMAL,0,0.0,0.1999999999998181,0.1699999999999875,2.7099999999999227,1.0599999999999454,1.6000000000000014,-0.03999999999999915,-0.013000000000000012,-0.16999999999999815
29.0,ENG-003,MIS-0006,CRUISE,61.22,6000.0,-13.85,2479.5,144.03,668.89,382.5,42.22,17.77,0.26,27.96,25.6,23.71,2514.1,145.1,668.33,383.65,41.78,17.47,0.264,23.84,NORMAL,0,0.0,-34.59999999999991,-1.0699999999999932,0.5599999999999454,-1.1499999999999773,0.4399999999999977,0.3000000000000007,-0.0040000000000000036,-0.129999999999999
30.0,ENG-003,MIS-0006,CRUISE,65.25,6000.0,-14.23,2618.9,147.8,688.73,393.4,42.72,17.86,0.297,28.0,25.46,24.06,2627.1,148.73,689.32,395.76,41.84,18.36,0.268,23.96,NORMAL,0,0.0,-8.199999999999818,-0.9299999999999784,-0.5900000000000318,-2.3600000000000136,0.8799999999999955,-0.5,0.02899999999999997,0.09999999999999787
31.0,ENG-003,MIS-0006,CRUISE,64.12,6000.0,-13.65,2598.2,145.19,680.96,388.49,42.27,17.98,0.261,28.08,25.53,24.29,2595.5,147.71,683.44,392.37,41.89,18.11,0.267,23.92,NORMAL,0,0.0,2.699999999999818,-2.5200000000000102,-2.480000000000018,-3.8799999999999955,0.38000000000000256,-0.129999999999999,-0.006000000000000005,0.36999999999999744
32.0,ENG-003,MIS-0006,CRUISE,51.43,6000.0,-14.08,2207.2,138.03,620.02,357.27,41.2,14.52,0.276,27.91,25.6,23.94,2240.0,136.29,617.43,354.28,41.94,15.31,0.254,23.54,NORMAL,0,0.0,-32.80000000000018,1.740000000000009,2.590000000000032,2.990000000000009,-0.7399999999999949,-0.7900000000000009,0.02200000000000002,0.40000000000000213
33.0,ENG-003,MIS-0006,CRUISE,61.53,6000.0,-14.12,2506.0,147.29,665.46,381.35,41.01,18.26,0.265,27.74,25.44,24.11,2522.9,145.38,669.96,384.59,42.0,17.54,0.265,23.85,NORMAL,0,0.0,-16.90000000000009,1.9099999999999966,-4.5,-3.2399999999999523,-0.990000000000002,0.7200000000000024,0.0,0.259999999999998
34.0,ENG-003,MIS-0006,CRUISE,56.82,6000.0,-13.34,2402.4,140.74,640.59,369.03,42.27,16.38,0.224,28.13,25.42,24.08,2391.0,141.14,645.47,370.46,42.05,16.5,0.259,23.7,NORMAL,0,0.0,11.400000000000091,-0.39999999999997726,-4.8799999999999955,-1.4300000000000068,0.22000000000000597,-0.120000000000001,-0.035,0.379999999999999
35.0,ENG-003,MIS-0006,CRUISE,58.47,6000.0,-13.51,2443.5,143.96,664.13,375.98,42.45,16.59,0.269,27.75,25.57,23.85,2437.1,142.62,654.04,375.41,42.1,16.86,0.261,23.75,NORMAL,0,0.0,6.400000000000091,1.3400000000000034,10.090000000000032,0.5699999999999932,0.3500000000000014,-0.2699999999999996,0.008000000000000007,0.10000000000000142
36.0,ENG-003,MIS-0006,CRUISE,63.53,6000.0,-14.35,2589.5,148.68,684.19,393.76,42.59,17.81,0.278,28.03,25.68,24.17,2578.9,147.18,680.36,390.6,42.16,17.98,0.266,23.91,NORMAL,0,0.0,10.599999999999909,1.5,3.830000000000041,3.159999999999968,0.4300000000000068,-0.1700000000000017,0.01200000000000001,0.26000000000000156
37.0,ENG-003,MIS-0006,CRUISE,57.38,6000.0,-14.23,2441.5,140.46,650.29,373.43,41.17,16.34,0.229,27.82,25.71,23.73,2406.5,141.64,648.36,372.13,42.21,16.62,0.259,23.72,NORMAL,0,0.0,35.0,-1.1799999999999784,1.92999999999995,1.3000000000000114,-1.0399999999999991,-0.28000000000000114,-0.03,0.010000000000001563
38.0,ENG-003,MIS-0006,CRUISE,59.53,6000.0,-14.46,2459.7,142.58,657.13,375.85,42.63,17.35,0.257,28.14,25.49,23.4,2466.8,143.57,659.54,378.58,42.27,17.1,0.261,23.79,NORMAL,0,0.0,-7.100000000000364,-0.9899999999999807,-2.409999999999968,-2.7299999999999613,0.35999999999999943,0.25,-0.0040000000000000036,-0.39000000000000057
39.0,ENG-003,MIS-0006,CRUISE,60.47,6000.0,-14.33,2512.0,146.35,664.29,382.37,42.07,17.73,0.262,28.25,25.54,23.65,2493.1,144.42,664.42,381.4,42.32,17.3,0.262,23.81,NORMAL,0,0.0,18.90000000000009,1.9300000000000068,-0.12999999999999545,0.9700000000000273,-0.25,0.4299999999999997,0.0,-0.16000000000000014
40.0,ENG-003,MIS-0006,CRUISE,59.59,6000.0,-13.8,2453.9,142.54,662.77,380.92,43.16,16.91,0.258,28.0,25.43,23.67,2468.6,143.63,659.89,378.78,42.38,17.11,0.261,23.79,NORMAL,0,0.0,-14.699999999999818,-1.0900000000000034,2.8799999999999955,2.140000000000043,0.779999999999994,-0.1999999999999993,-0.0030000000000000027,-0.11999999999999744
41.0,ENG-003,MIS-0006,LOITER,45.88,6000.0,-13.3,2072.7,131.7,589.85,337.85,41.8,13.9,0.263,28.21,25.45,23.54,2084.7,131.29,588.59,337.65,42.42,14.09,0.246,23.38,NORMAL,0,0.0,-12.0,0.4099999999999966,1.259999999999991,0.20000000000004547,-0.6200000000000045,-0.1899999999999995,0.017000000000000015,0.16000000000000014
42.0,ENG-003,MIS-0006,LOITER,46.76,6000.0,-13.72,2070.5,131.29,593.71,342.22,41.74,14.1,0.274,27.68,25.27,23.43,2109.2,132.08,593.15,340.28,42.47,14.29,0.246,23.4,NORMAL,0,0.0,-38.69999999999982,-0.7900000000000205,0.5600000000000591,1.9400000000000546,-0.7299999999999969,-0.1899999999999995,0.028000000000000025,0.030000000000001137
43.0,ENG-003,MIS-0006,LOITER,42.88,6000.0,-14.41,1995.0,128.71,573.3,324.82,43.02,13.32,0.242,28.09,25.43,23.31,2000.7,128.59,572.99,328.65,42.51,13.43,0.242,23.29,NORMAL,0,0.0,-5.7000000000000455,0.12000000000000455,0.30999999999994543,-3.829999999999984,0.5100000000000051,-0.10999999999999943,0.0,0.019999999999999574
44.0,ENG-003,MIS-0006,LOITER,47.84,6000.0,-13.3,2148.8,132.18,596.68,343.28,40.98,14.6,0.239,28.27,25.55,23.37,2139.6,133.06,598.78,343.53,42.56,14.53,0.246,23.44,NORMAL,0,0.0,9.200000000000273,-0.8799999999999955,-2.1000000000000227,-0.25,-1.5800000000000054,0.07000000000000028,-0.007000000000000006,-0.07000000000000028
45.0,ENG-003,MIS-0006,LOITER,45.77,6000.0,-13.85,2085.6,132.94,588.75,333.58,43.2,14.08,0.259,28.16,25.49,23.2,2081.4,131.19,587.98,337.3,42.61,14.07,0.244,23.37,NORMAL,0,0.0,4.199999999999818,1.75,0.7699999999999818,-3.7200000000000273,0.5900000000000034,0.009999999999999787,0.015000000000000013,-0.1700000000000017
46.0,ENG-003,MIS-0006,LOITER,44.75,6000.0,-13.59,2063.3,128.38,591.82,336.56,43.77,14.1,0.223,28.01,25.54,23.32,2053.0,130.27,582.7,334.25,42.65,13.84,0.242,23.34,NORMAL,0,0.0,10.300000000000182,-1.8900000000000148,9.120000000000005,2.3100000000000023,1.1200000000000045,0.2599999999999998,-0.01899999999999999,-0.019999999999999574
47.0,ENG-003,MIS-0006,LOITER,40.19,6000.0,-14.45,1900.6,125.94,558.13,327.25,42.84,13.16,0.238,28.04,25.41,23.31,1925.4,126.17,559.0,320.57,42.69,12.84,0.236,23.21,NORMAL,0,0.0,-24.800000000000182,-0.23000000000000398,-0.8700000000000045,6.680000000000007,0.15000000000000568,0.3200000000000003,0.0020000000000000018,0.09999999999999787
48.0,ENG-003,MIS-0006,LOITER,43.27,6000.0,-14.84,2026.5,128.86,569.59,330.55,42.84,13.29,0.265,27.91,25.62,23.37,2011.6,128.94,575.01,329.81,42.74,13.52,0.239,23.3,NORMAL,0,0.0,14.900000000000091,-0.07999999999998408,-5.419999999999959,0.7400000000000091,0.10000000000000142,-0.23000000000000043,0.026000000000000023,0.07000000000000028
49.0,ENG-003,MIS-0006,LOITER,41.73,6000.0,-13.79,1962.3,128.79,566.17,326.56,41.51,12.98,0.176,28.01,25.61,23.11,1968.4,127.56,566.99,325.19,42.78,13.18,0.237,23.25,NORMAL,0,0.0,-6.100000000000136,1.2299999999999898,-0.82000000000005,1.3700000000000045,-1.2700000000000031,-0.1999999999999993,-0.061,-0.14000000000000057
50.0,ENG-003,MIS-0006,DESCENT,27.08,6000.0,-14.67,1549.3,115.76,480.14,284.77,42.51,10.03,0.219,27.93,25.47,23.01,1558.3,114.38,490.84,281.25,42.81,9.96,0.22,22.81,NORMAL,0,0.0,-9.0,1.3800000000000097,-10.699999999999989,3.519999999999982,-0.30000000000000426,0.06999999999999851,-0.0010000000000000009,0.20000000000000284
51.0,ENG-003,MIS-0006,DESCENT,29.82,6000.0,-12.88,1646.8,114.88,501.92,290.78,43.09,10.46,0.219,28.0,25.32,22.91,1635.0,116.84,505.08,289.47,42.85,10.56,0.222,22.89,NORMAL,0,0.0,11.799999999999955,-1.960000000000008,-3.159999999999968,1.3099999999999454,0.240000000000002,-0.09999999999999964,-0.0030000000000000027,0.019999999999999574
52.0,ENG-003,MIS-0006,DESCENT,31.14,6000.0,-13.23,1670.0,120.99,507.01,293.49,42.2,10.97,0.236,27.95,25.74,23.15,1672.0,118.03,511.95,293.43,42.89,10.85,0.223,22.93,NORMAL,0,0.0,-2.0,2.9599999999999937,-4.939999999999998,0.060000000000002274,-0.6899999999999977,0.120000000000001,0.012999999999999984,0.21999999999999886
53.0,ENG-003,MIS-0006,DESCENT,29.48,6000.0,-14.62,1607.2,114.99,504.37,289.51,43.38,10.64,0.245,27.87,25.35,22.79,1625.5,116.53,503.3,288.44,42.92,10.49,0.22,22.88,NORMAL,0,0.0,-18.299999999999955,-1.5400000000000063,1.0699999999999932,1.0699999999999932,0.46000000000000085,0.15000000000000036,0.024999999999999994,-0.08999999999999986
54.0,ENG-003,MIS-0006,DESCENT,38.54,6000.0,-13.91,1890.6,126.86,553.03,319.12,41.87,12.64,0.225,27.97,25.68,23.27,1879.2,124.69,550.42,315.62,42.97,12.48,0.229,23.16,NORMAL,0,0.0,11.399999999999864,2.1700000000000017,2.6100000000000136,3.5,-1.1000000000000014,0.16000000000000014,-0.0040000000000000036,0.10999999999999943
55.0,ENG-003,MIS-0006,LANDING,21.64,6000.0,-13.5,1368.0,112.42,465.32,266.87,43.85,8.97,0.224,28.06,25.58,22.93,1405.8,109.47,462.5,264.91,43.0,8.76,0.21,22.65,NORMAL,0,0.0,-37.799999999999955,2.950000000000003,2.819999999999993,1.9599999999999795,0.8500000000000014,0.21000000000000085,0.014000000000000012,0.28000000000000114
56.0,ENG-003,MIS-0006,LANDING,21.18,6000.0,-13.93,1410.5,110.39,461.06,260.29,44.16,8.8,0.21,28.15,25.93,22.55,1393.1,109.06,460.15,263.55,43.03,8.66,0.209,22.64,NORMAL,0,0.0,17.40000000000009,1.3299999999999983,0.910000000000025,-3.259999999999991,1.1299999999999955,0.14000000000000057,0.0010000000000000009,-0.08999999999999986
0.0,ENG-001,MIS-0007,TAXI,20.4,0.0,25.54,1346.9,112.32,464.3,265.53,39.98,8.39,0.199,28.02,25.52,22.61,1371.3,111.69,462.74,261.21,40.03,8.49,0.201,22.61,SENSOR_DRIFT,0,0.0,-24.399999999999864,0.6299999999999955,1.5600000000000023,4.319999999999993,-0.05000000000000426,-0.09999999999999964,-0.0020000000000000018,0.0
1.0,ENG-001,MIS-0007,TAXI,10.91,0.0,24.68,1121.1,103.03,411.31,228.73,39.96,6.85,0.172,27.98,25.74,22.06,1105.4,102.62,412.34,232.73,40.06,6.4,0.192,22.33,SENSOR_DRIFT,0,0.0,15.699999999999818,0.4099999999999966,-1.0299999999999727,-4.0,-0.10000000000000142,0.4499999999999993,-0.020000000000000018,-0.2699999999999996
2.0,ENG-001,MIS-0007,TAXI,12.93,0.0,24.85,1169.7,105.28,417.27,239.62,40.15,6.52,0.195,27.92,25.22,22.73,1161.9,104.54,423.04,238.78,40.09,6.84,0.196,22.39,SENSOR_DRIFT,0,0.0,7.7999999999999545,0.7399999999999949,-5.770000000000039,0.8400000000000034,0.05999999999999517,-0.3200000000000003,-0.0010000000000000009,0.33999999999999986
3.0,ENG-001,MIS-0007,TAKEOFF,95.55,4611.2,-4.78,3453.2,177.49,842.81,479.3,41.94,24.79,0.252,27.95,25.57,25.05,3475.5,176.0,846.88,486.66,40.16,25.02,0.283,24.87,SENSOR_DRIFT,0,0.0,-22.300000000000182,1.490000000000009,-4.07000000000005,-7.360000000000014,1.7800000000000011,-0.23000000000000043,-0.030999999999999972,0.17999999999999972
4.0,ENG-001,MIS-0007,TAKEOFF,100.0,5081.7,-8.08,3595.6,177.94,871.65,494.95,39.95,25.59,0.324,27.97,25.4,24.79,3600.0,180.0,870.0,500.0,40.24,26.0,0.289,25.0,SENSOR_DRIFT,0,0.0,-4.400000000000091,-2.0600000000000023,1.6499999999999773,-5.050000000000011,-0.28999999999999915,-0.41000000000000014,0.03500000000000003,-0.21000000000000085
5.0,ENG-001,MIS-0007,TAKEOFF,95.05,5552.1,-10.72,3482.9,176.87,846.79,493.6,40.56,24.76,0.284,27.94,25.48,25.05,3461.4,175.55,844.27,485.15,40.32,24.91,0.285,24.85,SENSOR_DRIFT,0,0.0,21.5,1.3199999999999932,2.519999999999982,8.450000000000045,0.240000000000002,-0.14999999999999858,-0.0010000000000000009,0.1999999999999993
6.0,ENG-001,MIS-0007,CLIMB,79.14,6022.5,-14.38,2994.0,159.5,760.03,434.44,41.02,21.16,0.263,27.94,25.41,24.73,3016.0,161.23,761.55,437.43,40.39,21.41,0.269,24.37,SENSOR_DRIFT,0,0.0,-22.0,-1.7299999999999898,-1.5199999999999818,-2.990000000000009,0.6300000000000026,-0.25,-0.006000000000000005,0.35999999999999943
7.0,ENG-001,MIS-0007,CLIMB,89.26,6492.9,-17.98,3272.9,171.81,806.71,463.85,39.68,23.82,0.323,27.74,25.71,24.66,3299.4,170.34,814.17,467.79,40.46,23.64,0.281,24.68,SENSOR_DRIFT,0,0.0,-26.5,1.4699999999999989,-7.459999999999923,-3.9399999999999977,-0.7800000000000011,0.17999999999999972,0.04199999999999998,-0.019999999999999574
8.0,ENG-001,MIS-0007,CLIMB,86.85,6963.3,-19.82,3233.9,167.82,802.15,455.92,40.85,23.34,0.288,28.02,25.37,24.54,3231.8,168.16,801.61,460.55,40.53,23.11,0.279,24.61,SENSOR_DRIFT,0,0.0,2.099999999999909,-0.3400000000000034,0.5399999999999636,-4.6299999999999955,0.3200000000000003,0.23000000000000043,0.008999999999999952,-0.07000000000000028
9.0,ENG-001,MIS-0007,CLIMB,81.18,7433.7,-23.54,3083.4,160.21,777.04,447.54,40.55,22.11,0.252,27.95,25.78,24.15,3073.0,163.06,772.13,443.54,40.6,21.86,0.274,24.44,SENSOR_DRIFT,0,0.0,10.400000000000091,-2.8499999999999943,4.909999999999968,4.0,-0.05000000000000426,0.25,-0.02200000000000002,-0.2900000000000027
10.0,ENG-001,MIS-0007,CLIMB,88.29,7904.2,-26.98,3259.3,170.51,806.03,468.18,39.59,23.58,0.281,28.06,25.47,24.46,3272.2,169.46,809.12,464.87,40.67,23.42,0.282,24.65,SENSOR_DRIFT,0,0.0,-12.899999999999636,1.049999999999983,-3.090000000000032,3.3100000000000023,-1.0799999999999983,0.1599999999999966,-0.0009999999999999454,-0.18999999999999773
11.0,ENG-001,MIS-0007,CLIMB,77.99,8374.6,-29.03,2982.8,160.61,749.67,429.88,42.3,20.65,0.281,28.09,25.64,24.13,2983.8,160.19,755.56,433.98,40.74,21.16,0.272,24.34,SENSOR_DRIFT,0,0.0,-1.0,0.4200000000000159,-5.889999999999986,-4.100000000000023,1.5599999999999952,-0.5100000000000016,0.009000000000000008,-0.21000000000000085
12.0,ENG-001,MIS-0007,CLIMB,88.16,8845.0,-32.65,3280.0,167.45,810.58,460.12,40.1,24.0,0.302,27.97,25.72,24.55,3268.4,169.34,808.42,464.47,40.81,23.39,0.284,24.64,SENSOR_DRIFT,0,0.0,11.599999999999909,-1.8900000000000148,2.160000000000082,-4.350000000000023,-0.7100000000000009,0.6099999999999994,0.018000000000000016,-0.08999999999999986
13.0,ENG-001,MIS-0007,CLIMB,85.2,9315.4,-35.44,3179.2,168.27,785.63,449.72,41.5,22.23,0.296,27.79,25.34,24.81,3185.7,166.68,793.06,455.61,40.88,22.74,0.282,24.56,SENSOR_DRIFT,0,0.0,-6.5,1.5900000000000034,-7.42999999999995,-5.889999999999986,0.6199999999999974,-0.509999999999998,0.014000000000000012,0.25
14.0,ENG-001,MIS-0007,CRUISE,60.95,9600.0,-37.78,2500.6,146.07,661.01,379.38,40.59,16.85,0.261,27.78,25.52,23.75,2506.7,144.86,666.95,382.86,40.94,17.41,0.257,23.83,SENSOR_DRIFT,0,0.0,-6.099999999999909,1.2099999999999795,-5.940000000000055,-3.480000000000018,-0.3499999999999943,-0.5599999999999987,0.0040000000000000036,-0.0799999999999983
15.0,ENG-001,MIS-0007,CRUISE,59.66,9600.0,-37.65,2437.1,142.29,652.62,373.61,41.06,17.77,0.267,27.99,25.58,23.82,2470.3,143.69,660.21,378.97,40.99,17.12,0.256,23.79,SENSOR_DRIFT,0,0.0,-33.20000000000027,-1.4000000000000057,-7.590000000000032,-5.360000000000014,0.07000000000000028,0.6499999999999986,0.01100000000000001,0.030000000000001137
16.0,ENG-001,MIS-0007,CRUISE,59.39,9600.0,-36.51,2457.4,142.98,660.81,374.38,40.58,16.91,0.29,28.11,25.45,23.46,2462.8,143.45,658.81,378.16,41.05,17.07,0.257,23.78,SENSOR_DRIFT,0,0.038,-5.400000000000091,-0.46999999999999886,2.0,-3.7800000000000296,-0.46999999999999886,-0.16000000000000014,0.032999999999999974,-0.3200000000000003
17.0,ENG-001,MIS-0007,CRUISE,61.77,9600.0,-37.35,2546.8,145.02,670.59,381.47,42.2,17.87,0.251,27.85,25.7,23.65,2529.6,145.59,671.21,385.32,41.1,17.59,0.26,23.85,SENSOR_DRIFT,0,0.044,17.200000000000273,-0.5699999999999932,-0.6200000000000045,-3.849999999999966,1.1000000000000014,0.28000000000000114,-0.009000000000000008,-0.20000000000000284
18.0,ENG-001,MIS-0007,CRUISE,63.48,9600.0,-37.57,2583.8,151.59,679.44,388.74,41.8,17.61,0.24,28.13,25.45,23.95,2577.4,147.13,680.08,390.43,41.16,17.96,0.262,23.9,SENSOR_DRIFT,1,0.051,6.400000000000091,4.460000000000008,-0.6399999999999864,-1.6899999999999977,0.6400000000000006,-0.3500000000000014,-0.02200000000000002,0.05000000000000071
19.0,ENG-001,MIS-0007,CRUISE,59.84,9600.0,-36.45,2465.4,144.93,664.6,373.82,41.2,17.21,0.239,27.64,25.53,23.87,2475.4,143.85,661.15,379.51,41.22,17.16,0.259,23.8,SENSOR_DRIFT,1,0.059,-10.0,1.0800000000000125,3.4500000000000455,-5.689999999999998,-0.01999999999999602,0.05000000000000071,-0.020000000000000018,0.07000000000000028
20.0,ENG-001,MIS-0007,CRUISE,62.12,9600.0,-37.78,2525.8,146.71,671.42,386.2,41.57,18.05,0.278,27.98,25.38,23.91,2539.3,145.91,673.02,386.36,41.27,17.67,0.262,23.86,SENSOR_DRIFT,1,0.068,-13.5,0.8000000000000114,-1.6000000000000227,-0.160000000000025,0.29999999999999716,0.379999999999999,0.016000000000000014,0.05000000000000071
21.0,ENG-001,MIS-0007,CRUISE,54.9,9600.0,-37.38,2353.2,140.06,638.92,364.19,40.64,15.65,0.25,27.83,25.4,23.63,2337.2,139.41,635.48,364.7,41.32,16.08,0.255,23.65,SENSOR_DRIFT,1,0.078,16.0,0.6500000000000057,3.439999999999941,-0.5099999999999909,-0.6799999999999997,-0.42999999999999794,-0.0050000000000000044,-0.019999999999999574
22.0,ENG-001,MIS-0007,CRUISE,55.47,9600.0,-38.15,2334.5,142.04,643.17,369.58,40.91,16.65,0.25,28.03,25.51,23.86,2353.1,139.92,638.44,366.41,41.38,16.2,0.256,23.66,SENSOR_DRIFT,1,0.089,-18.59999999999991,2.1200000000000045,4.7299999999999045,3.169999999999959,-0.47000000000000597,0.4499999999999993,-0.006000000000000005,0.1999999999999993
23.0,ENG-001,MIS-0007,CRUISE,63.7,9600.0,-37.26,2588.6,147.88,681.29,391.42,41.08,18.12,0.249,27.99,25.47,24.08,2583.5,147.33,681.22,391.09,41.43,18.01,0.265,23.91,SENSOR_DRIFT,1,0.102,5.099999999999909,0.549999999999983,0.06999999999993634,0.3300000000000409,-0.3500000000000014,0.10999999999999943,-0.016000000000000014,0.16999999999999815
24.0,ENG-001,MIS-0007,CRUISE,61.98,9600.0,-37.63,2551.1,148.69,664.98,382.22,42.22,17.09,0.265,27.95,25.56,23.96,2535.5,145.78,672.31,385.95,41.49,17.64,0.264,23.86,SENSOR_DRIFT,1,0.117,15.599999999999909,2.9099999999999966,-7.329999999999927,-3.7299999999999613,0.7299999999999969,-0.5500000000000007,0.0010000000000000009,0.10000000000000142
25.0,ENG-001,MIS-0007,CRUISE,62.07,9600.0,-37.5,2531.3,147.41,674.76,386.85,40.98,17.51,0.263,28.21,25.34,23.34,2537.9,145.86,672.75,386.2,41.55,17.65,0.264,23.86,SENSOR_DRIFT,1,0.133,-6.599999999999909,1.549999999999983,2.009999999999991,0.6500000000000341,-0.5700000000000003,-0.13999999999999702,-0.0010000000000000009,-0.5199999999999996
26.0,ENG-001,MIS-0007,CRUISE,61.62,9600.0,-37.42,2507.9,144.35,666.27,382.26,42.77,17.57,0.26,27.91,25.73,23.82,2525.4,145.46,670.43,384.86,41.6,17.56,0.264,23.85,SENSOR_DRIFT,1,0.151,-17.5,-1.1100000000000136,-4.159999999999968,-2.6000000000000227,1.1700000000000017,0.010000000000001563,-0.0040000000000000036,-0.030000000000001137
27.0,ENG-001,MIS-0007,CRUISE,59.8,9600.0,-36.22,2488.5,142.68,661.11,381.21,40.96,17.58,0.279,28.01,25.4,23.87,2474.5,143.82,660.98,379.41,41.66,17.16,0.262,23.79,SENSOR_DRIFT,1,0.17,14.0,-1.1399999999999864,0.12999999999999545,1.7999999999999545,-0.6999999999999957,0.41999999999999815,0.017000000000000015,0.08000000000000185
28.0,ENG-001,MIS-0007,CRUISE,57.76,9600.0,-37.91,2411.1,141.55,643.96,382.04,43.72,17.0,0.261,28.12,25.4,23.76,2417.4,141.99,650.37,373.29,41.71,16.71,0.26,23.73,SENSOR_DRIFT,1,0.192,-6.300000000000182,-0.4399999999999977,-6.409999999999968,8.75,2.009999999999998,0.28999999999999915,0.0010000000000000009,0.030000000000001137
29.0,ENG-001,MIS-0007,CRUISE,62.44,9600.0,-37.8,2564.7,150.06,676.85,385.59,41.61,18.03,0.306,27.94,25.84,23.53,2548.3,146.19,674.68,387.31,41.76,17.74,0.265,23.87,SENSOR_DRIFT,1,0.215,16.399999999999636,3.8700000000000045,2.1700000000000728,-1.7200000000000273,-0.14999999999999858,0.2900000000000027,0.04099999999999998,-0.33999999999999986
30.0,ENG-001,MIS-0007,CRUISE,64.68,9600.0,-37.22,2613.6,149.9,683.83,390.69,42.55,18.18,0.282,27.83,25.51,23.67,2611.0,148.21,686.33,394.04,41.82,18.23,0.268,23.94,SENSOR_DRIFT,1,0.24,2.599999999999909,1.6899999999999977,-2.5,-3.3500000000000227,0.7299999999999969,-0.05000000000000071,0.013999999999999957,-0.2699999999999996
31.0,ENG-001,MIS-0007,CRUISE,58.38,9600.0,-36.81,2447.7,142.59,648.88,380.64,41.95,16.49,0.272,27.96,25.53,23.67,2434.8,142.55,653.6,375.15,41.88,16.84,0.261,23.75,SENSOR_DRIFT,1,0.266,12.899999999999636,0.03999999999999204,-4.720000000000027,5.490000000000009,0.07000000000000028,-0.3500000000000014,0.01100000000000001,-0.0799999999999983
32.0,ENG-001,MIS-0007,CRUISE,62.92,9600.0,-37.18,2515.4,146.35,677.43,389.09,42.04,17.56,0.262,28.06,25.52,23.9,2561.6,146.62,677.16,388.75,41.93,17.84,0.266,23.89,SENSOR_DRIFT,1,0.294,-46.19999999999982,-0.27000000000001023,0.2699999999999818,0.339999999999975,0.10999999999999943,-0.28000000000000114,-0.0040000000000000036,0.00999999999999801
33.0,ENG-001,MIS-0007,CRUISE,61.43,9600.0,-37.92,2504.4,148.24,669.74,383.03,42.86,17.19,0.257,27.84,25.39,23.71,2520.1,145.29,669.45,384.3,41.99,17.52,0.264,23.84,SENSOR_DRIFT,1,0.322,-15.699999999999818,2.950000000000017,0.2899999999999636,-1.2700000000000387,0.8699999999999974,-0.3299999999999983,-0.007000000000000006,-0.129999999999999
34.0,ENG-001,MIS-0007,CRUISE,60.96,9600.0,-37.86,2499.3,146.67,670.4,386.81,42.86,17.19,0.243,27.99,25.56,24.02,2506.7,144.86,666.97,382.87,42.04,17.41,0.264,23.83,SENSOR_DRIFT,1,0.351,-7.399999999999636,1.8099999999999739,3.42999999999995,3.9399999999999977,0.8200000000000003,-0.21999999999999886,-0.02100000000000002,0.19000000000000128
35.0,ENG-001,MIS-0007,CRUISE,58.42,9600.0,-38.33,2466.7,143.05,652.4,379.87,42.73,16.73,0.271,27.97,25.38,24.06,2435.7,142.58,653.78,375.26,42.1,16.85,0.261,23.75,SENSOR_DRIFT,1,0.381,31.0,0.46999999999999886,-1.3799999999999955,4.610000000000014,0.6299999999999955,-0.120000000000001,0.010000000000000009,0.3099999999999987
36.0,ENG-001,MIS-0007,CRUISE,59.83,9600.0,-36.13,2517.6,144.7,656.66,378.5,41.56,16.94,0.242,28.06,25.45,23.64,2475.2,143.85,661.11,379.48,42.15,17.16,0.262,23.79,SENSOR_DRIFT,1,0.411,42.40000000000009,0.8499999999999943,-4.4500000000000455,-0.9800000000000182,-0.5899999999999963,-0.21999999999999886,-0.020000000000000018,-0.14999999999999858
37.0,ENG-001,MIS-0007,CRUISE,61.41,9600.0,-37.8,2524.9,147.37,672.34,390.17,42.24,17.88,0.278,27.84,25.38,23.73,2519.6,145.27,669.35,384.24,42.21,17.51,0.264,23.84,SENSOR_DRIFT,1,0.44,5.300000000000182,2.0999999999999943,2.990000000000009,5.930000000000007,0.030000000000001137,0.36999999999999744,0.014000000000000012,-0.10999999999999943
38.0,ENG-001,MIS-0007,CRUISE,56.4,9600.0,-37.66,2405.4,141.72,654.38,370.35,44.41,16.82,0.246,28.19,25.46,23.8,2379.2,140.76,643.29,369.21,42.26,16.41,0.258,23.69,SENSOR_DRIFT,1,0.469,26.200000000000273,0.960000000000008,11.090000000000032,1.1400000000000432,2.1499999999999986,0.41000000000000014,-0.01200000000000001,0.10999999999999943
39.0,ENG-001,MIS-0007,LOITER,44.89,9600.0,-37.23,2039.1,133.49,579.78,332.54,42.46,13.85,0.217,27.78,25.73,23.25,2056.8,130.4,583.41,334.66,42.3,13.87,0.246,23.35,SENSOR_DRIFT,1,0.496,-17.700000000000273,3.0900000000000034,-3.6299999999999955,-2.1200000000000045,0.1600000000000037,-0.019999999999999574,-0.028999999999999998,-0.10000000000000142
40.0,ENG-001,MIS-0007,LOITER,43.76,9600.0,-37.16,1992.5,128.65,570.65,331.26,41.33,13.12,0.229,27.62,25.56,23.28,2025.2,129.38,577.54,331.27,42.35,13.63,0.244,23.31,SENSOR_DRIFT,1,0.523,-32.700000000000045,-0.7299999999999898,-6.889999999999986,-0.009999999999990905,-1.0200000000000031,-0.5100000000000016,-0.014999999999999986,-0.029999999999997584
41.0,ENG-001,MIS-0007,LOITER,43.51,9600.0,-37.3,2008.7,131.15,575.84,335.08,44.84,13.01,0.233,28.06,25.77,23.21,2018.4,129.16,576.27,330.54,42.39,13.57,0.243,23.31,SENSOR_DRIFT,1,0.548,-9.700000000000045,1.990000000000009,-0.42999999999995,4.539999999999964,2.450000000000003,-0.5600000000000005,-0.009999999999999981,-0.09999999999999787
42.0,ENG-001,MIS-0007,LOITER,43.67,9600.0,-37.76,2028.6,130.31,574.36,329.34,42.88,13.77,0.229,27.88,25.59,23.28,2022.6,129.3,577.06,331.0,42.44,13.61,0.243,23.31,SENSOR_DRIFT,1,0.571,6.0,1.009999999999991,-2.699999999999932,-1.660000000000025,0.44000000000000483,0.16000000000000014,-0.013999999999999985,-0.029999999999997584
43.0,ENG-001,MIS-0007,LOITER,46.73,9600.0,-37.78,2126.2,132.12,588.5,347.82,42.14,14.1,0.268,27.97,25.63,23.55,2108.5,132.06,593.0,340.19,42.48,14.28,0.246,23.4,SENSOR_DRIFT,1,0.593,17.699999999999818,0.060000000000002274,-4.5,7.6299999999999955,-0.3399999999999963,-0.17999999999999972,0.02200000000000002,0.15000000000000213
44.0,ENG-001,MIS-0007,LOITER,47.82,9600.0,-37.33,2129.6,135.38,599.3,349.82,42.65,14.38,0.243,27.83,25.19,23.74,2138.9,133.04,598.66,343.46,42.53,14.52,0.246,23.43,SENSOR_DRIFT,1,0.613,-9.300000000000182,2.3400000000000034,0.6399999999999864,6.360000000000014,0.11999999999999744,-0.1399999999999988,-0.0030000000000000027,0.3099999999999987
45.0,ENG-001,MIS-0007,LOITER,48.38,9600.0,-36.93,2143.4,134.98,609.14,352.05,42.6,14.54,0.234,27.93,25.46,23.57,2154.7,133.54,601.59,345.15,42.58,14.64,0.246,23.45,SENSOR_DRIFT,1,0.631,-11.299999999999727,1.4399999999999977,7.5499999999999545,6.900000000000034,0.020000000000003126,-0.10000000000000142,-0.011999999999999983,0.120000000000001
46.0,ENG-001,MIS-0007,LOITER,51.01,9600.0,-37.61,2215.5,138.41,609.61,347.35,42.52,15.19,0.23,28.12,25.53,23.61,2228.2,135.91,615.23,353.02,42.63,15.22,0.248,23.53,SENSOR_DRIFT,1,0.648,-12.699999999999818,2.5,-5.6200000000000045,-5.669999999999959,-0.10999999999999943,-0.030000000000001137,-0.017999999999999988,0.0799999999999983
47.0,ENG-001,MIS-0007,DESCENT,32.38,9600.0,-37.09,1709.0,119.48,522.2,296.75,42.69,11.68,0.269,27.9,25.65,22.71,1706.7,119.15,518.39,297.15,42.66,11.12,0.228,22.97,SENSOR_DRIFT,1,0.662,2.2999999999999545,0.3299999999999983,3.810000000000059,-0.39999999999997726,0.030000000000001137,0.5600000000000005,0.04100000000000001,-0.259999999999998
48.0,ENG-001,MIS-0007,DESCENT,30.66,9600.0,-37.19,1661.2,119.15,504.48,293.04,42.31,10.39,0.212,28.13,25.45,23.02,1658.5,117.6,509.44,291.99,42.7,10.75,0.226,22.92,SENSOR_DRIFT,1,0.675,2.7000000000000455,1.5500000000000114,-4.9599999999999795,1.0500000000000114,-0.39000000000000057,-0.35999999999999943,-0.014000000000000012,0.09999999999999787
49.0,ENG-001,MIS-0007,DESCENT,32.01,9600.0,-37.84,1688.2,122.01,512.52,299.97,43.36,10.56,0.22,28.25,25.52,22.8,1696.3,118.81,516.45,296.03,42.74,11.04,0.226,22.96,SENSOR_DRIFT,1,0.687,-8.099999999999909,3.200000000000003,-3.9300000000000637,3.9400000000000546,0.6199999999999974,-0.47999999999999865,-0.006000000000000005,-0.16000000000000014
50.0,ENG-001,MIS-0007,DESCENT,30.54,9600.0,-37.28,1661.7,118.54,509.65,295.12,43.81,10.6,0.206,27.96,25.41,23.22,1655.1,117.49,508.81,291.62,42.78,10.72,0.224,22.92,SENSOR_DRIFT,1,0.698,6.600000000000136,1.0500000000000114,0.839999999999975,3.5,1.0300000000000011,-0.120000000000001,-0.018000000000000016,0.29999999999999716
51.0,ENG-001,MIS-0007,DESCENT,29.32,9600.0,-37.37,1608.0,118.24,504.21,289.55,42.04,10.79,0.199,27.69,25.37,22.94,1621.0,116.39,502.47,287.96,42.81,10.45,0.222,22.88,SENSOR_DRIFT,1,0.707,-13.0,1.8499999999999943,1.7399999999999523,1.5900000000000318,-0.7700000000000031,0.33999999999999986,-0.022999999999999993,0.060000000000002274
52.0,ENG-001,MIS-0007,LANDING,17.98,9600.0,-37.05,1309.7,109.47,441.04,255.19,42.09,7.63,0.213,28.07,25.33,22.78,1303.3,106.18,443.47,253.93,42.84,7.95,0.209,22.54,SENSOR_DRIFT,1,0.715,6.400000000000091,3.289999999999992,-2.430000000000007,1.259999999999991,-0.75,-0.3200000000000003,0.0040000000000000036,0.240000000000002
53.0,ENG-001,MIS-0007,LANDING,21.87,9600.0,-38.18,1429.5,111.39,468.11,260.49,42.16,8.36,0.192,27.78,25.55,22.74,1412.4,109.68,463.73,265.61,42.87,8.81,0.212,22.66,SENSOR_DRIFT,1,0.722,17.09999999999991,1.7099999999999937,4.3799999999999955,-5.1200000000000045,-0.7100000000000009,-0.45000000000000107,-0.01999999999999999,0.0799999999999983
0.0,ENG-002,MIS-0008,TAXI,17.52,0.0,40.1,1321.9,117.71,468.4,252.12,39.07,7.69,0.192,28.12,25.38,22.71,1290.5,117.83,465.21,252.55,40.03,7.85,0.198,22.53,ABNORMAL_VIBRATION,0,0.0,31.40000000000009,-0.12000000000000455,3.1899999999999977,-0.4300000000000068,-0.9600000000000009,-0.15999999999999925,-0.006000000000000005,0.17999999999999972
1.0,ENG-002,MIS-0008,TAXI,8.95,0.0,40.12,1025.7,108.26,420.98,230.28,40.47,6.03,0.197,28.08,25.52,22.29,1050.5,110.12,420.67,226.84,40.06,5.97,0.19,22.27,ABNORMAL_VIBRATION,0,0.0,-24.799999999999955,-1.8599999999999994,0.3100000000000023,3.4399999999999977,0.4099999999999966,0.0600000000000005,0.007000000000000006,0.019999999999999574
2.0,ENG-002,MIS-0008,TAXI,16.85,0.0,40.31,1292.9,118.44,459.41,248.18,39.62,7.48,0.177,28.03,25.41,22.33,1271.8,117.35,461.98,250.55,40.09,7.71,0.2,22.51,ABNORMAL_VIBRATION,0,0.0,21.100000000000136,1.0900000000000034,-2.569999999999993,-2.3700000000000045,-0.47000000000000597,-0.22999999999999954,-0.02300000000000002,-0.18000000000000327
3.0,ENG-002,MIS-0008,TAXI,17.77,0.0,40.59,1299.2,117.89,474.36,252.07,38.36,8.04,0.162,28.06,25.35,22.87,1297.6,118.35,467.12,253.31,40.12,7.91,0.202,22.53,ABNORMAL_VIBRATION,0,0.0,1.6000000000001364,-0.45999999999999375,7.240000000000009,-1.240000000000009,-1.759999999999998,0.129999999999999,-0.04000000000000001,0.33999999999999986
4.0,ENG-002,MIS-0008,TAKEOFF,98.6,3014.9,20.48,3569.1,177.96,863.05,493.07,39.57,25.83,0.274,27.96,25.29,25.09,3560.8,179.03,863.29,495.8,40.2,25.69,0.288,24.96,ABNORMAL_VIBRATION,0,0.0,8.299999999999727,-1.0699999999999932,-0.2400000000000091,-2.730000000000018,-0.6300000000000026,0.13999999999999702,-0.013999999999999957,0.129999999999999
5.0,ENG-002,MIS-0008,TAKEOFF,94.85,3268.6,18.06,3464.9,176.26,843.99,489.19,39.84,24.79,0.284,27.99,25.4,24.87,3455.8,175.36,843.21,484.55,40.27,24.87,0.285,24.85,ABNORMAL_VIBRATION,0,0.0,9.099999999999909,0.8999999999999773,0.7799999999999727,4.639999999999986,-0.4299999999999997,-0.08000000000000185,-0.0010000000000000009,0.019999999999999574
6.0,ENG-002,MIS-0008,TAKEOFF,91.86,3522.4,17.47,3354.0,173.89,830.0,479.55,40.87,24.15,0.279,28.22,25.55,24.43,3372.1,172.68,827.68,475.59,40.35,24.21,0.282,24.76,ABNORMAL_VIBRATION,0,0.0,-18.09999999999991,1.2099999999999795,2.32000000000005,3.9600000000000364,0.519999999999996,-0.060000000000002274,-0.002999999999999947,-0.33000000000000185
7.0,ENG-002,MIS-0008,CLIMB,85.62,3776.1,14.85,3182.9,168.16,790.29,455.43,39.85,22.78,0.27,28.07,25.53,24.7,3197.2,167.05,795.2,456.85,40.42,22.84,0.277,24.57,ABNORMAL_VIBRATION,0,0.0,-14.299999999999727,1.1099999999999852,-4.910000000000082,-1.420000000000016,-0.5700000000000003,-0.05999999999999872,-0.007000000000000006,0.129999999999999
8.0,ENG-002,MIS-0008,CLIMB,83.98,4029.8,13.93,3162.7,165.59,781.74,458.0,40.54,22.39,0.261,28.01,25.46,24.77,3151.4,165.58,786.68,451.93,40.49,22.47,0.276,24.52,ABNORMAL_VIBRATION,0,0.0,11.299999999999727,0.009999999999990905,-4.939999999999941,6.069999999999993,0.04999999999999716,-0.0799999999999983,-0.015000000000000013,0.25
9.0,ENG-002,MIS-0008,CLIMB,79.51,4283.5,12.29,3039.1,160.52,757.61,440.31,39.34,21.66,0.258,28.24,25.69,24.37,3026.2,161.56,763.43,438.52,40.56,21.49,0.272,24.39,ABNORMAL_VIBRATION,0,0.0,12.900000000000091,-1.039999999999992,-5.819999999999936,1.7900000000000205,-1.2199999999999989,0.1700000000000017,-0.014000000000000012,-0.019999999999999574
10.0,ENG-002,MIS-0008,CLIMB,79.24,4537.3,10.51,3004.4,161.67,764.95,445.12,41.28,21.41,0.287,28.07,25.29,24.5,3018.7,161.32,762.05,437.72,40.62,21.43,0.273,24.38,ABNORMAL_VIBRATION,0,0.0,-14.299999999999727,0.3499999999999943,2.900000000000091,7.399999999999977,0.6600000000000037,-0.019999999999999574,0.013999999999999957,0.120000000000001
11.0,ENG-002,MIS-0008,CLIMB,87.76,4791.0,9.27,3253.4,169.18,803.46,470.19,40.55,23.12,0.27,27.94,25.61,24.52,3257.2,168.98,806.34,463.28,40.69,23.31,0.283,24.63,ABNORMAL_VIBRATION,0,0.0,-3.799999999999727,0.20000000000001705,-2.8799999999999955,6.910000000000025,-0.14000000000000057,-0.18999999999999773,-0.012999999999999956,-0.10999999999999943
12.0,ENG-002,MIS-0008,CLIMB,85.61,5044.7,7.0,3191.0,167.26,792.17,460.11,40.49,22.64,0.272,27.96,25.53,24.7,3197.1,167.05,795.17,456.83,40.77,22.83,0.281,24.57,ABNORMAL_VIBRATION,0,0.0,-6.099999999999909,0.20999999999997954,-3.0,3.2800000000000296,-0.28000000000000114,-0.18999999999999773,-0.009000000000000008,0.129999999999999
13.0,ENG-002,MIS-0008,CLIMB,83.55,5298.4,4.51,3149.7,165.68,790.32,455.21,40.77,22.12,0.256,28.15,25.46,24.41,3139.5,165.2,784.48,450.66,40.83,22.38,0.28,24.51,ABNORMAL_VIBRATION,0,0.0,10.199999999999818,0.4800000000000182,5.840000000000032,4.5499999999999545,-0.05999999999999517,-0.259999999999998,-0.02400000000000002,-0.10000000000000142
14.0,ENG-002,MIS-0008,CLIMB,81.17,5552.2,3.53,3071.1,161.74,773.94,446.74,41.72,21.83,0.27,28.04,25.45,24.22,3072.7,163.05,772.08,443.51,40.9,21.86,0.278,24.44,ABNORMAL_VIBRATION,0,0.0,-1.599999999999909,-1.3100000000000023,1.8600000000000136,3.230000000000018,0.8200000000000003,-0.030000000000001137,-0.008000000000000007,-0.22000000000000242
15.0,ENG-002,MIS-0008,CLIMB,83.06,5805.9,2.08,3124.7,166.62,789.67,452.6,39.92,22.54,0.287,27.84,25.58,24.39,3125.7,164.76,781.92,449.19,40.97,22.27,0.281,24.49,ABNORMAL_VIBRATION,0,0.0,-1.0,1.8600000000000136,7.75,3.410000000000025,-1.0499999999999972,0.2699999999999996,0.00599999999999995,-0.09999999999999787
16.0,ENG-002,MIS-0008,CRUISE,58.25,6000.0,0.4,2443.1,143.61,655.31,381.61,41.24,17.35,0.229,27.92,25.39,23.7,2431.0,142.43,652.9,374.75,41.03,16.82,0.256,23.75,ABNORMAL_VIBRATION,0,0.0,12.099999999999909,1.1800000000000068,2.409999999999968,6.860000000000014,0.21000000000000085,0.5300000000000011,-0.026999999999999996,-0.05000000000000071
17.0,ENG-002,MIS-0008,CRUISE,65.12,6000.0,1.53,2613.0,149.82,695.38,394.74,41.82,18.6,0.266,28.15,25.29,23.59,2623.4,148.61,688.63,395.37,41.08,18.33,0.263,23.95,ABNORMAL_VIBRATION,0,0.0,-10.400000000000091,1.2099999999999795,6.75,-0.6299999999999955,0.740000000000002,0.2700000000000031,0.0030000000000000027,-0.35999999999999943
18.0,ENG-002,MIS-0008,CRUISE,59.66,6000.0,1.73,2471.5,143.55,664.95,374.29,40.98,17.42,0.234,28.12,25.56,23.88,2470.4,143.69,660.21,378.97,41.14,17.12,0.258,23.79,ABNORMAL_VIBRATION,0,0.0,1.099999999999909,-0.13999999999998636,4.740000000000009,-4.680000000000007,-0.1600000000000037,0.3000000000000007,-0.023999999999999994,0.08999999999999986
19.0,ENG-002,MIS-0008,CRUISE,57.6,6000.0,0.64,2432.9,142.34,649.57,376.46,40.57,17.03,0.298,27.86,25.52,23.86,2412.9,141.84,649.53,372.81,41.19,16.67,0.257,23.73,ABNORMAL_VIBRATION,0,0.0,20.0,0.5,0.04000000000007731,3.6499999999999773,-0.6199999999999974,0.35999999999999943,0.04099999999999998,0.129999999999999
20.0,ENG-002,MIS-0008,CRUISE,59.03,6000.0,0.63,2456.8,142.66,659.44,373.4,40.39,16.93,0.297,28.11,25.55,23.93,2452.8,143.13,656.95,377.09,41.25,16.99,0.259,23.77,ABNORMAL_VIBRATION,0,0.0,4.0,-0.46999999999999886,2.490000000000009,-3.6899999999999977,-0.8599999999999994,-0.05999999999999872,0.03799999999999998,0.16000000000000014
21.0,ENG-002,MIS-0008,CRUISE,61.73,6000.0,0.75,2562.5,144.59,668.45,385.75,41.2,17.44,0.292,27.85,25.37,24.0,2528.5,145.56,671.0,385.19,41.3,17.58,0.262,23.85,ABNORMAL_VIBRATION,0,0.0,34.0,-0.9699999999999989,-2.5499999999999545,0.5600000000000023,-0.09999999999999432,-0.13999999999999702,0.02999999999999997,0.14999999999999858
22.0,ENG-002,MIS-0008,CRUISE,57.7,6000.0,1.66,2426.4,141.25,650.73,373.29,41.86,16.38,0.268,27.92,25.49,23.66,2415.6,141.93,650.05,373.1,41.36,16.69,0.258,23.73,ABNORMAL_VIBRATION,0,0.0,10.800000000000182,-0.6800000000000068,0.6800000000000637,0.18999999999999773,0.5,-0.3100000000000023,0.010000000000000009,-0.07000000000000028
23.0,ENG-002,MIS-0008,CRUISE,57.88,6000.0,0.28,2447.3,142.63,655.91,378.6,40.49,16.65,0.289,27.87,25.46,23.53,2420.7,142.09,650.99,373.65,41.41,16.73,0.259,23.74,ABNORMAL_VIBRATION,0,0.0,26.600000000000364,0.539999999999992,4.919999999999959,4.9500000000000455,-0.9199999999999946,-0.08000000000000185,0.02999999999999997,-0.2099999999999973
24.0,ENG-002,MIS-0008,CRUISE,69.22,6000.0,0.2,2725.9,152.55,715.81,402.74,42.1,19.17,0.31,27.96,25.48,24.47,2738.2,152.3,709.94,407.66,41.47,19.23,0.271,24.08,ABNORMAL_VIBRATION,0,0.0,-12.299999999999727,0.25,5.869999999999891,-4.920000000000016,0.6300000000000026,-0.05999999999999872,0.03899999999999998,0.39000000000000057
25.0,ENG-002,MIS-0008,CRUISE,61.92,6000.0,0.67,2523.4,146.19,676.77,382.43,41.37,17.37,0.265,27.8,25.6,23.94,2533.9,145.73,672.0,385.77,41.53,17.62,0.264,23.86,ABNORMAL_VIBRATION,0,0.049,-10.5,0.46000000000000796,4.769999999999982,-3.339999999999975,-0.1600000000000037,-0.25,0.0010000000000000009,0.08000000000000185
26.0,ENG-002,MIS-0008,CRUISE,58.95,6000.0,1.16,2472.3,144.44,657.61,379.52,41.06,17.03,0.272,27.96,25.38,23.76,2450.6,143.06,656.54,376.85,41.58,16.97,0.261,23.77,ABNORMAL_VIBRATION,1,0.056,21.700000000000273,1.3799999999999955,1.07000000000005,2.669999999999959,-0.519999999999996,0.060000000000002274,0.01100000000000001,-0.00999999999999801
27.0,ENG-002,MIS-0008,CRUISE,60.96,6000.0,1.68,2502.2,144.33,665.98,378.06,41.88,17.6,0.264,28.21,25.56,23.59,2506.9,144.87,667.0,382.88,41.64,17.41,0.264,23.83,ABNORMAL_VIBRATION,1,0.065,-4.700000000000273,-0.539999999999992,-1.0199999999999818,-4.819999999999993,0.240000000000002,0.19000000000000128,0.0,-0.23999999999999844
28.0,ENG-002,MIS-0008,CRUISE,54.47,6000.0,0.61,2291.9,139.43,637.21,356.69,42.31,16.01,0.287,27.99,25.3,23.59,2325.2,139.02,633.25,363.41,41.69,15.98,0.257,23.63,ABNORMAL_VIBRATION,1,0.075,-33.29999999999973,0.4099999999999966,3.9600000000000364,-6.720000000000027,0.6200000000000045,0.030000000000001137,0.02999999999999997,-0.03999999999999915
29.0,ENG-002,MIS-0008,CRUISE,57.19,6000.0,0.6,2401.1,142.63,650.14,377.17,42.08,15.98,,28.18,25.51,23.78,2401.4,141.47,647.4,371.58,41.74,16.58,0.26,23.72,ABNORMAL_VIBRATION,1,0.086,-0.3000000000001819,1.1599999999999966,2.740000000000009,5.590000000000032,0.3399999999999963,-0.5999999999999979,,0.060000000000002274
30.0,ENG-002,MIS-0008,CRUISE,60.19,6000.0,0.93,2496.0,142.97,658.65,378.18,41.8,17.55,0.334,27.8,25.66,23.7,2485.5,144.18,663.01,380.58,41.79,17.24,0.263,23.81,ABNORMAL_VIBRATION,1,0.099,10.5,-1.210000000000008,-4.360000000000014,-2.3999999999999773,0.00999999999999801,0.3100000000000023,0.07100000000000001,-0.10999999999999943
31.0,ENG-002,MIS-0008,CRUISE,55.17,6000.0,0.38,2331.0,139.18,639.42,367.49,41.37,15.82,0.314,27.94,25.52,23.68,2344.8,139.65,636.88,365.51,41.85,16.14,0.258,23.66,ABNORMAL_VIBRATION,1,0.113,-13.800000000000182,-0.46999999999999886,2.5399999999999636,1.9800000000000182,-0.480000000000004,-0.3200000000000003,0.055999999999999994,0.019999999999999574
32.0,ENG-002,MIS-0008,CRUISE,59.65,6000.0,1.52,2471.3,142.85,665.4,375.85,42.36,16.92,0.355,28.13,25.56,23.24,2470.1,143.68,660.17,378.94,41.9,17.12,0.263,23.79,ABNORMAL_VIBRATION,1,0.129,1.2000000000002728,-0.8300000000000125,5.230000000000018,-3.089999999999975,0.46000000000000085,-0.1999999999999993,0.09199999999999997,-0.5500000000000007
33.0,ENG-002,MIS-0008,CRUISE,61.36,6000.0,0.96,2499.7,146.25,668.66,378.33,42.59,17.68,0.341,27.98,25.48,23.44,2518.1,145.23,669.08,384.09,41.96,17.5,0.264,23.84,ABNORMAL_VIBRATION,1,0.147,-18.40000000000009,1.0200000000000102,-0.42000000000007276,-5.759999999999991,0.6300000000000026,0.17999999999999972,0.07700000000000001,-0.3999999999999986
34.0,ENG-002,MIS-0008,CRUISE,54.69,6000.0,0.1,2325.8,139.79,637.76,365.89,42.44,15.54,0.336,28.12,25.54,23.74,2331.4,139.22,634.39,364.07,42.01,16.03,0.257,23.64,ABNORMAL_VIBRATION,1,0.167,-5.599999999999909,0.5699999999999932,3.3700000000000045,1.8199999999999932,0.4299999999999997,-0.490000000000002,0.07900000000000001,0.09999999999999787
35.0,ENG-002,MIS-0008,CRUISE,56.66,6000.0,1.05,2395.6,139.18,645.16,370.39,42.43,16.78,0.353,27.77,25.4,23.68,2386.4,140.99,644.61,369.97,42.06,16.46,0.259,23.7,ABNORMAL_VIBRATION,1,0.189,9.199999999999818,-1.8100000000000023,0.5499999999999545,0.4199999999999591,0.36999999999999744,0.3200000000000003,0.09399999999999997,-0.019999999999999574
36.0,ENG-002,MIS-0008,CRUISE,63.85,6000.0,1.66,2581.3,146.76,679.6,396.93,40.19,18.12,0.362,27.86,25.58,24.18,2587.7,147.46,682.0,391.54,42.12,18.05,0.267,23.92,ABNORMAL_VIBRATION,1,0.213,-6.399999999999636,-0.700000000000017,-2.3999999999999773,5.389999999999986,-1.9299999999999997,0.07000000000000028,0.09499999999999997,0.259999999999998
37.0,ENG-002,MIS-0008,CRUISE,61.97,6000.0,1.41,2530.9,145.82,667.55,389.91,41.93,17.29,0.372,28.28,25.5,23.63,2535.2,145.78,672.26,385.92,42.17,17.63,0.264,23.86,ABNORMAL_VIBRATION,1,0.239,-4.299999999999727,0.03999999999999204,-4.710000000000036,3.990000000000009,-0.240000000000002,-0.33999999999999986,0.10799999999999998,-0.23000000000000043
38.0,ENG-002,MIS-0008,CRUISE,56.53,6000.0,1.0,2374.8,140.82,646.22,369.77,42.41,16.17,0.359,28.08,25.5,23.94,2382.9,140.88,643.97,369.6,42.22,16.44,0.258,23.7,ABNORMAL_VIBRATION,1,0.266,-8.099999999999909,-0.060000000000002274,2.25,0.16999999999995907,0.18999999999999773,-0.2699999999999996,0.10099999999999998,0.240000000000002
39.0,ENG-002,MIS-0008,CRUISE,62.57,6000.0,1.23,2548.5,146.15,681.8,382.16,43.44,17.78,0.474,27.89,25.29,23.77,2552.1,146.32,675.38,387.72,42.28,17.77,0.264,23.88,ABNORMAL_VIBRATION,1,0.296,-3.599999999999909,-0.1699999999999875,6.419999999999959,-5.560000000000002,1.1599999999999966,0.010000000000001563,0.20999999999999996,-0.10999999999999943
40.0,ENG-002,MIS-0008,CRUISE,56.62,6000.0,0.39,2398.9,142.8,645.14,369.79,42.49,15.99,0.401,28.11,25.4,23.62,2385.2,140.95,644.4,369.85,42.33,16.46,0.258,23.7,ABNORMAL_VIBRATION,1,0.327,13.700000000000273,1.8500000000000227,0.7400000000000091,-0.060000000000002274,0.1600000000000037,-0.47000000000000064,0.14300000000000002,-0.0799999999999983
41.0,ENG-002,MIS-0008,CRUISE,62.27,6000.0,-0.07,2525.2,146.29,671.34,381.49,41.72,17.83,0.449,27.86,25.45,23.7,2543.6,146.04,673.81,386.81,42.39,17.7,0.263,23.87,ABNORMAL_VIBRATION,1,0.36,-18.40000000000009,0.25,-2.4699999999999136,-5.319999999999993,-0.6700000000000017,0.129999999999999,0.186,-0.1700000000000017
42.0,ENG-002,MIS-0008,CRUISE,57.58,6000.0,0.74,2420.2,141.57,656.12,369.37,42.43,16.39,0.443,28.12,25.42,24.02,2412.4,141.83,649.44,372.75,42.44,16.67,0.258,23.73,ABNORMAL_VIBRATION,1,0.393,7.799999999999727,-0.2600000000000193,6.67999999999995,-3.3799999999999955,-0.00999999999999801,-0.28000000000000114,0.185,0.28999999999999915
43.0,ENG-002,MIS-0008,CRUISE,56.13,6000.0,1.04,2384.8,141.39,648.28,377.89,42.15,15.52,0.595,28.27,25.33,23.71,2371.6,140.52,641.87,368.39,42.49,16.35,0.256,23.68,ABNORMAL_VIBRATION,1,0.427,13.200000000000273,0.8699999999999761,6.409999999999968,9.5,-0.3400000000000034,-0.8300000000000018,0.33899999999999997,0.030000000000001137
44.0,ENG-002,MIS-0008,CRUISE,58.48,6000.0,1.28,2430.8,141.31,,370.32,41.46,17.31,0.479,28.1,25.08,23.36,2437.3,142.63,654.07,375.43,42.55,16.86,0.258,23.75,ABNORMAL_VIBRATION,1,0.461,-6.5,-1.3199999999999932,,-5.110000000000014,-1.0899999999999963,0.4499999999999993,0.22099999999999997,-0.39000000000000057
45.0,ENG-002,MIS-0008,LOITER,48.86,6000.0,1.28,2189.4,131.04,606.76,348.45,43.16,14.82,0.474,27.98,25.56,23.54,2168.1,133.98,604.08,346.58,42.59,14.75,0.247,23.47,ABNORMAL_VIBRATION,1,0.495,21.300000000000182,-2.9399999999999977,2.67999999999995,1.8700000000000045,0.5699999999999932,0.07000000000000028,0.22699999999999998,0.07000000000000028
46.0,ENG-002,MIS-0008,LOITER,46.47,6000.0,0.63,2106.9,132.52,586.26,338.89,41.56,14.19,0.521,28.15,25.45,23.16,2101.0,131.82,591.62,339.4,42.64,14.22,0.244,23.39,ABNORMAL_VIBRATION,1,0.529,5.900000000000091,0.700000000000017,-5.360000000000014,-0.5099999999999909,-1.0799999999999983,-0.030000000000001137,0.277,-0.23000000000000043
47.0,ENG-002,MIS-0008,LOITER,43.99,6000.0,0.54,2043.9,131.24,574.06,340.09,43.7,13.45,0.498,27.78,25.6,23.26,2031.8,129.6,578.77,331.98,42.68,13.68,0.24,23.32,ABNORMAL_VIBRATION,1,0.561,12.100000000000136,1.6400000000000148,-4.710000000000036,8.109999999999957,1.0200000000000031,-0.23000000000000043,0.258,-0.05999999999999872
48.0,ENG-002,MIS-0008,LOITER,42.48,6000.0,0.94,2000.0,127.31,577.05,327.42,42.09,13.16,0.531,27.98,25.7,23.26,1989.4,128.23,570.89,327.44,42.73,13.35,0.238,23.27,ABNORMAL_VIBRATION,1,0.593,10.599999999999909,-0.9199999999999875,6.159999999999968,-0.01999999999998181,-0.6399999999999935,-0.1899999999999995,0.29300000000000004,-0.00999999999999801
49.0,ENG-002,MIS-0008,LOITER,51.45,6000.0,1.23,2250.2,137.9,612.79,363.26,43.32,15.38,0.6,27.79,25.44,23.46,2240.7,136.31,617.57,354.36,42.78,15.32,0.247,23.54,ABNORMAL_VIBRATION,1,0.622,9.5,1.5900000000000034,-4.780000000000086,8.899999999999977,0.5399999999999991,0.0600000000000005,0.353,-0.0799999999999983
50.0,ENG-002,MIS-0008,LOITER,44.01,6000.0,0.93,2002.8,127.99,578.24,327.33,42.47,13.07,0.57,27.82,25.5,23.09,2032.3,129.61,578.86,332.04,42.82,13.68,0.238,23.32,ABNORMAL_VIBRATION,1,0.65,-29.5,-1.6200000000000188,-0.6200000000000045,-4.710000000000036,-0.3500000000000014,-0.6099999999999994,0.33199999999999996,-0.23000000000000043
51.0,ENG-002,MIS-0008,LOITER,45.45,6000.0,1.45,2063.0,131.6,589.32,344.29,43.14,13.72,0.603,27.96,25.28,23.23,2072.5,130.9,586.33,336.34,42.87,14.0,0.239,23.36,ABNORMAL_VIBRATION,1,0.676,-9.5,0.6999999999999886,2.990000000000009,7.9500000000000455,0.2700000000000031,-0.27999999999999936,0.364,-0.129999999999999
52.0,ENG-002,MIS-0008,LOITER,40.56,6000.0,0.52,1918.6,125.77,560.31,319.94,44.01,12.79,0.555,27.86,25.44,23.36,1935.7,126.51,560.92,321.69,42.91,12.92,0.233,23.22,ABNORMAL_VIBRATION,1,0.7,-17.100000000000136,-0.7400000000000091,-0.6100000000000136,-1.75,1.1000000000000014,-0.13000000000000078,0.32200000000000006,0.14000000000000057
53.0,ENG-002,MIS-0008,LOITER,44.64,6000.0,1.27,2048.5,131.3,578.59,335.24,42.93,14.19,0.593,27.93,25.52,23.52,2050.0,130.18,582.15,333.93,42.95,13.82,0.236,23.34,ABNORMAL_VIBRATION,1,0.723,-1.5,1.1200000000000045,-3.5599999999999454,1.3100000000000023,-0.020000000000003126,0.3699999999999992,0.357,0.17999999999999972
54.0,ENG-002,MIS-0008,DESCENT,29.48,6000.0,1.88,1651.7,115.77,502.39,292.07,42.63,10.79,0.605,27.82,25.36,22.73,1625.5,116.53,503.3,288.44,42.99,10.49,0.22,22.88,ABNORMAL_VIBRATION,1,0.743,26.200000000000045,-0.7600000000000051,-0.910000000000025,3.6299999999999955,-0.35999999999999943,0.29999999999999893,0.385,-0.14999999999999858
55.0,ENG-002,MIS-0008,DESCENT,31.54,6000.0,0.93,1691.7,117.34,516.63,297.06,41.82,10.62,0.812,28.2,25.31,23.14,1683.2,118.39,514.02,294.63,43.03,10.94,0.221,22.95,ABNORMAL_VIBRATION,1,0.761,8.5,-1.0499999999999972,2.6100000000000136,2.430000000000007,-1.2100000000000009,-0.3200000000000003,0.5910000000000001,0.19000000000000128
56.0,ENG-002,MIS-0008,DESCENT,34.65,6000.0,0.32,1764.9,121.19,524.45,303.84,43.33,11.38,0.617,27.82,25.62,22.56,1770.3,121.19,530.2,303.96,43.07,11.62,0.223,23.04,ABNORMAL_VIBRATION,1,0.777,-5.399999999999864,0.0,-5.75,-0.12000000000000455,0.259999999999998,-0.23999999999999844,0.394,-0.4800000000000004
57.0,ENG-002,MIS-0008,DESCENT,32.65,6000.0,1.34,1719.9,118.09,516.21,302.69,42.95,11.16,0.615,27.98,25.36,23.22,1714.3,119.39,519.8,297.96,43.1,11.18,0.22,22.98,ABNORMAL_VIBRATION,1,0.791,5.600000000000136,-1.2999999999999972,-3.589999999999918,4.730000000000018,-0.14999999999999858,-0.019999999999999574,0.395,0.23999999999999844
58.0,ENG-002,MIS-0008,DESCENT,29.41,6000.0,0.67,1582.6,115.13,504.34,287.57,43.37,10.4,0.604,27.96,25.27,22.9,1623.4,116.47,502.92,288.22,43.14,10.47,0.216,22.88,ABNORMAL_VIBRATION,1,0.804,-40.80000000000018,-1.3400000000000034,1.419999999999959,-0.6500000000000341,0.22999999999999687,-0.07000000000000028,0.388,0.019999999999999574
59.0,ENG-002,MIS-0008,DESCENT,31.25,6000.0,1.03,1680.0,116.86,510.69,295.9,42.37,10.91,0.619,28.03,25.62,23.28,1674.9,118.12,512.48,293.74,43.18,10.87,0.217,22.94,ABNORMAL_VIBRATION,1,0.816,5.099999999999909,-1.2600000000000051,-1.7900000000000205,2.159999999999968,-0.8100000000000023,0.040000000000000924,0.402,0.33999999999999986
60.0,ENG-002,MIS-0008,LANDING,15.17,6000.0,1.35,1235.5,102.74,427.21,243.69,42.49,7.5,0.91,27.62,25.51,22.45,1224.7,103.65,428.88,245.51,43.2,7.34,0.199,22.46,ABNORMAL_VIBRATION,1,0.826,10.799999999999955,-0.9100000000000108,-1.670000000000016,-1.8199999999999932,-0.7100000000000009,0.16000000000000014,0.7110000000000001,-0.010000000000001563
61.0,ENG-002,MIS-0008,LANDING,20.81,6000.0,1.02,1372.9,108.6,460.51,259.01,42.96,8.32,0.608,28.16,25.53,22.63,1382.6,108.73,458.2,262.42,43.24,8.58,0.204,22.62,ABNORMAL_VIBRATION,1,0.834,-9.699999999999818,-0.13000000000000966,2.3100000000000023,-3.410000000000025,-0.28000000000000114,-0.2599999999999998,0.404,0.00999999999999801
62.0,ENG-002,MIS-0008,LANDING,21.79,6000.0,0.64,1431.1,111.42,460.28,267.87,42.94,8.71,0.633,28.03,25.3,22.73,1410.2,109.61,463.32,265.38,43.27,8.79,0.204,22.65,ABNORMAL_VIBRATION,1,0.842,20.899999999999864,1.8100000000000023,-3.0400000000000205,2.490000000000009,-0.3300000000000054,-0.0799999999999983,0.42900000000000005,0.08000000000000185
0.0,ENG-003,MIS-0009,TAXI,13.31,0.0,25.58,1144.4,106.21,421.03,246.49,40.83,6.78,0.189,28.06,25.57,22.72,1172.7,105.33,425.91,239.93,40.03,6.93,0.194,22.4,NORMAL,0,0.0,-28.299999999999955,0.8799999999999955,-4.880000000000052,6.560000000000002,0.7999999999999972,-0.14999999999999947,-0.0050000000000000044,0.3200000000000003
1.0,ENG-003,MIS-0009,TAXI,7.88,0.0,24.84,1007.6,98.65,399.55,224.9,39.82,5.45,0.182,27.86,25.41,21.89,1020.6,100.0,396.79,223.64,40.05,5.73,0.189,22.24,NORMAL,0,0.0,-13.0,-1.3499999999999943,2.759999999999991,1.2600000000000193,-0.22999999999999687,-0.28000000000000025,-0.007000000000000006,-0.34999999999999787
2.0,ENG-003,MIS-0009,TAXI,12.67,0.0,25.12,1140.5,104.55,427.16,232.75,40.54,6.55,0.181,27.84,25.5,22.24,1154.8,104.48,422.04,238.02,40.08,6.79,0.195,22.38,NORMAL,0,0.0,-14.299999999999955,0.06999999999999318,5.1200000000000045,-5.27000000000001,0.46000000000000085,-0.2400000000000002,-0.014000000000000012,-0.14000000000000057
3.0,ENG-003,MIS-0009,TAKEOFF,95.65,2847.5,5.41,3493.3,175.6,857.89,485.87,41.17,25.11,0.281,28.0,25.45,25.07,3478.3,176.09,847.39,486.96,40.16,25.04,0.283,24.87,NORMAL,0,0.0,15.0,-0.4900000000000091,10.5,-1.089999999999975,1.0100000000000051,0.07000000000000028,-0.0019999999999999463,0.1999999999999993
4.0,ENG-003,MIS-0009,TAKEOFF,90.24,3129.9,4.46,3312.5,171.04,818.51,469.52,39.36,23.88,0.286,28.06,25.58,24.39,3326.8,171.22,819.26,470.72,40.23,23.85,0.279,24.71,NORMAL,0,0.0,-14.300000000000182,-0.18000000000000682,-0.75,-1.2000000000000455,-0.8699999999999974,0.029999999999997584,0.006999999999999951,-0.3200000000000003
5.0,ENG-003,MIS-0009,TAKEOFF,92.56,3412.4,3.3,3391.8,173.6,833.11,482.99,39.95,24.43,0.289,28.24,25.59,24.8,3391.5,173.3,831.29,477.67,40.31,24.36,0.282,24.78,NORMAL,0,0.0,0.3000000000001819,0.29999999999998295,1.82000000000005,5.319999999999993,-0.35999999999999943,0.07000000000000028,0.007000000000000006,0.019999999999999574
6.0,ENG-003,MIS-0009,CLIMB,85.31,3694.9,1.39,,165.28,794.54,455.0,41.05,22.75,0.298,28.22,25.25,24.61,3188.7,166.78,793.62,455.94,40.38,22.77,0.275,24.56,NORMAL,0,0.0,,-1.5,0.9199999999999591,-0.9399999999999977,0.6699999999999946,-0.019999999999999574,0.022999999999999965,0.05000000000000071
7.0,ENG-003,MIS-0009,CLIMB,84.93,3977.4,-0.08,3196.7,168.94,788.7,458.16,42.38,22.84,0.252,27.81,25.26,24.35,3178.1,166.44,791.65,454.8,40.45,22.69,0.276,24.55,NORMAL,0,0.0,18.59999999999991,2.5,-2.949999999999932,3.3600000000000136,1.9299999999999997,0.14999999999999858,-0.02400000000000002,-0.1999999999999993
8.0,ENG-003,MIS-0009,CLIMB,82.1,4259.9,-3.09,3113.2,164.45,778.93,443.58,40.28,21.8,0.263,28.14,25.44,24.43,3098.9,163.89,776.94,446.31,40.52,22.06,0.274,24.46,NORMAL,0,0.0,14.299999999999727,0.5600000000000023,1.9899999999998954,-2.730000000000018,-0.240000000000002,-0.259999999999998,-0.01100000000000001,-0.030000000000001137
9.0,ENG-003,MIS-0009,CLIMB,84.92,4542.4,-3.95,3160.6,165.57,789.27,454.62,40.67,22.92,0.313,27.95,25.55,24.52,3177.8,166.43,791.59,454.76,40.59,22.68,0.278,24.55,NORMAL,0,0.0,-17.200000000000273,-0.8600000000000136,-2.32000000000005,-0.13999999999998636,0.0799999999999983,0.240000000000002,0.034999999999999976,-0.030000000000001137
10.0,ENG-003,MIS-0009,CLIMB,83.69,4824.9,-6.19,3118.2,164.19,788.09,446.71,41.82,21.99,0.265,27.95,25.59,24.39,3143.4,165.32,785.2,451.08,40.66,22.41,0.277,24.51,NORMAL,0,0.0,-25.200000000000273,-1.1299999999999955,2.8899999999999864,-4.3700000000000045,1.1600000000000037,-0.4200000000000017,-0.01200000000000001,-0.120000000000001
11.0,ENG-003,MIS-0009,CLIMB,85.57,5107.3,-7.56,3218.0,169.07,794.41,456.52,40.39,23.17,0.303,28.03,25.4,24.43,3196.0,167.02,794.98,456.72,40.73,22.83,0.28,24.57,NORMAL,0,0.0,22.0,2.049999999999983,-0.57000000000005,-0.20000000000004547,-0.3399999999999963,0.3400000000000034,0.022999999999999965,-0.14000000000000057
12.0,ENG-003,MIS-0009,CLIMB,82.4,5389.8,-9.14,3099.7,164.31,786.77,441.63,39.98,22.43,0.273,27.82,25.38,24.53,3107.1,164.16,778.47,447.19,40.8,22.13,0.278,24.47,NORMAL,0,0.0,-7.400000000000091,0.15000000000000568,8.299999999999955,-5.560000000000002,-0.8200000000000003,0.3000000000000007,-0.0050000000000000044,0.060000000000002274
13.0,ENG-003,MIS-0009,CLIMB,83.47,5672.3,-11.89,3134.5,164.14,788.45,451.91,40.75,22.59,0.309,28.2,25.39,24.67,3137.2,165.12,784.05,450.41,40.87,22.36,0.28,24.5,NORMAL,0,0.0,-2.699999999999818,-0.9800000000000182,4.400000000000091,1.5,-0.11999999999999744,0.23000000000000043,0.02899999999999997,0.1700000000000017
14.0,ENG-003,MIS-0009,CLIMB,90.08,5954.8,-14.22,3332.0,170.92,818.5,473.39,40.82,23.94,0.227,28.1,25.42,24.54,3322.1,171.07,818.4,470.23,40.94,23.82,0.287,24.7,NORMAL,0,0.0,9.900000000000091,-0.15000000000000568,0.10000000000002274,3.159999999999968,-0.11999999999999744,0.120000000000001,-0.05999999999999997,-0.16000000000000014
15.0,ENG-003,MIS-0009,CRUISE,37.69,6000.0,-13.83,1839.0,123.36,551.82,303.8,40.36,11.96,0.223,27.86,25.54,23.03,1855.4,123.92,546.0,313.08,40.98,12.29,0.233,23.13,NORMAL,0,0.0,-16.40000000000009,-0.5600000000000023,5.82000000000005,-9.279999999999973,-0.6199999999999974,-0.3299999999999983,-0.010000000000000009,-0.09999999999999787
16.0,ENG-003,MIS-0009,CRUISE,35.96,6000.0,-13.84,1781.0,121.52,535.78,310.23,41.01,11.91,0.233,28.0,25.62,23.38,1806.7,122.36,536.97,307.87,41.02,11.91,0.232,23.08,NORMAL,0,0.0,-25.700000000000045,-0.8400000000000034,-1.1900000000000546,2.3600000000000136,-0.010000000000005116,0.0,0.0010000000000000009,0.3000000000000007
17.0,ENG-003,MIS-0009,CRUISE,48.05,6000.0,-13.29,2155.9,134.8,599.62,344.48,41.44,14.68,0.284,28.08,25.29,23.12,2145.4,133.24,599.85,344.15,41.07,14.57,0.245,23.44,NORMAL,0,0.0,10.5,1.5600000000000023,-0.2300000000000182,0.3300000000000409,0.36999999999999744,0.10999999999999943,0.03899999999999998,-0.3200000000000003
18.0,ENG-003,MIS-0009,CRUISE,68.87,6000.0,-14.76,2737.4,151.19,711.08,407.96,41.9,18.89,0.257,27.94,25.48,24.12,2728.4,151.98,708.13,406.62,41.13,19.15,0.268,24.07,NORMAL,0,0.0,9.0,-0.789999999999992,2.9500000000000455,1.339999999999975,0.769999999999996,-0.259999999999998,-0.01100000000000001,0.05000000000000071
19.0,ENG-003,MIS-0009,CRUISE,75.41,6000.0,-14.72,2908.1,157.25,737.03,424.36,40.54,20.44,0.289,27.93,25.68,24.31,2911.5,157.87,742.13,426.23,41.19,20.59,0.275,24.26,NORMAL,0,0.0,-3.400000000000091,-0.6200000000000045,-5.100000000000023,-1.8700000000000045,-0.6499999999999986,-0.14999999999999858,0.013999999999999957,0.04999999999999716
20.0,ENG-003,MIS-0009,CRUISE,83.89,6000.0,-13.79,3166.9,164.76,795.97,453.6,42.8,22.51,0.33,27.85,25.64,24.34,3148.9,165.5,786.23,451.67,41.26,22.46,0.285,24.52,NORMAL,0,0.0,18.0,-0.7400000000000091,9.740000000000009,1.9300000000000068,1.5399999999999991,0.05000000000000071,0.04500000000000004,-0.17999999999999972
21.0,ENG-003,MIS-0009,CRUISE,80.55,6000.0,-13.55,3077.7,163.71,768.44,440.94,41.86,21.61,0.263,28.19,25.47,24.42,3055.5,162.5,768.87,441.66,41.33,21.72,0.282,24.42,NORMAL,0,0.0,22.199999999999818,1.210000000000008,-0.42999999999995,-0.7200000000000273,0.5300000000000011,-0.10999999999999943,-0.01899999999999996,0.0
22.0,ENG-003,MIS-0009,CRUISE,60.4,6000.0,-14.34,2520.4,144.54,673.01,383.37,42.08,17.28,0.236,27.96,25.43,23.67,2491.3,144.36,664.11,381.21,41.39,17.29,0.261,23.81,NORMAL,0,0.0,29.09999999999991,0.1799999999999784,8.899999999999977,2.160000000000025,0.6899999999999977,-0.00999999999999801,-0.025000000000000022,-0.13999999999999702
23.0,ENG-003,MIS-0009,CRUISE,50.64,6000.0,-14.25,2230.2,135.17,614.27,344.14,40.84,14.77,0.225,28.17,25.15,23.48,2218.0,135.58,613.34,351.93,41.44,15.14,0.251,23.52,NORMAL,0,0.0,12.199999999999818,-0.410000000000025,0.92999999999995,-7.7900000000000205,-0.5999999999999943,-0.370000000000001,-0.025999999999999995,-0.03999999999999915
24.0,ENG-003,MIS-0009,CRUISE,33.23,6000.0,-14.24,1734.5,120.65,517.98,302.38,40.81,11.66,0.233,27.82,25.55,23.01,1730.3,119.9,522.78,299.68,41.47,11.31,0.234,23.0,NORMAL,0,0.0,4.2000000000000455,0.75,-4.7999999999999545,2.6999999999999886,-0.6599999999999966,0.34999999999999964,-0.0010000000000000009,0.010000000000001563
25.0,ENG-003,MIS-0009,CRUISE,39.36,6000.0,-14.05,1921.9,125.1,555.75,319.31,42.09,12.69,0.279,27.98,25.48,23.27,1902.0,125.42,554.66,318.07,41.52,12.66,0.24,23.18,NORMAL,0,0.0,19.90000000000009,-0.3200000000000074,1.0900000000000318,1.240000000000009,0.5700000000000003,0.02999999999999936,0.039000000000000035,0.08999999999999986
26.0,ENG-003,MIS-0009,CRUISE,53.08,6000.0,-13.85,2284.5,137.43,620.99,356.72,41.75,15.73,0.254,27.9,25.58,23.63,2286.2,137.77,626.01,359.23,41.57,15.68,0.255,23.59,NORMAL,0,0.0,-1.699999999999818,-0.3400000000000034,-5.019999999999982,-2.509999999999991,0.17999999999999972,0.05000000000000071,-0.0010000000000000009,0.03999999999999915
27.0,ENG-003,MIS-0009,CRUISE,64.56,6000.0,-14.8,2633.7,147.56,690.28,395.56,41.13,18.64,0.26,28.2,25.71,23.76,2607.7,148.11,685.72,393.68,41.63,18.2,0.267,23.94,NORMAL,0,0.0,26.0,-0.5500000000000114,4.559999999999945,1.8799999999999955,-0.5,0.4400000000000013,-0.007000000000000006,-0.17999999999999972
28.0,ENG-003,MIS-0009,CRUISE,78.14,6000.0,-15.0,2984.2,161.38,755.91,430.31,40.81,21.39,0.269,27.94,25.67,23.94,2987.9,160.33,756.33,434.42,41.69,21.19,0.282,24.34,NORMAL,0,0.0,-3.700000000000273,1.049999999999983,-0.42000000000007276,-4.110000000000014,-0.8799999999999955,0.1999999999999993,-0.012999999999999956,-0.3999999999999986
29.0,ENG-003,MIS-0009,CRUISE,79.36,6000.0,-13.87,3017.3,161.67,769.92,442.84,42.46,21.34,0.303,27.79,25.49,24.21,3022.0,161.42,762.65,438.07,41.76,21.46,0.283,24.38,NORMAL,0,0.0,-4.699999999999818,0.25,7.269999999999982,4.769999999999982,0.7000000000000028,-0.120000000000001,0.020000000000000018,-0.16999999999999815
30.0,ENG-003,MIS-0009,CRUISE,77.16,6000.0,-14.6,2962.4,159.96,747.23,431.97,42.25,21.14,0.284,28.13,25.38,24.35,2960.5,159.45,751.24,431.49,41.82,20.98,0.281,24.31,NORMAL,0,0.0,1.900000000000091,0.5100000000000193,-4.009999999999991,0.4800000000000182,0.4299999999999997,0.16000000000000014,0.002999999999999947,0.0400000000000027
31.0,ENG-003,MIS-0009,CRUISE,63.14,6000.0,-13.48,2565.0,147.89,681.31,396.15,42.52,17.39,0.271,27.99,25.47,23.99,2567.8,146.82,678.31,389.41,41.88,17.89,0.266,23.89,NORMAL,0,0.0,-2.800000000000182,1.0699999999999932,3.0,6.739999999999952,0.6400000000000006,-0.5,0.0050000000000000044,0.09999999999999787
32.0,ENG-003,MIS-0009,CRUISE,50.19,6000.0,-14.5,2219.3,133.5,617.43,351.67,43.57,15.35,0.231,28.09,25.34,23.02,2205.2,135.17,610.96,350.56,41.93,15.04,0.253,23.51,NORMAL,0,0.0,14.100000000000364,-1.6699999999999875,6.469999999999914,1.1100000000000136,1.6400000000000006,0.3100000000000005,-0.021999999999999992,-0.490000000000002
33.0,ENG-003,MIS-0009,CRUISE,42.89,6000.0,-13.92,2010.2,129.0,572.4,331.8,41.6,13.45,0.23,28.02,25.67,23.76,2001.0,128.6,573.04,328.68,41.97,13.44,0.245,23.29,NORMAL,0,0.0,9.200000000000045,0.4000000000000057,-0.6399999999999864,3.1200000000000045,-0.36999999999999744,0.009999999999999787,-0.014999999999999986,0.4700000000000024
34.0,ENG-003,MIS-0009,CRUISE,40.88,6000.0,-14.6,1966.4,124.88,566.3,324.6,42.7,13.13,0.238,28.05,25.52,22.9,1944.7,126.8,562.6,322.65,42.01,12.99,0.243,23.23,NORMAL,0,0.0,21.700000000000045,-1.9200000000000017,3.699999999999932,1.9500000000000455,0.6900000000000048,0.14000000000000057,-0.0050000000000000044,-0.33000000000000185
35.0,ENG-003,MIS-0009,CRUISE,49.11,6000.0,-13.68,2198.7,134.77,609.71,355.93,42.94,14.85,0.256,27.91,25.58,23.44,2175.2,134.2,605.39,347.34,42.06,14.81,0.251,23.47,NORMAL,0,0.0,23.5,0.5700000000000216,4.32000000000005,8.590000000000032,0.8799999999999955,0.03999999999999915,0.0050000000000000044,-0.029999999999997584
36.0,ENG-003,MIS-0009,CRUISE,69.33,6000.0,-13.5,2753.7,151.09,710.6,403.97,42.01,19.11,0.268,28.25,25.24,24.39,2741.3,152.4,710.52,407.99,42.12,19.25,0.272,24.08,NORMAL,0,0.0,12.399999999999636,-1.3100000000000023,0.08000000000004093,-4.019999999999982,-0.10999999999999943,-0.14000000000000057,-0.0040000000000000036,0.3100000000000023
37.0,ENG-003,MIS-0009,CRUISE,80.75,6000.0,-13.56,3079.7,161.56,769.5,439.62,42.19,22.05,0.285,27.97,25.38,24.72,3060.9,162.67,769.88,442.24,42.19,21.76,0.284,24.42,NORMAL,0,0.0,18.799999999999727,-1.1099999999999852,-0.37999999999999545,-2.6200000000000045,0.0,0.28999999999999915,0.0010000000000000009,0.29999999999999716
38.0,ENG-003,MIS-0009,CRUISE,81.81,6000.0,-13.1,3102.1,164.54,778.89,440.37,43.41,22.17,0.279,28.18,25.6,24.28,3090.7,163.63,775.41,445.43,42.26,22.0,0.285,24.45,NORMAL,0,0.0,11.400000000000091,0.9099999999999966,3.480000000000018,-5.060000000000002,1.1499999999999986,0.1700000000000017,-0.00599999999999995,-0.16999999999999815
39.0,ENG-003,MIS-0009,CRUISE,76.95,6000.0,-15.39,2978.8,158.21,756.96,425.41,43.42,21.29,0.274,28.12,25.55,24.04,2954.5,159.25,750.13,430.84,42.32,20.93,0.279,24.31,NORMAL,0,0.0,24.300000000000182,-1.039999999999992,6.830000000000041,-5.42999999999995,1.1000000000000014,0.35999999999999943,-0.0050000000000000044,-0.2699999999999996
40.0,ENG-003,MIS-0009,LOITER,50.15,6000.0,-13.34,2173.4,137.58,605.84,355.32,42.45,14.69,0.287,27.9,25.39,23.52,2204.2,135.14,610.78,350.45,42.37,15.03,0.251,23.5,NORMAL,0,0.0,-30.799999999999727,2.440000000000026,-4.939999999999941,4.8700000000000045,0.0800000000000054,-0.33999999999999986,0.035999999999999976,0.019999999999999574
41.0,ENG-003,MIS-0009,LOITER,28.56,6000.0,-14.31,1587.0,113.41,498.43,277.85,41.95,10.24,0.238,27.82,25.4,22.94,1599.8,115.71,498.54,285.69,42.4,10.28,0.228,22.86,NORMAL,0,0.0,-12.799999999999955,-2.299999999999997,-0.11000000000001364,-7.839999999999975,-0.44999999999999574,-0.03999999999999915,0.009999999999999981,0.08000000000000185
42.0,ENG-003,MIS-0009,LOITER,15.53,6000.0,-14.6,1243.5,105.71,435.45,243.86,43.52,7.59,0.266,27.88,25.39,22.74,1234.9,103.98,430.77,246.6,42.43,7.42,0.214,22.47,NORMAL,0,0.0,8.599999999999909,1.7299999999999898,4.680000000000007,-2.7399999999999807,1.0900000000000034,0.16999999999999993,0.05200000000000002,0.2699999999999996
43.0,ENG-003,MIS-0009,LOITER,22.51,6000.0,-13.58,1426.3,108.82,461.83,269.98,42.35,8.77,0.228,28.17,25.61,22.7,1430.3,110.26,467.06,267.53,42.46,8.95,0.22,22.68,NORMAL,0,0.0,-4.0,-1.440000000000012,-5.230000000000018,2.4500000000000455,-0.10999999999999943,-0.17999999999999972,0.008000000000000007,0.019999999999999574
44.0,ENG-003,MIS-0009,LOITER,36.14,6000.0,-13.2,1825.0,122.48,539.05,309.43,42.65,12.03,0.232,28.01,25.33,22.97,1812.0,122.53,537.93,308.42,42.5,11.95,0.234,23.08,NORMAL,0,0.0,13.0,-0.04999999999999716,1.1200000000000045,1.009999999999991,0.14999999999999858,0.08000000000000007,-0.0020000000000000018,-0.10999999999999943
45.0,ENG-003,MIS-0009,LOITER,53.87,6000.0,-14.7,2314.3,138.44,632.89,364.49,42.84,15.47,0.283,28.07,25.71,23.94,2308.5,138.49,630.15,361.62,42.56,15.85,0.252,23.62,NORMAL,0,0.0,5.800000000000182,-0.05000000000001137,2.740000000000009,2.8700000000000045,0.28000000000000114,-0.379999999999999,0.030999999999999972,0.3200000000000003
46.0,ENG-003,MIS-0009,LOITER,70.13,6000.0,-14.15,2730.2,153.49,713.8,407.38,42.63,19.64,0.279,27.89,25.52,24.07,2763.6,153.12,714.68,410.39,42.61,19.43,0.269,24.1,NORMAL,0,0.0,-33.40000000000009,0.37000000000000455,-0.8799999999999955,-3.009999999999991,0.020000000000003126,0.21000000000000085,0.010000000000000009,-0.030000000000001137
47.0,ENG-003,MIS-0009,LOITER,64.36,6000.0,-13.7,2577.3,147.85,688.08,394.89,42.65,18.45,0.272,28.36,25.34,23.94,2602.2,147.93,684.69,393.09,42.67,18.16,0.262,23.93,NORMAL,0,0.0,-24.899999999999636,-0.0800000000000125,3.3899999999999864,1.8000000000000114,-0.020000000000003126,0.28999999999999915,0.010000000000000009,0.010000000000001563
48.0,ENG-003,MIS-0009,LOITER,59.71,6000.0,-13.79,2479.7,142.69,655.67,386.49,41.84,17.31,0.252,27.84,25.81,23.6,2472.0,143.74,660.51,379.14,42.73,17.14,0.256,23.79,NORMAL,0,0.0,7.699999999999818,-1.0500000000000114,-4.840000000000032,7.350000000000023,-0.8899999999999935,0.16999999999999815,-0.0040000000000000036,-0.18999999999999773
49.0,ENG-003,MIS-0009,DESCENT,30.6,6000.0,-14.33,1640.0,117.47,500.16,295.28,43.13,10.68,0.214,28.14,25.5,22.89,1656.8,117.54,509.12,291.8,42.76,10.73,0.225,22.92,NORMAL,0,0.0,-16.799999999999955,-0.07000000000000739,-8.95999999999998,3.4799999999999613,0.37000000000000455,-0.05000000000000071,-0.01100000000000001,-0.030000000000001137
50.0,ENG-003,MIS-0009,DESCENT,35.12,6000.0,-15.29,1756.9,122.74,538.09,307.72,41.53,11.7,0.247,28.26,25.49,23.24,1783.3,121.61,532.61,305.35,42.8,11.73,0.229,23.05,NORMAL,0,0.0,-26.399999999999864,1.1299999999999955,5.480000000000018,2.3700000000000045,-1.269999999999996,-0.030000000000001137,0.017999999999999988,0.18999999999999773
51.0,ENG-003,MIS-0009,DESCENT,33.96,6000.0,-14.41,1713.7,120.6,529.53,302.15,43.75,11.63,0.22,28.23,25.37,23.08,1751.0,120.57,526.61,301.89,42.84,11.47,0.227,23.02,NORMAL,0,0.0,-37.299999999999955,0.030000000000001137,2.919999999999959,0.2599999999999909,0.9099999999999966,0.16000000000000014,-0.007000000000000006,0.05999999999999872
52.0,ENG-003,MIS-0009,DESCENT,35.41,6000.0,-13.52,1770.4,121.87,536.86,309.91,42.57,11.44,0.219,27.89,25.31,23.26,1791.6,121.87,534.15,306.24,42.88,11.79,0.227,23.06,NORMAL,0,0.0,-21.199999999999818,0.0,2.7100000000000364,3.670000000000016,-0.3100000000000023,-0.34999999999999964,-0.008000000000000007,0.20000000000000284
53.0,ENG-003,MIS-0009,DESCENT,33.64,6000.0,-13.94,1762.8,121.19,519.28,298.53,42.62,11.34,0.254,28.24,25.66,22.98,1741.9,120.27,524.92,300.92,42.92,11.4,0.225,23.01,NORMAL,0,0.0,20.899999999999864,0.9200000000000017,-5.639999999999986,-2.390000000000043,-0.30000000000000426,-0.0600000000000005,0.028999999999999998,-0.030000000000001137
54.0,ENG-003,MIS-0009,LANDING,17.31,6000.0,-13.11,1312.2,106.22,444.41,250.54,43.74,8.92,0.227,28.25,25.52,22.41,1284.6,105.58,440.0,251.92,42.95,7.81,0.207,22.52,NORMAL,0,0.0,27.600000000000136,0.6400000000000006,4.410000000000025,-1.3799999999999955,0.7899999999999991,1.1100000000000003,0.020000000000000018,-0.10999999999999943
55.0,ENG-003,MIS-0009,LANDING,19.41,6000.0,-14.41,1343.4,105.71,449.9,255.4,43.36,7.65,0.212,28.13,25.3,22.17,1343.4,107.47,450.91,258.22,42.98,8.27,0.208,22.58,NORMAL,0,0.0,0.0,-1.7600000000000051,-1.0100000000000477,-2.8200000000000216,0.38000000000000256,-0.6199999999999992,0.0040000000000000036,-0.4099999999999966
0.0,ENG-001,MIS-0010,TAXI,13.71,0.0,24.93,1198.7,107.75,427.78,237.95,39.43,6.76,0.164,27.63,25.5,22.42,1183.8,105.3,427.2,241.12,40.03,7.02,0.194,22.41,INJECTOR_ABNORMALITY,0,0.0,14.900000000000091,2.450000000000003,0.5799999999999841,-3.170000000000016,-0.6000000000000014,-0.2599999999999998,-0.03,0.010000000000001563
1.0,ENG-001,MIS-0010,TAXI,17.37,0.0,25.2,1287.1,108.79,443.38,247.66,38.69,8.02,0.206,27.92,25.36,22.62,1286.4,108.76,446.57,252.11,40.06,7.82,0.199,22.52,INJECTOR_ABNORMALITY,0,0.0,0.6999999999998181,0.030000000000001137,-3.1899999999999977,-4.450000000000017,-1.3700000000000045,0.1999999999999993,0.0069999999999999785,0.10000000000000142
2.0,ENG-001,MIS-0010,TAXI,11.5,0.0,24.69,1133.7,103.53,408.83,233.11,39.28,6.97,0.218,28.02,25.45,22.2,1121.9,103.16,415.41,234.49,40.09,6.53,0.194,22.34,INJECTOR_ABNORMALITY,0,0.0,11.799999999999955,0.37000000000000455,-6.580000000000041,-1.3799999999999955,-0.8100000000000023,0.4399999999999995,0.023999999999999994,-0.14000000000000057
3.0,ENG-001,MIS-0010,TAXI,17.31,0.0,24.5,1274.9,111.24,443.07,249.49,41.63,7.94,0.227,28.15,25.63,22.38,1284.5,108.28,445.39,251.92,40.12,7.81,0.201,22.52,INJECTOR_ABNORMALITY,0,0.0,-9.599999999999909,2.9599999999999937,-2.319999999999993,-2.4299999999999784,1.5100000000000051,0.13000000000000078,0.025999999999999995,-0.14000000000000057
4.0,ENG-001,MIS-0010,TAKEOFF,93.46,2977.7,5.9,3421.0,175.65,829.04,481.76,39.75,24.21,0.254,28.02,25.57,24.71,3417.0,174.12,836.01,480.39,40.19,24.56,0.282,24.8,INJECTOR_ABNORMALITY,0,0.0,4.0,1.5300000000000011,-6.970000000000027,1.3700000000000045,-0.4399999999999977,-0.34999999999999787,-0.02799999999999997,-0.08999999999999986
5.0,ENG-001,MIS-0010,TAKEOFF,91.85,3222.1,5.07,3366.4,172.42,828.99,472.76,40.74,24.2,0.316,27.91,25.6,24.78,3371.9,172.67,827.64,475.56,40.27,24.21,0.281,24.76,INJECTOR_ABNORMALITY,0,0.0,-5.5,-0.25,1.3500000000000227,-2.8000000000000114,0.46999999999999886,-0.010000000000001563,0.034999999999999976,0.019999999999999574
6.0,ENG-001,MIS-0010,TAKEOFF,94.27,3466.5,2.18,3456.3,177.67,843.24,480.94,41.48,24.24,0.299,27.95,25.37,24.65,3439.6,174.84,840.21,482.82,40.34,24.74,0.285,24.83,INJECTOR_ABNORMALITY,0,0.0,16.700000000000273,2.829999999999984,3.0299999999999727,-1.8799999999999955,1.1399999999999935,-0.5,0.014000000000000012,-0.17999999999999972
7.0,ENG-001,MIS-0010,CLIMB,83.68,3711.0,0.96,3130.8,166.6,787.13,451.92,40.75,22.45,0.275,27.78,25.6,24.23,3143.0,165.31,785.13,451.04,40.41,22.41,0.275,24.51,INJECTOR_ABNORMALITY,0,0.0,-12.199999999999818,1.289999999999992,2.0,0.8799999999999955,0.3400000000000034,0.03999999999999915,0.0,-0.28000000000000114
8.0,ENG-001,MIS-0010,CLIMB,81.33,3955.4,-0.87,3107.7,159.31,775.05,447.97,40.96,22.05,0.3,28.14,25.45,24.47,3077.4,163.2,772.94,444.0,40.48,21.89,0.273,24.44,INJECTOR_ABNORMALITY,0,0.0,30.299999999999727,-3.8899999999999864,2.1099999999999,3.9700000000000273,0.480000000000004,0.16000000000000014,0.02699999999999997,0.029999999999997584
9.0,ENG-001,MIS-0010,CLIMB,88.62,4199.8,-1.52,3262.4,171.03,807.75,464.49,40.76,23.35,0.262,28.2,25.62,24.9,3281.5,169.76,810.84,465.87,40.55,23.5,0.282,24.66,INJECTOR_ABNORMALITY,0,0.0,-19.09999999999991,1.2700000000000102,-3.090000000000032,-1.3799999999999955,0.21000000000000085,-0.14999999999999858,-0.019999999999999962,0.23999999999999844
10.0,ENG-001,MIS-0010,CLIMB,89.3,4444.2,-4.35,3292.4,172.18,821.34,469.53,40.73,23.71,0.324,27.99,25.18,25.19,3300.3,170.37,814.34,467.89,40.63,23.65,0.283,24.68,INJECTOR_ABNORMALITY,0,0.0,-7.900000000000091,1.8100000000000023,7.0,1.6399999999999864,0.09999999999999432,0.060000000000002274,0.041000000000000036,0.5100000000000016
11.0,ENG-001,MIS-0010,CLIMB,84.88,4688.7,-5.44,3171.2,166.07,786.27,460.59,41.69,22.8,0.277,27.88,25.51,24.47,3176.6,166.39,791.37,454.64,40.7,22.67,0.28,24.55,INJECTOR_ABNORMALITY,0,0.0,-5.400000000000091,-0.3199999999999932,-5.100000000000023,5.949999999999989,0.9899999999999949,0.129999999999999,-0.0030000000000000027,-0.08000000000000185
12.0,ENG-001,MIS-0010,CLIMB,84.82,4933.1,-6.53,3170.7,167.78,791.71,458.92,40.14,22.88,0.3,28.06,25.59,24.66,3175.1,166.34,791.09,454.47,40.77,22.66,0.28,24.54,INJECTOR_ABNORMALITY,0,0.0,-4.400000000000091,1.4399999999999977,0.6200000000000045,4.449999999999989,-0.6300000000000026,0.21999999999999886,0.019999999999999962,0.120000000000001
13.0,ENG-001,MIS-0010,CLIMB,81.9,5177.5,-8.26,3102.3,163.98,778.74,445.49,40.32,22.35,0.252,28.27,25.46,24.33,3093.1,163.71,775.86,445.69,40.84,22.02,0.278,24.46,INJECTOR_ABNORMALITY,0,0.0,9.200000000000273,0.2699999999999818,2.8799999999999955,-0.19999999999998863,-0.5200000000000031,0.33000000000000185,-0.026000000000000023,-0.13000000000000256
14.0,ENG-001,MIS-0010,CLIMB,90.57,5421.9,-10.21,3336.4,169.8,814.62,468.82,40.46,23.74,0.286,28.27,25.84,24.51,3335.8,171.51,820.94,471.7,40.91,23.92,0.288,24.72,INJECTOR_ABNORMALITY,0,0.0,0.599999999999909,-1.7099999999999795,-6.32000000000005,-2.8799999999999955,-0.44999999999999574,-0.18000000000000327,-0.0020000000000000018,-0.2099999999999973
15.0,ENG-001,MIS-0010,CLIMB,88.93,5666.4,-12.71,3293.6,169.16,809.01,464.85,39.97,23.56,0.265,28.05,25.76,24.82,3290.0,170.04,812.44,466.79,40.98,23.56,0.287,24.67,INJECTOR_ABNORMALITY,0,0.0,3.599999999999909,-0.8799999999999955,-3.4300000000000637,-1.9399999999999977,-1.009999999999998,0.0,-0.021999999999999964,0.14999999999999858
16.0,ENG-001,MIS-0010,CLIMB,88.7,5910.8,-13.72,3281.5,169.49,812.92,464.56,40.63,23.22,0.279,28.06,25.53,24.7,3283.7,169.83,811.26,466.11,41.05,23.51,0.287,24.66,INJECTOR_ABNORMALITY,0,0.0,-2.199999999999818,-0.3400000000000034,1.6599999999999682,-1.5500000000000114,-0.4199999999999946,-0.2900000000000027,-0.007999999999999952,0.03999999999999915
17.0,ENG-001,MIS-0010,CRUISE,56.02,6000.0,-13.53,2361.8,140.12,641.43,365.01,41.5,16.43,0.243,28.05,25.53,23.81,2368.6,140.42,641.31,368.06,41.11,16.32,0.254,23.68,INJECTOR_ABNORMALITY,0,0.0,-6.799999999999727,-0.29999999999998295,0.12000000000000455,-3.0500000000000114,0.39000000000000057,0.10999999999999943,-0.01100000000000001,0.129999999999999
18.0,ENG-001,MIS-0010,CRUISE,55.38,6000.0,-14.04,2358.9,141.1,636.91,358.46,40.93,16.45,0.25,27.87,25.35,23.92,2350.8,139.85,638.0,366.15,41.16,16.18,0.254,23.66,INJECTOR_ABNORMALITY,0,0.0,8.099999999999909,1.25,-1.0900000000000318,-7.689999999999998,-0.22999999999999687,0.2699999999999996,-0.0040000000000000036,0.26000000000000156
19.0,ENG-001,MIS-0010,CRUISE,57.19,6000.0,-14.31,2411.0,139.41,646.42,371.73,41.22,15.78,0.282,27.98,25.45,23.69,2401.4,141.47,647.41,371.58,41.21,16.58,0.256,23.72,INJECTOR_ABNORMALITY,0,0.0,9.599999999999909,-2.0600000000000023,-0.9900000000000091,0.1500000000000341,0.00999999999999801,-0.7999999999999989,0.025999999999999968,-0.029999999999997584
20.0,ENG-001,MIS-0010,CRUISE,60.81,6000.0,-14.56,2523.1,147.03,662.9,379.23,42.14,17.51,0.281,27.88,25.46,24.02,2502.8,144.73,666.24,382.44,41.27,17.38,0.261,23.82,INJECTOR_ABNORMALITY,0,0.0,20.299999999999727,2.3000000000000114,-3.340000000000032,-3.2099999999999795,0.8699999999999974,0.13000000000000256,0.020000000000000018,0.1999999999999993
21.0,ENG-001,MIS-0010,CRUISE,54.74,6000.0,-14.65,2330.9,140.08,634.29,369.09,42.08,15.84,0.263,28.23,25.76,23.42,2332.6,139.26,634.63,364.21,41.32,16.04,0.255,23.64,INJECTOR_ABNORMALITY,0,0.0,-1.699999999999818,0.8200000000000216,-0.34000000000003183,4.8799999999999955,0.759999999999998,-0.1999999999999993,0.008000000000000007,-0.21999999999999886
22.0,ENG-001,MIS-0010,CRUISE,58.71,6000.0,-13.97,2423.9,142.45,657.25,378.55,41.61,16.9,0.25,27.78,25.31,23.87,2444.0,142.84,655.31,376.14,41.37,16.92,0.259,23.76,INJECTOR_ABNORMALITY,0,0.0,-20.09999999999991,-0.3900000000000148,1.9400000000000546,2.410000000000025,0.240000000000002,-0.020000000000003126,-0.009000000000000008,0.10999999999999943
23.0,ENG-001,MIS-0010,CRUISE,55.82,6000.0,-14.25,2375.4,140.11,637.87,372.12,40.9,16.34,0.243,28.1,25.38,23.79,2363.0,140.24,640.26,367.46,41.43,16.28,0.257,23.67,INJECTOR_ABNORMALITY,0,0.0,12.400000000000091,-0.12999999999999545,-2.3899999999999864,4.660000000000025,-0.5300000000000011,0.05999999999999872,-0.014000000000000012,0.11999999999999744
24.0,ENG-001,MIS-0010,CRUISE,60.33,6000.0,-14.21,2494.6,143.77,662.5,386.2,41.64,17.16,0.272,28.1,25.87,23.76,2489.2,144.3,663.71,380.99,41.48,17.27,0.262,23.71,INJECTOR_ABNORMALITY,0,0.033,5.400000000000091,-0.5300000000000011,-1.2100000000000364,5.2099999999999795,0.1600000000000037,-0.10999999999999943,0.010000000000000009,0.05000000000000071
25.0,ENG-001,MIS-0010,CRUISE,65.17,6000.0,-13.64,2609.1,148.1,686.92,396.24,42.0,18.52,0.302,28.11,25.73,23.94,2624.7,148.65,688.87,395.5,41.54,18.34,0.267,24.07,INJECTOR_ABNORMALITY,0,0.038,-15.599999999999909,-0.5500000000000114,-1.9500000000000455,0.7400000000000091,0.46000000000000085,0.17999999999999972,0.034999999999999976,-0.129999999999999
26.0,ENG-001,MIS-0010,CRUISE,62.19,6000.0,-13.69,2529.2,147.51,675.05,385.19,42.46,16.91,0.259,28.06,25.82,23.87,2541.4,145.97,673.4,386.58,41.6,17.68,0.265,23.73,INJECTOR_ABNORMALITY,0,0.044,-12.200000000000273,1.539999999999992,1.6499999999999773,-1.3899999999999864,0.8599999999999994,-0.7699999999999996,-0.006000000000000005,0.14000000000000057
27.0,ENG-001,MIS-0010,CRUISE,61.34,6000.0,-14.62,2513.0,144.2,677.14,383.44,42.15,17.34,0.275,27.88,25.51,24.07,2517.4,145.2,668.95,384.01,41.65,17.49,0.264,23.69,INJECTOR_ABNORMALITY,1,0.05,-4.400000000000091,-1.0,8.18999999999994,-0.5699999999999932,0.5,-0.14999999999999858,0.01100000000000001,0.379999999999999
28.0,ENG-001,MIS-0010,CRUISE,59.86,6000.0,-14.03,2482.0,141.29,665.81,381.92,41.91,17.41,0.272,28.02,25.58,23.56,2476.0,143.87,661.26,379.57,41.71,17.17,0.263,23.62,INJECTOR_ABNORMALITY,1,0.057,6.0,-2.5800000000000125,4.5499999999999545,2.3500000000000227,0.19999999999999574,0.23999999999999844,0.009000000000000008,-0.060000000000002274
29.0,ENG-001,MIS-0010,CRUISE,56.34,6000.0,-14.23,2353.8,139.84,641.74,363.69,41.72,16.31,0.222,28.02,25.38,23.77,2377.6,140.71,642.98,369.03,41.76,16.4,0.259,23.89,INJECTOR_ABNORMALITY,1,0.065,-23.799999999999727,-0.8700000000000045,-1.240000000000009,-5.339999999999975,-0.03999999999999915,-0.08999999999999986,-0.037000000000000005,-0.120000000000001
30.0,ENG-001,MIS-0010,CRUISE,61.2,6000.0,-14.57,2491.2,144.55,672.22,392.67,41.74,16.9,0.273,28.08,25.61,24.08,2513.5,145.08,668.23,383.59,41.81,17.46,0.264,24.06,INJECTOR_ABNORMALITY,1,0.075,-22.300000000000182,-0.5300000000000011,3.990000000000009,9.080000000000041,-0.07000000000000028,-0.5600000000000023,0.009000000000000008,0.019999999999999574
31.0,ENG-001,MIS-0010,CRUISE,63.2,6000.0,-13.65,2580.5,145.03,672.92,384.78,41.41,17.37,0.29,28.17,25.68,23.61,2569.7,146.88,678.66,389.61,41.87,17.9,0.266,23.64,INJECTOR_ABNORMALITY,1,0.085,10.800000000000182,-1.8499999999999943,-5.740000000000009,-4.830000000000041,-0.46000000000000085,-0.5299999999999976,0.023999999999999966,-0.030000000000001137
32.0,ENG-001,MIS-0010,CRUISE,60.59,6000.0,-13.6,2497.5,144.92,668.3,380.47,41.17,17.1,0.246,28.06,25.67,24.34,2496.5,144.53,665.06,381.77,41.92,17.33,0.264,24.11,INJECTOR_ABNORMALITY,1,0.096,1.0,0.38999999999998636,3.240000000000009,-1.2999999999999545,-0.75,-0.22999999999999687,-0.018000000000000016,0.23000000000000043
33.0,ENG-001,MIS-0010,CRUISE,59.5,6000.0,-14.18,2455.7,145.31,654.28,373.73,43.12,16.94,0.238,27.83,25.5,23.55,2466.1,143.55,659.42,378.51,41.98,17.09,0.262,23.46,INJECTOR_ABNORMALITY,1,0.109,-10.400000000000091,1.759999999999991,-5.139999999999986,-4.779999999999973,1.1400000000000006,-0.14999999999999858,-0.02400000000000002,0.08999999999999986
34.0,ENG-001,MIS-0010,CRUISE,57.95,6000.0,-14.05,2438.2,141.7,653.69,378.47,40.29,16.58,0.252,28.21,25.28,23.59,2422.7,142.16,651.36,373.86,42.03,16.75,0.261,23.37,INJECTOR_ABNORMALITY,1,0.123,15.5,-0.46000000000000796,2.330000000000041,4.610000000000014,-1.740000000000002,-0.1700000000000017,-0.009000000000000008,0.21999999999999886
35.0,ENG-001,MIS-0010,CRUISE,62.81,6000.0,-14.57,2561.6,147.61,680.06,387.09,41.38,17.74,0.273,27.74,25.41,24.38,2558.7,146.53,676.62,388.44,42.09,17.82,0.266,24.3,INJECTOR_ABNORMALITY,1,0.138,2.900000000000091,1.0800000000000125,3.439999999999941,-1.3500000000000227,-0.7100000000000009,-0.08000000000000185,0.007000000000000006,0.0799999999999983
36.0,ENG-001,MIS-0010,CRUISE,59.37,6000.0,-14.16,2457.9,142.75,662.83,369.41,41.8,16.88,0.251,27.86,25.58,24.03,2462.4,143.44,658.74,378.12,42.14,17.06,0.262,24.25,INJECTOR_ABNORMALITY,1,0.155,-4.5,-0.6899999999999977,4.090000000000032,-8.70999999999998,-0.3400000000000034,-0.17999999999999972,-0.01100000000000001,-0.21999999999999886
37.0,ENG-001,MIS-0010,CRUISE,63.79,6000.0,-13.91,2574.2,146.37,682.89,398.33,41.15,17.29,0.229,28.05,25.48,23.54,2586.1,147.41,681.71,391.37,42.2,18.03,0.266,23.39,INJECTOR_ABNORMALITY,1,0.173,-11.900000000000091,-1.039999999999992,1.17999999999995,6.9599999999999795,-1.0500000000000043,-0.740000000000002,-0.037000000000000005,0.14999999999999858
38.0,ENG-001,MIS-0010,CRUISE,55.77,6000.0,-13.45,2363.1,140.67,636.21,369.79,41.45,16.33,0.234,28.01,25.65,23.21,2361.4,140.19,639.98,367.3,42.25,16.27,0.257,23.1,INJECTOR_ABNORMALITY,1,0.192,1.699999999999818,0.47999999999998977,-3.769999999999982,2.490000000000009,-0.7999999999999972,0.05999999999999872,-0.022999999999999993,0.10999999999999943
39.0,ENG-001,MIS-0010,CRUISE,62.75,6000.0,-13.87,2557.7,146.07,672.16,388.7,42.76,17.37,0.257,27.93,25.5,23.17,2557.1,146.48,676.31,388.26,42.31,17.81,0.264,23.24,INJECTOR_ABNORMALITY,1,0.213,0.599999999999909,-0.4099999999999966,-4.149999999999977,0.4399999999999977,0.44999999999999574,-0.4399999999999977,-0.007000000000000006,-0.06999999999999673
40.0,ENG-001,MIS-0010,CRUISE,62.19,6000.0,-13.69,2533.0,147.29,673.01,389.94,42.5,18.48,0.321,27.79,25.48,23.89,2541.3,145.97,673.38,386.57,42.36,17.68,0.263,23.16,INJECTOR_ABNORMALITY,1,0.235,-8.300000000000182,1.3199999999999932,-0.37000000000000455,3.3700000000000045,0.14000000000000057,0.8000000000000007,0.057999999999999996,0.7300000000000004
41.0,ENG-001,MIS-0010,CRUISE,60.76,6000.0,-13.67,2493.7,145.2,675.38,381.48,41.7,14.57,0.262,28.05,25.69,23.18,2501.2,144.68,665.94,382.27,42.42,17.37,0.262,23.05,INJECTOR_ABNORMALITY,1,0.258,-7.5,0.5199999999999818,9.43999999999994,-0.7899999999999636,-0.7199999999999989,-2.8000000000000007,0.0,0.129999999999999
42.0,ENG-001,MIS-0010,CRUISE,65.72,6000.0,-14.11,2613.9,150.55,693.68,401.67,41.21,18.1,0.231,27.98,25.47,23.06,2640.2,149.15,691.74,397.16,42.47,18.46,0.266,23.12,INJECTOR_ABNORMALITY,1,0.282,-26.299999999999727,1.4000000000000057,1.9399999999999409,4.509999999999991,-1.259999999999998,-0.35999999999999943,-0.035,-0.060000000000002274
43.0,ENG-001,MIS-0010,CRUISE,56.32,6000.0,-14.09,2367.1,142.15,650.21,368.47,42.39,16.1,0.279,28.11,25.38,24.42,2377.1,140.69,642.89,368.97,42.53,16.39,0.256,24.61,INJECTOR_ABNORMALITY,1,0.307,-10.0,1.460000000000008,7.32000000000005,-0.5,-0.14000000000000057,-0.28999999999999915,0.02300000000000002,-0.18999999999999773
44.0,ENG-001,MIS-0010,CRUISE,58.64,6000.0,-15.05,2423.6,144.44,649.43,375.33,43.17,16.94,0.232,28.22,25.57,22.79,2442.0,142.78,654.95,375.93,42.58,16.9,0.258,22.76,INJECTOR_ABNORMALITY,1,0.332,-18.40000000000009,1.6599999999999966,-5.5200000000000955,-0.6000000000000227,0.5900000000000034,0.0400000000000027,-0.025999999999999995,0.029999999999997584
45.0,ENG-001,MIS-0010,CRUISE,63.6,6000.0,-14.59,2578.9,148.8,697.22,390.46,43.91,15.97,0.29,28.34,25.38,25.04,2580.7,147.24,680.7,390.79,42.63,17.99,0.262,24.98,INJECTOR_ABNORMALITY,1,0.358,-1.7999999999997272,1.5600000000000023,16.519999999999982,-0.3300000000000409,1.279999999999994,-2.019999999999998,0.02799999999999997,0.05999999999999872
46.0,ENG-001,MIS-0010,LOITER,48.3,6000.0,-13.22,2156.1,133.85,616.0,347.74,42.82,13.28,0.243,28.28,25.55,24.24,2152.5,133.47,601.18,344.91,42.68,14.63,0.246,24.6,INJECTOR_ABNORMALITY,1,0.383,3.599999999999909,0.37999999999999545,14.82000000000005,2.829999999999984,0.14000000000000057,-1.3500000000000014,-0.0030000000000000027,-0.360000000000003
47.0,ENG-001,MIS-0010,LOITER,39.96,6000.0,-14.11,1918.2,126.78,567.35,317.01,43.92,13.05,0.233,27.97,25.56,24.56,1918.8,125.96,557.77,319.87,42.72,12.79,0.236,24.42,INJECTOR_ABNORMALITY,1,0.408,-0.599999999999909,0.8200000000000074,9.580000000000041,-2.8600000000000136,1.2000000000000028,0.26000000000000156,-0.002999999999999975,0.13999999999999702
48.0,ENG-001,MIS-0010,LOITER,50.28,6000.0,-13.96,2198.0,132.62,606.7,354.16,43.41,15.44,0.267,27.87,25.38,24.62,2208.0,135.26,611.48,350.85,42.77,15.06,0.246,24.8,INJECTOR_ABNORMALITY,1,0.432,-10.0,-2.6399999999999864,-4.779999999999973,3.3100000000000023,0.6399999999999935,0.379999999999999,0.02100000000000002,-0.17999999999999972
49.0,ENG-001,MIS-0010,LOITER,43.22,6000.0,-14.29,2028.9,129.94,591.36,324.72,42.1,12.41,0.238,28.0,25.48,22.19,2010.2,128.9,574.76,329.67,42.82,13.51,0.238,21.93,INJECTOR_ABNORMALITY,1,0.456,18.700000000000045,1.039999999999992,16.600000000000023,-4.949999999999989,-0.7199999999999989,-1.0999999999999996,0.0,0.26000000000000156
50.0,ENG-001,MIS-0010,LOITER,41.4,6000.0,-13.59,1947.9,129.38,576.69,324.89,42.05,11.83,0.241,27.81,25.69,21.65,1959.2,127.26,565.28,324.2,42.86,13.11,0.235,21.81,INJECTOR_ABNORMALITY,1,0.478,-11.299999999999955,2.1199999999999903,11.410000000000082,0.6899999999999977,-0.8100000000000023,-1.2799999999999994,0.006000000000000005,-0.16000000000000014
51.0,ENG-001,MIS-0010,LOITER,46.55,6000.0,-14.0,2116.8,133.41,578.69,343.37,42.54,15.36,0.259,28.19,25.28,22.04,2103.4,131.9,592.07,339.65,42.91,14.24,0.24,21.9,INJECTOR_ABNORMALITY,1,0.5,13.400000000000091,1.509999999999991,-13.379999999999995,3.7200000000000273,-0.36999999999999744,1.1199999999999992,0.019000000000000017,0.14000000000000057
52.0,ENG-001,MIS-0010,LOITER,45.7,6000.0,-14.89,2071.8,131.75,599.38,335.08,44.02,13.91,0.259,27.92,25.48,21.74,2079.5,131.13,587.63,337.09,42.95,14.05,0.238,21.81,INJECTOR_ABNORMALITY,1,0.52,-7.699999999999818,0.6200000000000045,11.75,-2.009999999999991,1.0700000000000003,-0.14000000000000057,0.02100000000000002,-0.07000000000000028
53.0,ENG-001,MIS-0010,LOITER,50.86,6000.0,-14.65,2243.6,134.04,628.93,349.69,43.54,17.2,0.251,27.95,25.73,24.97,2224.0,135.77,614.46,352.58,43.0,15.19,0.243,25.14,INJECTOR_ABNORMALITY,1,0.538,19.59999999999991,-1.7300000000000182,14.469999999999914,-2.8899999999999864,0.5399999999999991,2.01,0.008000000000000007,-0.1700000000000017
54.0,ENG-001,MIS-0010,LOITER,46.75,6000.0,-14.39,2095.8,130.43,579.87,340.99,43.36,14.69,0.233,28.19,25.71,22.1,2109.0,132.08,593.11,340.25,43.05,14.29,0.238,21.74,INJECTOR_ABNORMALITY,1,0.556,-13.199999999999818,-1.6500000000000057,-13.240000000000009,0.7400000000000091,0.3100000000000023,0.40000000000000036,-0.004999999999999977,0.360000000000003
55.0,ENG-001,MIS-0010,LOITER,47.72,6000.0,-13.81,2128.2,134.4,587.31,344.98,44.16,16.55,0.226,27.92,25.54,22.06,2136.0,132.94,598.12,343.15,43.09,14.5,0.238,21.72,INJECTOR_ABNORMALITY,1,0.572,-7.800000000000182,1.460000000000008,-10.81000000000006,1.830000000000041,1.0699999999999932,2.0500000000000007,-0.011999999999999983,0.33999999999999986
56.0,ENG-001,MIS-0010,DESCENT,34.05,6000.0,-14.06,1742.3,121.3,513.22,308.01,43.63,10.37,0.172,27.94,25.52,21.27,1753.5,120.65,527.08,302.16,43.13,11.49,0.222,21.26,INJECTOR_ABNORMALITY,1,0.586,-11.200000000000045,0.6499999999999915,-13.860000000000014,5.849999999999966,0.5,-1.120000000000001,-0.05000000000000002,0.00999999999999801
57.0,ENG-001,MIS-0010,DESCENT,25.38,6000.0,-14.52,1496.1,112.71,467.64,274.66,42.67,10.51,0.221,28.08,25.36,21.11,1510.7,112.84,481.99,276.15,43.16,9.58,0.212,20.96,INJECTOR_ABNORMALITY,1,0.599,-14.600000000000136,-0.13000000000000966,-14.350000000000023,-1.4899999999999523,-0.4899999999999949,0.9299999999999997,0.009000000000000008,0.14999999999999858
58.0,ENG-001,MIS-0010,DESCENT,29.56,6000.0,-14.79,1618.6,119.01,516.56,291.62,43.25,6.86,0.229,28.17,25.52,21.32,1627.6,116.6,503.69,288.67,43.2,10.5,0.216,21.05,INJECTOR_ABNORMALITY,1,0.611,-9.0,2.410000000000011,12.869999999999948,2.9499999999999886,0.04999999999999716,-3.6399999999999997,0.013000000000000012,0.2699999999999996
59.0,ENG-001,MIS-0010,DESCENT,32.17,6000.0,-14.17,1692.5,117.13,504.36,296.67,43.56,9.38,0.2,27.96,25.44,24.96,1700.8,118.95,517.29,296.51,43.24,11.08,0.218,24.83,INJECTOR_ABNORMALITY,1,0.622,-8.299999999999955,-1.8200000000000074,-12.92999999999995,0.160000000000025,0.3200000000000003,-1.6999999999999993,-0.017999999999999988,0.13000000000000256
60.0,ENG-001,MIS-0010,DESCENT,26.4,6000.0,-14.19,1555.4,115.68,500.71,278.57,43.43,7.77,0.21,27.97,25.46,24.52,1539.1,113.76,487.26,279.19,43.27,9.81,0.211,24.69,INJECTOR_ABNORMALITY,1,0.632,16.300000000000182,1.9200000000000017,13.449999999999989,-0.6200000000000045,0.1599999999999966,-2.040000000000001,-0.0010000000000000009,-0.1700000000000017
61.0,ENG-001,MIS-0010,DESCENT,33.08,6000.0,-13.96,1731.2,120.18,504.67,305.42,42.4,8.89,0.257,27.9,25.45,25.06,1726.3,119.77,522.02,299.24,43.31,11.28,0.217,24.91,INJECTOR_ABNORMALITY,1,0.64,4.900000000000091,0.4100000000000108,-17.349999999999966,6.180000000000007,-0.9100000000000037,-2.389999999999999,0.04000000000000001,0.14999999999999858
62.0,ENG-001,MIS-0010,DESCENT,32.73,6000.0,-13.98,1728.9,119.41,505.59,299.32,43.72,11.15,0.212,27.81,25.33,21.25,1716.3,119.45,520.17,298.18,43.35,11.2,0.215,21.04,INJECTOR_ABNORMALITY,1,0.648,12.600000000000136,-0.04000000000000625,-14.579999999999984,1.1399999999999864,0.36999999999999744,-0.049999999999998934,-0.0030000000000000027,0.21000000000000085
63.0,ENG-001,MIS-0010,LANDING,17.99,6000.0,-14.2,1304.1,105.05,461.01,260.29,42.27,6.64,0.166,27.97,25.5,24.7,1303.6,106.19,443.53,253.96,43.38,7.96,0.199,24.5,INJECTOR_ABNORMALITY,1,0.654,0.5,-1.1400000000000006,17.480000000000018,6.3300000000000125,-1.1099999999999994,-1.3200000000000003,-0.033,0.1999999999999993
64.0,ENG-001,MIS-0010,LANDING,20.67,6000.0,-13.52,1381.4,108.65,435.19,267.71,43.36,9.3,0.194,27.81,25.57,24.54,1378.8,108.6,457.49,262.02,43.41,8.55,0.201,24.6,INJECTOR_ABNORMALITY,1,0.66,2.6000000000001364,0.05000000000001137,-22.30000000000001,5.689999999999998,-0.04999999999999716,0.75,-0.007000000000000006,-0.060000000000002274
0.0,ENG-002,MIS-0011,TAXI,14.24,0.0,25.66,1195.2,107.7,433.33,246.32,39.05,6.8,0.2,28.09,25.37,22.54,1198.6,106.21,430.83,242.71,40.03,7.13,0.195,22.43,NORMAL,0,0.0,-3.3999999999998636,1.490000000000009,2.5,3.609999999999985,-0.980000000000004,-0.33000000000000007,0.0050000000000000044,0.10999999999999943
1.0,ENG-002,MIS-0011,TAXI,20.23,0.0,24.83,1353.3,107.28,455.54,261.46,40.66,8.42,0.213,27.73,25.29,22.69,1366.5,111.11,461.0,260.69,40.06,8.45,0.202,22.61,NORMAL,0,0.0,-13.200000000000045,-3.8299999999999983,-5.4599999999999795,0.7699999999999818,0.5999999999999943,-0.02999999999999936,0.010999999999999982,0.08000000000000185
2.0,ENG-002,MIS-0011,TAXI,11.23,0.0,24.56,1122.9,101.71,413.4,237.46,40.29,6.27,0.201,27.74,25.46,22.29,1114.4,102.84,413.85,233.68,40.09,6.47,0.194,22.34,NORMAL,0,0.0,8.5,-1.1300000000000097,-0.4500000000000455,3.780000000000001,0.19999999999999574,-0.20000000000000018,0.007000000000000006,-0.05000000000000071
3.0,ENG-002,MIS-0011,TAKEOFF,95.96,2896.9,7.33,3489.9,177.27,853.08,487.21,39.63,25.22,0.274,27.96,25.71,25.04,3486.8,176.36,848.97,487.87,40.16,25.11,0.284,24.88,NORMAL,0,0.0,3.099999999999909,0.9099999999999966,4.110000000000014,-0.660000000000025,-0.529999999999994,0.10999999999999943,-0.009999999999999953,0.16000000000000014
4.0,ENG-002,MIS-0011,TAKEOFF,94.49,3195.8,4.58,3429.6,175.64,841.5,487.27,37.75,24.76,0.305,27.92,25.53,25.13,3445.8,175.04,841.36,483.48,40.24,24.79,0.283,24.83,NORMAL,0,0.0,-16.200000000000273,0.5999999999999943,0.13999999999998636,3.7899999999999636,-2.490000000000002,-0.029999999999997584,0.02200000000000002,0.3000000000000007
5.0,ENG-002,MIS-0011,TAKEOFF,93.69,3494.8,2.69,3454.1,174.88,832.51,478.51,40.61,24.71,0.318,27.87,25.91,25.0,3423.5,174.33,837.21,481.08,40.32,24.61,0.283,24.81,NORMAL,0,0.0,30.59999999999991,0.549999999999983,-4.7000000000000455,-2.569999999999993,0.28999999999999915,0.10000000000000142,0.03500000000000003,0.19000000000000128
6.0,ENG-002,MIS-0011,CLIMB,89.69,3793.7,0.09,3297.8,168.42,808.54,469.79,39.79,24.0,0.297,27.98,25.52,24.73,3311.2,170.72,816.37,469.06,40.39,23.73,0.28,24.69,NORMAL,0,0.0,-13.399999999999636,-2.3000000000000114,-7.830000000000041,0.7300000000000182,-0.6000000000000014,0.2699999999999996,0.01699999999999996,0.03999999999999915
7.0,ENG-002,MIS-0011,CLIMB,83.61,4092.7,-1.34,3130.2,164.56,789.48,452.15,39.59,22.37,0.295,28.07,25.16,24.21,3141.1,165.25,784.77,450.83,40.46,22.39,0.275,24.51,NORMAL,0,0.0,-10.900000000000091,-0.6899999999999977,4.710000000000036,1.3199999999999932,-0.8699999999999974,-0.019999999999999574,0.019999999999999962,-0.3000000000000007
8.0,ENG-002,MIS-0011,CLIMB,84.54,4391.6,-3.33,3148.2,167.02,783.3,455.83,40.65,22.57,0.29,27.67,25.42,24.52,3167.2,166.09,789.62,453.63,40.53,22.6,0.277,24.54,NORMAL,0,0.0,-19.0,0.9300000000000068,-6.32000000000005,2.1999999999999886,0.11999999999999744,-0.030000000000001137,0.012999999999999956,-0.019999999999999574
9.0,ENG-002,MIS-0011,CLIMB,84.49,4690.6,-5.42,3152.8,167.8,784.53,454.82,40.43,22.7,0.298,28.18,25.36,24.17,3165.7,166.04,789.34,453.47,40.6,22.59,0.277,24.53,NORMAL,0,0.0,-12.899999999999636,1.7600000000000193,-4.810000000000059,1.349999999999966,-0.1700000000000017,0.10999999999999943,0.020999999999999963,-0.35999999999999943
10.0,ENG-002,MIS-0011,CLIMB,91.01,4989.5,-6.97,3355.2,171.36,827.12,469.4,40.92,23.62,0.288,27.88,25.55,24.56,3348.2,171.91,823.23,473.02,40.67,24.02,0.285,24.73,NORMAL,0,0.0,7.0,-0.549999999999983,3.8899999999999864,-3.6200000000000045,0.25,-0.3999999999999986,0.0030000000000000027,-0.1700000000000017
11.0,ENG-002,MIS-0011,CLIMB,84.57,5288.5,-9.29,3165.7,165.51,791.01,454.76,39.74,22.67,0.277,28.11,25.32,24.64,3168.0,166.12,789.78,453.72,40.75,22.61,0.279,24.54,NORMAL,0,0.0,-2.300000000000182,-0.6100000000000136,1.2300000000000182,1.0399999999999636,-1.009999999999998,0.060000000000002274,-0.0020000000000000018,0.10000000000000142
12.0,ENG-002,MIS-0011,CLIMB,81.23,5587.4,-11.29,3092.2,163.39,771.09,444.92,40.5,21.54,0.247,28.19,25.47,24.15,3074.5,163.11,772.41,443.7,40.81,21.87,0.277,24.44,NORMAL,0,0.0,17.699999999999818,0.2799999999999727,-1.3199999999999363,1.2200000000000273,-0.3100000000000023,-0.33000000000000185,-0.030000000000000027,-0.2900000000000027
13.0,ENG-002,MIS-0011,CLIMB,85.55,5886.4,-13.17,3216.1,168.59,800.95,458.89,42.27,22.74,0.302,27.79,25.6,24.58,3195.5,167.0,794.88,456.66,40.88,22.82,0.282,24.57,NORMAL,0,0.0,20.59999999999991,1.5900000000000034,6.07000000000005,2.2299999999999613,1.3900000000000006,-0.08000000000000185,0.020000000000000018,0.00999999999999801
14.0,ENG-002,MIS-0011,CRUISE,39.53,6000.0,-14.37,1894.4,124.68,553.78,316.49,42.18,12.52,0.229,28.19,25.53,23.56,1906.7,125.57,555.53,318.58,40.93,12.7,0.234,23.19,NORMAL,0,0.0,-12.299999999999955,-0.8899999999999864,-1.75,-2.089999999999975,1.25,-0.17999999999999972,-0.0050000000000000044,0.36999999999999744
15.0,ENG-002,MIS-0011,CRUISE,37.13,6000.0,-13.82,1855.8,122.95,544.21,312.56,39.78,11.97,0.228,27.89,25.37,22.9,1839.5,123.41,543.05,311.38,40.97,12.17,0.233,23.11,NORMAL,0,0.0,16.299999999999955,-0.45999999999999375,1.1600000000000819,1.1800000000000068,-1.1899999999999977,-0.1999999999999993,-0.0050000000000000044,-0.21000000000000085
16.0,ENG-002,MIS-0011,CRUISE,39.99,6000.0,-14.67,1933.6,125.36,557.64,320.25,41.12,13.25,0.245,28.33,25.27,23.29,1919.7,125.99,557.95,319.97,41.01,12.8,0.236,23.2,NORMAL,0,0.0,13.899999999999864,-0.6299999999999955,-0.3100000000000591,0.2799999999999727,0.10999999999999943,0.4499999999999993,0.009000000000000008,0.08999999999999986
17.0,ENG-002,MIS-0011,CRUISE,60.86,6000.0,-13.41,2513.1,144.66,673.36,383.77,40.31,17.88,0.225,27.9,25.52,23.8,2504.0,144.77,666.45,382.57,41.07,17.39,0.259,23.83,NORMAL,0,0.0,9.099999999999909,-0.11000000000001364,6.909999999999968,1.1999999999999886,-0.759999999999998,0.48999999999999844,-0.034,-0.029999999999997584
18.0,ENG-002,MIS-0011,CRUISE,75.88,6000.0,-13.75,2907.6,159.09,739.92,426.98,42.29,21.04,0.29,27.97,25.2,24.24,2924.7,158.29,744.58,427.64,41.13,20.69,0.275,24.28,NORMAL,0,0.0,-17.09999999999991,0.8000000000000114,-4.660000000000082,-0.6599999999999682,1.1599999999999966,0.34999999999999787,0.014999999999999958,-0.0400000000000027
19.0,ENG-002,MIS-0011,CRUISE,92.13,6000.0,-14.59,3380.3,173.39,823.86,473.09,43.17,24.22,0.256,27.84,25.59,24.85,3379.6,172.92,829.08,476.39,41.21,24.27,0.293,24.76,NORMAL,0,0.0,0.7000000000002728,0.46999999999999886,-5.220000000000027,-3.3000000000000114,1.9600000000000009,-0.05000000000000071,-0.03699999999999998,0.08999999999999986
20.0,ENG-002,MIS-0011,CRUISE,76.25,6000.0,-14.12,2953.9,157.79,752.6,425.63,41.43,21.38,0.273,27.93,25.3,24.29,2935.1,158.63,746.52,428.76,41.27,20.78,0.277,24.29,NORMAL,0,0.0,18.800000000000182,-0.8400000000000034,6.080000000000041,-3.1299999999999955,0.1599999999999966,0.5999999999999979,-0.0040000000000000036,0.0
21.0,ENG-002,MIS-0011,CRUISE,60.34,6000.0,-14.61,2497.8,144.11,664.1,376.25,41.72,17.84,0.269,27.57,25.38,23.68,2489.4,144.3,663.74,381.01,41.33,17.27,0.261,23.81,NORMAL,0,0.0,8.400000000000091,-0.18999999999999773,0.36000000000001364,-4.759999999999991,0.39000000000000057,0.5700000000000003,0.008000000000000007,-0.129999999999999
22.0,ENG-002,MIS-0011,CRUISE,41.19,6000.0,-13.85,1920.0,128.61,566.5,318.05,40.7,13.51,0.249,28.02,25.56,22.96,1953.3,127.07,564.18,323.56,41.37,13.06,0.241,23.24,NORMAL,0,0.0,-33.299999999999955,1.5400000000000205,2.32000000000005,-5.509999999999991,-0.6699999999999946,0.4499999999999993,0.008000000000000007,-0.2799999999999976
23.0,ENG-002,MIS-0011,CRUISE,23.71,6000.0,-14.5,1438.2,111.89,476.12,273.84,41.58,9.17,0.228,28.23,25.51,22.99,1463.8,111.34,473.27,271.12,41.4,9.22,0.223,22.71,NORMAL,0,0.0,-25.59999999999991,0.5499999999999972,2.8500000000000227,2.7199999999999704,0.17999999999999972,-0.05000000000000071,0.0050000000000000044,0.2799999999999976
24.0,ENG-002,MIS-0011,CRUISE,44.3,6000.0,-14.13,2027.3,130.83,577.7,326.03,38.88,13.98,0.239,28.23,25.56,23.5,2040.5,129.87,580.38,332.91,41.45,13.75,0.245,23.33,NORMAL,0,0.0,-13.200000000000045,0.960000000000008,-2.67999999999995,-6.880000000000052,-2.5700000000000003,0.23000000000000043,-0.006000000000000005,0.1700000000000017
25.0,ENG-002,MIS-0011,CRUISE,59.34,6000.0,-13.43,2473.9,143.03,654.72,385.29,42.68,17.96,0.281,27.97,25.57,23.05,2461.5,143.41,658.57,378.02,41.5,17.05,0.261,23.78,NORMAL,0,0.0,12.400000000000091,-0.37999999999999545,-3.8500000000000227,7.270000000000039,1.1799999999999997,0.9100000000000001,0.020000000000000018,-0.7300000000000004
26.0,ENG-002,MIS-0011,CRUISE,77.81,6000.0,-13.62,2960.0,159.56,755.69,432.82,41.76,21.21,0.283,27.95,25.42,24.18,2978.6,160.03,754.61,433.43,41.57,21.12,0.281,24.33,NORMAL,0,0.0,-18.59999999999991,-0.46999999999999886,1.080000000000041,-0.6100000000000136,0.18999999999999773,0.08999999999999986,0.0019999999999999463,-0.14999999999999858
27.0,ENG-002,MIS-0011,CRUISE,86.26,6000.0,-13.97,3228.6,167.29,799.43,458.78,43.07,23.16,0.28,27.91,25.62,24.72,3215.4,167.64,798.58,458.79,41.64,22.98,0.29,24.59,NORMAL,0,0.0,13.199999999999818,-0.3499999999999943,0.849999999999909,-0.010000000000047748,1.4299999999999997,0.17999999999999972,-0.009999999999999953,0.129999999999999
28.0,ENG-002,MIS-0011,CRUISE,79.86,6000.0,-13.79,3044.2,161.67,760.94,444.72,42.26,21.57,0.284,27.93,25.45,24.24,3036.0,161.87,765.25,439.57,41.71,21.57,0.284,24.4,NORMAL,0,0.0,8.199999999999818,-0.20000000000001705,-4.309999999999945,5.150000000000034,0.5499999999999972,0.0,0.0,-0.16000000000000014
29.0,ENG-002,MIS-0011,CRUISE,62.54,6000.0,-13.45,2541.0,145.47,683.37,393.78,41.58,17.67,0.256,27.98,25.33,23.75,2551.1,146.29,675.21,387.62,41.76,17.76,0.266,23.88,NORMAL,0,0.0,-10.099999999999909,-0.8199999999999932,8.159999999999968,6.159999999999968,-0.17999999999999972,-0.08999999999999986,-0.010000000000000009,-0.129999999999999
30.0,ENG-002,MIS-0011,CRUISE,54.49,6000.0,-13.88,2344.8,140.81,634.22,359.98,42.87,16.29,0.282,28.06,25.55,23.7,2325.8,139.04,633.36,363.48,41.81,15.99,0.257,23.63,NORMAL,0,0.0,19.0,1.7700000000000102,0.8600000000000136,-3.5,1.0599999999999952,0.29999999999999893,0.024999999999999967,0.07000000000000028
31.0,ENG-002,MIS-0011,CRUISE,41.93,6000.0,-14.26,1967.6,127.15,564.53,332.36,41.77,13.25,0.26,27.99,25.64,23.31,1974.1,127.74,568.04,325.79,41.86,13.22,0.244,23.26,NORMAL,0,0.0,-6.5,-0.5899999999999892,-3.509999999999991,6.569999999999993,-0.0899999999999963,0.02999999999999936,0.016000000000000014,0.04999999999999716
32.0,ENG-002,MIS-0011,CRUISE,37.75,6000.0,-14.37,1826.8,123.2,547.52,315.05,42.03,12.01,0.252,28.02,25.35,23.1,1857.0,123.97,546.29,313.25,41.9,12.3,0.24,23.13,NORMAL,0,0.0,-30.200000000000045,-0.769999999999996,1.2300000000000182,1.8000000000000114,0.13000000000000256,-0.2900000000000009,0.01200000000000001,-0.029999999999997584
33.0,ENG-002,MIS-0011,CRUISE,48.28,6000.0,-14.75,2145.6,132.97,601.33,345.14,42.31,14.06,0.234,27.85,25.64,23.88,2151.9,133.46,601.08,344.85,41.95,14.62,0.251,23.45,NORMAL,0,0.0,-6.300000000000182,-0.4900000000000091,0.25,0.2899999999999636,0.35999999999999943,-0.5599999999999987,-0.016999999999999987,0.4299999999999997
34.0,ENG-002,MIS-0011,CRUISE,69.16,6000.0,-13.22,2756.1,152.75,706.51,411.1,42.18,19.18,0.273,28.03,25.81,23.97,2736.6,152.25,709.65,407.49,42.01,19.22,0.272,24.07,NORMAL,0,0.0,19.5,0.5,-3.1399999999999864,3.6100000000000136,0.1700000000000017,-0.03999999999999915,0.0010000000000000009,-0.10000000000000142
35.0,ENG-002,MIS-0011,CRUISE,84.62,6000.0,-14.31,3172.5,164.47,791.33,452.64,43.12,22.79,0.299,27.84,25.45,24.2,3169.3,166.15,790.0,453.85,42.07,22.62,0.289,24.54,NORMAL,0,0.0,3.199999999999818,-1.6800000000000068,1.330000000000041,-1.2100000000000364,1.0499999999999972,0.16999999999999815,0.010000000000000009,-0.33999999999999986
36.0,ENG-002,MIS-0011,CRUISE,85.04,6000.0,-13.62,3181.7,165.46,794.64,450.89,41.88,22.89,0.282,27.76,25.54,24.71,3181.1,166.54,792.21,455.12,42.14,22.71,0.289,24.55,NORMAL,0,0.0,0.599999999999909,-1.079999999999984,2.42999999999995,-4.230000000000018,-0.259999999999998,0.17999999999999972,-0.007000000000000006,0.16000000000000014
37.0,ENG-002,MIS-0011,CRUISE,75.77,6000.0,-13.74,2922.1,158.13,734.02,425.66,41.97,20.59,0.261,27.86,25.57,24.13,2921.7,158.2,744.03,427.32,42.21,20.67,0.279,24.27,NORMAL,0,0.0,0.40000000000009095,-0.06999999999999318,-10.009999999999991,-1.6599999999999682,-0.240000000000002,-0.08000000000000185,-0.018000000000000016,-0.14000000000000057
38.0,ENG-002,MIS-0011,LOITER,48.09,6000.0,-13.16,2150.1,134.29,,344.15,41.92,15.19,0.222,27.94,25.6,23.35,2146.4,133.28,600.05,344.26,42.25,14.58,0.249,23.44,NORMAL,0,0.0,3.699999999999818,1.009999999999991,,-0.11000000000001364,-0.3299999999999983,0.6099999999999994,-0.026999999999999996,-0.08999999999999986
39.0,ENG-002,MIS-0011,LOITER,20.86,6000.0,-13.0,1387.6,107.79,455.2,262.19,42.83,8.91,0.232,28.1,25.46,22.34,1384.0,108.77,458.46,262.57,42.29,8.59,0.22,22.63,NORMAL,0,0.0,3.599999999999909,-0.9799999999999898,-3.259999999999991,-0.37999999999999545,0.5399999999999991,0.3200000000000003,0.01200000000000001,-0.28999999999999915
40.0,ENG-002,MIS-0011,LOITER,20.06,6000.0,-13.96,1356.1,107.91,455.28,261.48,42.46,8.77,0.227,28.16,25.23,22.45,1361.8,108.06,454.33,260.19,42.32,8.41,0.219,22.6,NORMAL,0,0.0,-5.7000000000000455,-0.15000000000000568,0.9499999999999886,1.2900000000000205,0.14000000000000057,0.35999999999999943,0.008000000000000007,-0.15000000000000213
41.0,ENG-002,MIS-0011,LOITER,31.15,6000.0,-13.79,1673.6,118.09,509.78,294.18,41.21,10.96,0.23,27.83,25.65,22.62,1672.2,118.03,511.97,293.44,42.35,10.85,0.23,22.93,NORMAL,0,0.0,1.3999999999998636,0.060000000000002274,-2.1900000000000546,0.7400000000000091,-1.1400000000000006,0.11000000000000121,0.0,-0.3099999999999987
42.0,ENG-002,MIS-0011,LOITER,43.86,6000.0,-13.59,2062.6,128.37,577.32,331.41,41.52,13.43,0.269,28.08,25.63,23.27,2027.9,129.47,578.05,331.57,42.4,13.65,0.243,23.32,NORMAL,0,0.0,34.69999999999982,-1.0999999999999943,-0.7299999999999045,-0.15999999999996817,-0.8799999999999955,-0.22000000000000064,0.026000000000000023,-0.05000000000000071
43.0,ENG-002,MIS-0011,LOITER,61.15,6000.0,-14.21,2515.7,144.77,671.16,384.12,41.59,17.38,0.259,28.09,25.37,23.53,2512.3,145.04,667.99,383.46,42.45,17.45,0.261,23.83,NORMAL,0,0.0,3.399999999999636,-0.2699999999999818,3.169999999999959,0.660000000000025,-0.8599999999999994,-0.07000000000000028,-0.0020000000000000018,-0.29999999999999716
44.0,ENG-002,MIS-0011,LOITER,67.78,6000.0,-13.85,2704.6,150.57,708.64,405.18,41.23,18.73,0.279,28.08,25.38,23.87,2698.0,151.01,702.48,403.35,42.51,18.91,0.267,24.03,NORMAL,0,0.0,6.599999999999909,-0.4399999999999977,6.159999999999968,1.829999999999984,-1.2800000000000011,-0.17999999999999972,0.01200000000000001,-0.16000000000000014
45.0,ENG-002,MIS-0011,LOITER,60.39,6000.0,-13.67,2487.6,144.44,667.44,389.25,41.96,17.29,0.287,27.84,25.26,23.59,2490.8,144.35,664.01,381.16,42.57,17.29,0.259,23.81,NORMAL,0,0.0,-3.200000000000273,0.09000000000000341,3.4300000000000637,8.089999999999975,-0.6099999999999994,0.0,0.02799999999999997,-0.21999999999999886
46.0,ENG-002,MIS-0011,DESCENT,29.5,6000.0,-14.2,1638.4,118.08,505.07,298.21,42.22,11.01,0.257,28.01,25.61,22.83,1625.9,116.55,503.39,288.49,42.6,10.49,0.226,22.88,NORMAL,0,0.0,12.5,1.5300000000000011,1.6800000000000068,9.71999999999997,-0.38000000000000256,0.5199999999999996,0.031,-0.05000000000000071
47.0,ENG-002,MIS-0011,DESCENT,26.27,6000.0,-13.82,1524.2,112.81,487.56,277.92,42.46,10.11,0.206,27.86,25.44,22.81,1535.6,113.64,486.6,278.81,42.64,9.78,0.222,22.79,NORMAL,0,0.0,-11.399999999999864,-0.8299999999999983,0.9599999999999795,-0.8899999999999864,-0.17999999999999972,0.33000000000000007,-0.016000000000000014,0.019999999999999574
48.0,ENG-002,MIS-0011,DESCENT,35.71,6000.0,-13.21,1786.1,121.76,539.69,309.64,43.11,11.56,0.227,28.02,25.52,23.07,1800.0,122.14,535.71,307.14,42.68,11.86,0.231,23.07,NORMAL,0,0.0,-13.900000000000091,-0.37999999999999545,3.980000000000018,2.5,0.4299999999999997,-0.29999999999999893,-0.0040000000000000036,0.0
49.0,ENG-002,MIS-0011,DESCENT,32.42,6000.0,-14.72,1695.9,119.72,520.86,296.5,42.93,10.95,0.219,28.03,25.11,23.23,1707.8,119.18,518.59,297.26,42.71,11.13,0.227,22.97,NORMAL,0,0.0,-11.899999999999864,0.539999999999992,2.269999999999982,-0.7599999999999909,0.21999999999999886,-0.1800000000000015,-0.008000000000000007,0.26000000000000156
50.0,ENG-002,MIS-0011,DESCENT,31.81,6000.0,-13.61,1674.8,116.33,513.59,298.06,43.78,11.21,0.214,28.05,25.42,22.82,1690.6,118.63,515.39,295.42,42.75,11.0,0.225,22.95,NORMAL,0,0.0,-15.799999999999955,-2.299999999999997,-1.7999999999999545,2.6399999999999864,1.0300000000000011,0.21000000000000085,-0.01100000000000001,-0.129999999999999
51.0,ENG-002,MIS-0011,LANDING,19.5,6000.0,-14.74,1351.5,105.91,446.98,256.17,41.35,8.34,0.222,28.11,25.63,22.84,1345.9,107.55,451.38,258.49,42.78,8.29,0.212,22.58,NORMAL,0,0.0,5.599999999999909,-1.6400000000000006,-4.399999999999977,-2.319999999999993,-1.4299999999999997,0.05000000000000071,0.010000000000000009,0.26000000000000156
52.0,ENG-002,MIS-0011,LANDING,18.99,6000.0,-13.79,1343.8,109.72,457.08,252.99,43.16,7.69,0.206,28.06,25.6,22.56,1331.7,107.09,448.75,256.97,42.81,8.18,0.21,22.57,NORMAL,0,0.0,12.099999999999909,2.6299999999999955,8.329999999999984,-3.980000000000018,0.3499999999999943,-0.4899999999999993,-0.0040000000000000036,-0.010000000000001563
0.0,ENG-003,MIS-0012,TAXI,14.2,0.0,25.09,1190.7,105.24,430.47,246.87,39.34,7.36,0.194,28.01,25.16,22.47,1197.6,105.83,429.95,242.6,40.03,7.12,0.195,22.43,NORMAL,0,0.0,-6.899999999999864,-0.5900000000000034,0.5200000000000387,4.27000000000001,-0.6899999999999977,0.2400000000000002,-0.0010000000000000009,0.03999999999999915
1.0,ENG-003,MIS-0012,TAXI,14.86,0.0,24.52,1237.9,106.92,427.87,243.15,40.48,7.72,0.191,28.12,25.61,22.16,1216.0,106.09,432.69,244.58,40.06,7.27,0.197,22.45,NORMAL,0,0.0,21.90000000000009,0.8299999999999983,-4.819999999999993,-1.4300000000000068,0.4199999999999946,0.4500000000000002,-0.006000000000000005,-0.28999999999999915
2.0,ENG-003,MIS-0012,TAXI,12.06,0.0,25.96,1149.8,103.22,422.02,233.25,39.32,6.7,0.188,28.09,25.54,22.28,1137.6,104.43,419.84,236.17,40.08,6.65,0.195,22.36,NORMAL,0,0.0,12.200000000000045,-1.210000000000008,2.180000000000007,-2.9199999999999875,-0.759999999999998,0.04999999999999982,-0.007000000000000006,-0.0799999999999983
3.0,ENG-003,MIS-0012,TAKEOFF,95.49,2939.0,5.62,3476.6,176.87,845.2,493.63,40.03,25.26,0.299,27.95,25.31,24.8,3473.9,175.95,846.57,486.48,40.16,25.01,0.283,24.86,NORMAL,0,0.0,2.699999999999818,0.9200000000000159,-1.3700000000000045,7.149999999999977,-0.12999999999999545,0.25,0.016000000000000014,-0.05999999999999872
4.0,ENG-003,MIS-0012,TAKEOFF,98.58,3252.0,4.17,3561.2,178.39,856.54,498.25,40.51,25.5,0.307,28.27,25.57,24.78,3560.1,178.72,862.59,495.73,40.24,25.69,0.287,24.96,NORMAL,0,0.0,1.099999999999909,-0.3300000000000125,-6.050000000000068,2.519999999999982,0.269999999999996,-0.19000000000000128,0.020000000000000018,-0.17999999999999972
5.0,ENG-003,MIS-0012,TAKEOFF,96.45,3564.9,2.79,3491.1,176.51,849.98,487.55,41.5,24.99,0.328,27.99,25.73,24.98,3500.6,176.8,851.54,489.35,40.32,25.22,0.286,24.89,NORMAL,0,0.0,-9.5,-0.29000000000002046,-1.5599999999999454,-1.8000000000000114,1.1799999999999997,-0.23000000000000043,0.04200000000000004,0.08999999999999986
6.0,ENG-003,MIS-0012,CLIMB,90.04,3877.9,0.5,3319.2,172.16,816.27,470.59,39.66,23.5,0.283,28.31,25.47,24.75,3321.1,171.04,818.21,470.12,40.39,23.81,0.28,24.7,NORMAL,0,0.0,-1.900000000000091,1.1200000000000045,-1.9400000000000546,0.46999999999997044,-0.730000000000004,-0.3099999999999987,0.002999999999999947,0.05000000000000071
7.0,ENG-003,MIS-0012,CLIMB,86.33,4190.9,-1.29,3184.0,167.77,800.4,456.02,41.36,23.09,0.262,27.85,25.46,24.26,3217.2,167.69,798.9,458.98,40.46,22.99,0.278,24.59,NORMAL,0,0.0,-33.19999999999982,0.0800000000000125,1.5,-2.9600000000000364,0.8999999999999986,0.10000000000000142,-0.016000000000000014,-0.3299999999999983
8.0,ENG-003,MIS-0012,CLIMB,82.8,4503.9,-4.14,3123.3,166.11,778.98,449.28,41.87,22.74,0.288,28.03,25.8,24.29,3118.5,164.52,780.57,448.41,40.53,22.22,0.275,24.48,NORMAL,0,0.0,4.800000000000182,1.5900000000000034,-1.5900000000000318,0.8699999999999477,1.3399999999999963,0.5199999999999996,0.012999999999999956,-0.19000000000000128
9.0,ENG-003,MIS-0012,CLIMB,88.74,4816.9,-6.6,3274.3,170.7,817.41,467.74,40.1,23.2,0.26,27.79,25.47,24.85,3284.7,169.86,811.44,466.22,40.61,23.52,0.282,24.66,NORMAL,0,0.0,-10.399999999999636,0.839999999999975,5.969999999999914,1.5199999999999818,-0.509999999999998,-0.3200000000000003,-0.021999999999999964,0.19000000000000128
10.0,ENG-003,MIS-0012,CLIMB,83.41,5129.9,-7.05,3146.4,165.33,788.75,450.79,39.84,22.13,0.312,28.06,25.77,24.4,3135.6,165.07,783.75,450.24,40.67,22.35,0.277,24.5,NORMAL,0,0.0,10.800000000000182,0.2600000000000193,5.0,0.5500000000000114,-0.8299999999999983,-0.22000000000000242,0.034999999999999976,-0.10000000000000142
11.0,ENG-003,MIS-0012,CLIMB,85.33,5442.9,-11.33,3185.5,165.0,794.74,457.47,40.1,22.36,0.258,28.27,25.63,24.62,3189.3,166.8,793.73,456.0,40.75,22.77,0.28,24.56,NORMAL,0,0.0,-3.800000000000182,-1.8000000000000114,1.009999999999991,1.4700000000000273,-0.6499999999999986,-0.41000000000000014,-0.02200000000000002,0.060000000000002274
12.0,ENG-003,MIS-0012,CLIMB,81.19,5755.9,-13.02,3098.9,165.55,771.01,441.44,39.52,21.63,0.248,27.75,25.41,24.56,3073.5,163.08,772.21,443.58,40.81,21.86,0.277,24.44,NORMAL,0,0.0,25.40000000000009,2.469999999999999,-1.2000000000000455,-2.1399999999999864,-1.2899999999999991,-0.23000000000000043,-0.029000000000000026,0.11999999999999744
13.0,ENG-003,MIS-0012,CRUISE,45.68,6000.0,-14.54,2085.4,128.99,595.47,337.42,39.93,13.81,0.23,28.16,25.68,23.1,2078.9,131.11,587.51,337.03,40.86,14.05,0.24,23.37,NORMAL,0,0.0,6.5,-2.1200000000000045,7.960000000000036,0.3900000000000432,-0.9299999999999997,-0.2400000000000002,-0.009999999999999981,-0.2699999999999996
14.0,ENG-003,MIS-0012,CRUISE,34.81,6000.0,-13.54,1782.2,118.38,530.86,309.92,41.26,11.37,0.228,27.96,25.17,23.0,1774.6,121.33,531.0,304.42,40.9,11.66,0.229,23.04,NORMAL,0,0.0,7.600000000000136,-2.950000000000003,-0.13999999999998636,5.5,0.35999999999999943,-0.2900000000000009,-0.0010000000000000009,-0.03999999999999915
15.0,ENG-003,MIS-0012,CRUISE,42.73,6000.0,-14.3,2012.7,128.45,574.53,326.76,40.52,13.24,0.249,27.81,25.32,23.02,1996.5,128.46,572.2,328.19,40.95,13.4,0.238,23.28,NORMAL,0,0.0,16.200000000000045,-0.010000000000019327,2.3299999999999272,-1.4300000000000068,-0.4299999999999997,-0.16000000000000014,0.01100000000000001,-0.26000000000000156
16.0,ENG-003,MIS-0012,CRUISE,54.95,6000.0,-14.31,2376.9,140.87,639.88,364.26,41.1,16.25,0.261,27.83,25.38,23.6,2338.5,139.45,635.72,364.84,41.0,16.09,0.252,23.65,NORMAL,0,0.0,38.40000000000009,1.420000000000016,4.159999999999968,-0.5799999999999841,0.10000000000000142,0.16000000000000014,0.009000000000000008,-0.04999999999999716
17.0,ENG-003,MIS-0012,CRUISE,77.43,6000.0,-14.21,2993.1,158.72,760.92,426.45,40.42,20.81,0.281,28.05,25.41,24.45,2968.1,159.69,752.65,432.3,41.06,21.04,0.276,24.32,NORMAL,0,0.0,25.0,-0.9699999999999989,8.269999999999982,-5.850000000000023,-0.6400000000000006,-0.23000000000000043,0.0050000000000000044,0.129999999999999
18.0,ENG-003,MIS-0012,CRUISE,81.82,6000.0,-13.49,3108.6,164.17,778.34,446.94,39.23,22.24,0.282,28.04,25.66,24.39,3091.1,163.64,775.49,445.47,41.13,22.0,0.282,24.45,NORMAL,0,0.0,17.5,0.5300000000000011,2.8500000000000227,1.4699999999999704,-1.9000000000000057,0.23999999999999844,0.0,-0.05999999999999872
19.0,ENG-003,MIS-0012,CRUISE,79.12,6000.0,-14.7,3027.3,161.59,760.08,434.37,41.1,21.54,0.278,27.93,25.47,24.67,3015.3,161.21,761.42,437.36,41.2,21.41,0.279,24.37,NORMAL,0,0.0,12.0,0.37999999999999545,-1.3399999999999181,-2.990000000000009,-0.10000000000000142,0.129999999999999,-0.0010000000000000009,0.3000000000000007
20.0,ENG-003,MIS-0012,CRUISE,58.83,6000.0,-13.9,2456.7,142.51,653.9,379.19,41.55,17.69,0.224,28.0,25.8,23.77,2447.1,142.94,655.9,376.48,41.25,16.94,0.259,23.76,NORMAL,0,0.0,9.599999999999909,-0.4300000000000068,-2.0,2.7099999999999795,0.29999999999999716,0.75,-0.035,0.00999999999999801
21.0,ENG-003,MIS-0012,CRUISE,44.7,6000.0,-13.62,2053.4,131.81,583.3,332.22,42.81,13.86,0.208,27.75,25.34,23.31,2051.6,130.23,582.43,334.1,41.3,13.83,0.244,23.34,NORMAL,0,0.0,1.800000000000182,1.5800000000000125,0.8700000000000045,-1.8799999999999955,1.5100000000000051,0.02999999999999936,-0.036000000000000004,-0.030000000000001137
22.0,ENG-003,MIS-0012,CRUISE,36.23,6000.0,-13.74,1822.0,123.54,533.59,307.4,40.18,11.71,0.235,27.9,25.6,22.89,1814.5,122.61,538.41,308.7,41.34,11.97,0.236,23.09,NORMAL,0,0.0,7.5,0.9300000000000068,-4.819999999999936,-1.3000000000000114,-1.1600000000000037,-0.2599999999999998,-0.0010000000000000009,-0.1999999999999993
23.0,ENG-003,MIS-0012,CRUISE,43.0,6000.0,-13.83,1996.2,128.7,570.7,330.6,41.72,13.49,0.222,28.12,25.56,23.61,2004.0,128.7,573.61,329.0,41.38,13.46,0.243,23.29,NORMAL,0,0.0,-7.7999999999999545,0.0,-2.909999999999968,1.6000000000000227,0.3399999999999963,0.02999999999999936,-0.02099999999999999,0.3200000000000003
24.0,ENG-003,MIS-0012,CRUISE,54.44,6000.0,-13.61,2361.7,140.76,627.87,357.77,41.18,15.49,0.258,28.19,25.56,23.58,2324.3,139.0,633.09,363.32,41.44,15.98,0.256,23.63,NORMAL,0,0.0,37.399999999999636,1.759999999999991,-5.220000000000027,-5.550000000000011,-0.259999999999998,-0.4900000000000002,0.0020000000000000018,-0.05000000000000071
25.0,ENG-003,MIS-0012,CRUISE,68.41,6000.0,-14.08,2730.8,152.46,706.69,405.97,41.14,18.61,0.28,28.12,25.56,23.94,2715.6,151.57,705.75,405.24,41.5,19.05,0.271,24.05,NORMAL,0,0.0,15.200000000000273,0.8900000000000148,0.9400000000000546,0.7300000000000182,-0.35999999999999943,-0.4400000000000013,0.009000000000000008,-0.10999999999999943
26.0,ENG-003,MIS-0012,CRUISE,86.89,6000.0,-14.02,3254.6,166.0,803.89,466.26,40.19,23.33,0.32,28.16,25.5,24.35,3233.0,168.2,801.85,460.68,41.57,23.12,0.291,24.61,NORMAL,0,0.0,21.59999999999991,-2.1999999999999886,2.0399999999999636,5.579999999999984,-1.3800000000000026,0.2099999999999973,0.029000000000000026,-0.259999999999998
27.0,ENG-003,MIS-0012,CRUISE,79.34,6000.0,-13.85,2998.6,158.46,759.85,436.42,40.45,21.12,0.294,28.08,25.61,24.33,3021.5,161.4,762.56,438.01,41.63,21.45,0.283,24.38,NORMAL,0,0.0,-22.90000000000009,-2.9399999999999977,-2.7099999999999227,-1.589999999999975,-1.1799999999999997,-0.3299999999999983,0.01100000000000001,-0.05000000000000071
28.0,ENG-003,MIS-0012,CRUISE,64.75,6000.0,-14.8,2603.2,149.2,681.69,393.86,41.0,18.34,0.257,27.92,25.2,23.89,2612.9,148.27,686.68,394.24,41.69,18.24,0.268,23.94,NORMAL,0,0.0,-9.700000000000273,0.9299999999999784,-4.989999999999895,-0.37999999999999545,-0.6899999999999977,0.10000000000000142,-0.01100000000000001,-0.05000000000000071
29.0,ENG-003,MIS-0012,CRUISE,38.86,6000.0,-14.31,1882.1,123.71,555.36,306.99,43.56,12.09,0.24,28.05,25.58,23.19,1888.1,124.97,552.08,316.58,41.73,12.55,0.241,23.17,NORMAL,0,0.0,-6.0,-1.2600000000000051,3.2799999999999727,-9.589999999999975,1.8300000000000054,-0.46000000000000085,-0.0010000000000000009,0.019999999999999574
30.0,ENG-003,MIS-0012,CRUISE,36.54,6000.0,-13.94,1820.9,123.33,540.13,311.27,40.21,12.56,0.264,27.89,25.57,22.68,1823.0,122.88,539.99,309.61,41.77,12.04,0.238,23.1,NORMAL,0,0.0,-2.099999999999909,0.45000000000000284,0.13999999999998636,1.6599999999999682,-1.5600000000000023,0.5200000000000014,0.026000000000000023,-0.4200000000000017
31.0,ENG-003,MIS-0012,CRUISE,41.29,6000.0,-13.82,1954.7,128.21,564.49,317.58,40.42,13.32,0.255,27.91,25.32,23.14,1956.0,127.16,564.69,323.86,41.82,13.08,0.243,23.24,NORMAL,0,0.0,-1.2999999999999545,1.0500000000000114,-0.20000000000004547,-6.28000000000003,-1.3999999999999986,0.2400000000000002,0.01200000000000001,-0.09999999999999787
32.0,ENG-003,MIS-0012,CRUISE,59.85,6000.0,-14.7,2488.3,145.14,662.04,377.23,41.02,17.15,0.263,27.91,25.44,23.67,2475.7,143.86,661.2,379.54,41.87,17.17,0.263,23.8,NORMAL,0,0.0,12.600000000000364,1.2799999999999727,0.8399999999999181,-2.3100000000000023,-0.8499999999999943,-0.020000000000003126,0.0,-0.129999999999999
33.0,ENG-003,MIS-0012,CRUISE,74.0,6000.0,-13.77,2869.5,154.0,738.77,419.48,40.94,20.48,0.299,27.77,25.3,24.36,2871.9,156.6,734.78,421.99,41.93,20.28,0.278,24.22,NORMAL,0,0.0,-2.400000000000091,-2.5999999999999943,3.990000000000009,-2.509999999999991,-0.990000000000002,0.1999999999999993,0.020999999999999963,0.14000000000000057
34.0,ENG-003,MIS-0012,CRUISE,84.36,6000.0,-14.51,3168.9,164.65,793.83,453.67,43.19,22.67,0.284,28.07,25.67,24.28,3162.1,165.92,788.68,453.08,42.0,22.56,0.288,24.53,NORMAL,0,0.0,6.800000000000182,-1.2699999999999818,5.150000000000091,0.5900000000000318,1.1899999999999977,0.11000000000000298,-0.0040000000000000036,-0.25
35.0,ENG-003,MIS-0012,CRUISE,76.76,6000.0,-14.05,2937.9,159.32,752.57,437.29,42.59,21.15,0.31,27.83,25.3,23.91,2949.3,159.08,749.15,430.28,42.07,20.89,0.28,24.3,NORMAL,0,0.0,-11.400000000000091,0.23999999999998067,3.4200000000000728,7.010000000000048,0.5200000000000031,0.259999999999998,0.02999999999999997,-0.39000000000000057
36.0,ENG-003,MIS-0012,LOITER,46.66,6000.0,-14.43,2108.2,133.88,600.62,339.65,42.4,14.56,0.233,28.24,25.49,23.5,2106.6,132.0,592.65,339.99,42.11,14.27,0.248,23.4,NORMAL,0,0.0,1.599999999999909,1.8799999999999955,7.970000000000027,-0.34000000000003183,0.28999999999999915,0.2900000000000009,-0.014999999999999986,0.10000000000000142
37.0,ENG-003,MIS-0012,LOITER,30.14,6000.0,-13.74,1629.8,118.44,505.01,292.39,42.26,10.99,0.213,28.04,25.48,23.14,1643.8,117.12,506.71,290.41,42.15,10.63,0.231,22.9,NORMAL,0,0.0,-14.0,1.3199999999999932,-1.6999999999999886,1.9799999999999613,0.10999999999999943,0.35999999999999943,-0.018000000000000016,0.240000000000002
38.0,ENG-003,MIS-0012,LOITER,22.68,6000.0,-13.71,1401.6,111.36,470.06,264.59,42.6,8.57,0.207,27.95,25.62,22.89,1435.1,110.41,467.95,268.05,42.18,8.99,0.223,22.68,NORMAL,0,0.0,-33.5,0.9500000000000028,2.1100000000000136,-3.4600000000000364,0.4200000000000017,-0.41999999999999993,-0.016000000000000014,0.21000000000000085
39.0,ENG-003,MIS-0012,LOITER,23.48,6000.0,-14.5,1448.3,109.78,465.39,272.81,41.48,9.46,0.232,27.82,25.45,22.97,1457.3,111.13,472.07,270.43,42.22,9.16,0.223,22.7,NORMAL,0,0.0,-9.0,-1.3499999999999943,-6.680000000000007,2.3799999999999955,-0.740000000000002,0.3000000000000007,0.009000000000000008,0.2699999999999996
40.0,ENG-003,MIS-0012,LOITER,44.88,6000.0,-13.82,2039.4,129.35,577.47,339.38,42.79,13.67,0.267,27.73,25.8,23.36,2056.5,130.39,583.36,334.63,42.26,13.87,0.245,23.35,NORMAL,0,0.0,-17.09999999999991,-1.039999999999992,-5.889999999999986,4.75,0.5300000000000011,-0.1999999999999993,0.02200000000000002,0.00999999999999801
41.0,ENG-003,MIS-0012,LOITER,60.34,6000.0,-14.31,2487.2,142.32,663.18,376.59,42.37,17.6,0.278,28.11,25.67,23.87,2489.6,144.31,663.79,381.03,42.32,17.28,0.261,23.81,NORMAL,0,0.0,-2.400000000000091,-1.990000000000009,-0.6100000000000136,-4.439999999999998,0.04999999999999716,0.3200000000000003,0.017000000000000015,0.060000000000002274
42.0,ENG-003,MIS-0012,LOITER,74.89,6000.0,-14.18,2894.9,157.37,739.82,427.39,41.9,20.6,0.244,28.15,25.46,24.44,2896.9,157.4,739.43,424.67,42.38,20.48,0.276,24.25,NORMAL,0,0.0,-2.0,-0.030000000000001137,0.39000000000010004,2.7199999999999704,-0.480000000000004,0.120000000000001,-0.03200000000000003,0.19000000000000128
43.0,ENG-003,MIS-0012,LOITER,64.97,6000.0,-15.0,2626.7,149.84,689.28,398.12,42.75,18.4,0.255,28.01,25.51,24.35,2619.1,148.47,687.84,394.91,42.44,18.29,0.265,23.95,NORMAL,0,0.0,7.599999999999909,1.3700000000000045,1.4399999999999409,3.2099999999999795,0.3100000000000023,0.10999999999999943,-0.010000000000000009,0.40000000000000213
44.0,ENG-003,MIS-0012,DESCENT,28.47,6000.0,-13.05,1590.7,114.46,502.17,288.4,41.55,9.96,0.262,27.85,25.53,22.84,1597.3,115.63,498.07,285.42,42.47,10.26,0.226,22.85,NORMAL,0,0.0,-6.599999999999909,-1.1700000000000017,4.100000000000023,2.9799999999999613,-0.9200000000000017,-0.29999999999999893,0.036000000000000004,-0.010000000000001563
45.0,ENG-003,MIS-0012,DESCENT,35.72,6000.0,-13.96,1796.9,121.88,535.39,302.73,42.54,11.85,0.257,28.08,25.37,22.9,1800.2,122.15,535.75,307.16,42.51,11.86,0.233,23.07,NORMAL,0,0.0,-3.2999999999999545,-0.27000000000001023,-0.36000000000001364,-4.430000000000007,0.030000000000001137,-0.009999999999999787,0.023999999999999994,-0.1700000000000017
46.0,ENG-003,MIS-0012,DESCENT,30.65,6000.0,-13.41,1658.1,117.17,513.19,288.63,42.52,10.84,0.224,28.11,25.36,23.0,1658.3,117.59,509.4,291.96,42.55,10.74,0.227,22.92,NORMAL,0,0.0,-0.20000000000004547,-0.4200000000000017,3.7900000000000773,-3.329999999999984,-0.02999999999999403,0.09999999999999964,-0.0030000000000000027,0.0799999999999983
47.0,ENG-003,MIS-0012,DESCENT,30.78,6000.0,-13.49,1690.6,117.18,511.02,291.1,42.88,10.66,0.252,27.97,25.54,22.76,1662.0,117.71,510.08,292.35,42.58,10.77,0.227,22.92,NORMAL,0,0.0,28.59999999999991,-0.5299999999999869,0.9399999999999977,-1.25,0.30000000000000426,-0.10999999999999943,0.024999999999999994,-0.16000000000000014
48.0,ENG-003,MIS-0012,DESCENT,32.19,6000.0,-14.0,1743.1,118.13,515.21,299.12,43.71,11.21,0.253,27.87,25.47,23.01,1701.2,118.97,517.37,296.56,42.62,11.08,0.227,22.97,NORMAL,0,0.0,41.899999999999864,-0.8400000000000034,-2.159999999999968,2.5600000000000023,1.0900000000000034,0.13000000000000078,0.025999999999999995,0.0400000000000027
49.0,ENG-003,MIS-0012,LANDING,15.78,6000.0,-13.73,1244.5,105.55,429.91,252.18,42.79,8.0,0.185,28.16,25.42,22.76,1241.9,104.2,432.07,247.35,42.65,7.47,0.209,22.47,NORMAL,0,0.0,2.599999999999909,1.3499999999999943,-2.159999999999968,4.8300000000000125,0.14000000000000057,0.5300000000000002,-0.023999999999999994,0.2900000000000027
50.0,ENG-003,MIS-0012,LANDING,15.27,6000.0,-14.21,1237.4,103.09,426.52,244.49,43.8,7.55,0.166,27.88,25.35,22.46,1227.7,103.75,429.43,245.82,42.68,7.36,0.208,22.46,NORMAL,0,0.0,9.700000000000045,-0.6599999999999966,-2.910000000000025,-1.329999999999984,1.1199999999999974,0.1899999999999995,-0.04199999999999998,0.0
0.0,ENG-001,MIS-0013,TAXI,16.86,0.0,39.96,1251.7,117.76,461.63,251.46,39.35,7.85,0.222,28.15,25.71,22.53,1272.1,117.15,461.62,250.58,40.03,7.71,0.198,22.51,OVERHEATING_TREND,0,0.0,-20.399999999999864,0.6099999999999994,0.009999999999990905,0.8799999999999955,-0.6799999999999997,0.13999999999999968,0.023999999999999994,0.019999999999999574
1.0,ENG-001,MIS-0013,TAXI,16.88,0.0,39.94,1298.0,117.91,456.36,256.07,40.63,7.79,0.237,28.07,25.53,22.64,1272.5,117.15,461.68,250.63,40.06,7.71,0.199,22.51,OVERHEATING_TREND,0,0.0,25.5,0.7599999999999909,-5.319999999999993,5.439999999999998,0.5700000000000003,0.08000000000000007,0.03799999999999998,0.129999999999999
2.0,ENG-001,MIS-0013,TAXI,15.71,0.0,39.22,1226.3,117.27,462.15,244.21,40.75,7.54,0.176,27.92,25.59,22.32,1240.0,115.67,454.77,247.14,40.09,7.46,0.198,22.47,OVERHEATING_TREND,0,0.0,-13.700000000000045,1.5999999999999943,7.3799999999999955,-2.9299999999999784,0.6599999999999966,0.08000000000000007,-0.02200000000000002,-0.14999999999999858
3.0,ENG-001,MIS-0013,TAXI,15.75,0.0,40.45,1237.1,116.32,457.41,249.5,40.29,7.27,0.229,27.99,25.48,22.68,1240.9,116.44,456.43,247.24,40.12,7.46,0.2,22.47,OVERHEATING_TREND,0,0.0,-3.800000000000182,-0.12000000000000455,0.9800000000000182,2.259999999999991,0.1700000000000017,-0.1900000000000004,0.028999999999999998,0.21000000000000085
4.0,ENG-001,MIS-0013,TAKEOFF,91.09,3016.8,20.58,3338.6,171.04,830.18,467.88,39.48,24.17,0.306,27.88,25.45,24.99,3350.7,172.33,824.38,473.28,40.19,24.04,0.28,24.73,OVERHEATING_TREND,0,0.0,-12.099999999999909,-1.2900000000000205,5.7999999999999545,-5.399999999999977,-0.7100000000000009,0.13000000000000256,0.025999999999999968,0.259999999999998
5.0,ENG-001,MIS-0013,TAKEOFF,91.25,3271.1,19.16,3363.8,171.37,824.98,474.61,40.09,23.78,0.3,28.09,25.65,24.57,3355.0,172.12,824.49,473.75,40.27,24.07,0.281,24.74,OVERHEATING_TREND,0,0.0,8.800000000000182,-0.75,0.4900000000000091,0.8600000000000136,-0.17999999999999972,-0.28999999999999915,0.01899999999999996,-0.16999999999999815
6.0,ENG-001,MIS-0013,TAKEOFF,91.5,3525.3,17.0,3347.4,174.26,826.07,478.55,41.42,24.33,0.265,28.13,25.57,24.82,3362.0,172.35,825.8,474.5,40.34,24.13,0.282,24.75,OVERHEATING_TREND,0,0.0,-14.599999999999909,1.9099999999999966,0.2700000000000955,4.050000000000011,1.0799999999999983,0.1999999999999993,-0.01699999999999996,0.07000000000000028
7.0,ENG-001,MIS-0013,CLIMB,84.23,3779.5,15.36,3167.0,168.16,791.51,451.97,39.52,22.76,0.275,27.94,25.4,24.5,3158.3,165.8,787.98,452.68,40.41,22.53,0.275,24.53,OVERHEATING_TREND,0,0.0,8.699999999999818,2.359999999999985,3.5299999999999727,-0.7099999999999795,-0.8899999999999935,0.23000000000000043,0.0,-0.030000000000001137
8.0,ENG-001,MIS-0013,CLIMB,92.84,4033.7,13.82,3375.7,173.96,836.24,474.95,41.3,24.44,0.299,27.8,25.6,25.03,3399.6,173.56,832.79,478.53,40.49,24.43,0.285,24.79,OVERHEATING_TREND,0,0.0,-23.90000000000009,0.4000000000000057,3.4500000000000455,-3.579999999999984,0.8099999999999952,0.010000000000001563,0.014000000000000012,0.240000000000002
9.0,ENG-001,MIS-0013,CLIMB,83.16,4287.9,12.73,3096.5,162.94,787.43,448.51,41.34,21.87,,27.73,25.58,24.27,3128.4,164.84,782.42,449.47,40.56,22.29,0.276,24.49,OVERHEATING_TREND,0,0.0,-31.90000000000009,-1.9000000000000057,5.009999999999991,-0.9600000000000364,0.7800000000000011,-0.41999999999999815,,-0.21999999999999886
10.0,ENG-001,MIS-0013,CLIMB,84.09,4542.1,10.75,3174.5,165.86,783.62,450.83,40.38,22.36,0.314,27.95,25.44,24.57,3154.5,165.68,787.26,452.26,40.63,22.5,0.278,24.52,OVERHEATING_TREND,0,0.0,20.0,0.18000000000000682,-3.6399999999999864,-1.4300000000000068,-0.25,-0.14000000000000057,0.035999999999999976,0.05000000000000071
11.0,ENG-001,MIS-0013,CLIMB,84.2,4796.3,8.21,3161.0,165.25,788.56,454.06,40.33,21.93,0.258,28.05,25.53,24.61,3157.5,165.78,787.82,452.59,40.7,22.52,0.279,24.53,OVERHEATING_TREND,0,0.0,3.5,-0.5300000000000011,0.7399999999998954,1.4700000000000273,-0.37000000000000455,-0.5899999999999999,-0.02100000000000002,0.0799999999999983
12.0,ENG-001,MIS-0013,CLIMB,85.09,5050.5,6.11,3178.4,166.27,792.21,459.62,40.56,22.29,0.284,28.07,25.59,24.5,3182.5,166.58,792.47,455.27,40.77,22.72,0.281,24.55,OVERHEATING_TREND,0,0.0,-4.099999999999909,-0.3100000000000023,-0.2599999999999909,4.350000000000023,-0.21000000000000085,-0.4299999999999997,0.002999999999999947,-0.05000000000000071
13.0,ENG-001,MIS-0013,CLIMB,85.67,5304.7,6.09,3219.8,166.08,788.98,458.71,40.95,22.7,0.309,28.21,25.48,24.37,3198.7,167.1,795.47,457.0,40.84,22.85,0.282,24.57,OVERHEATING_TREND,0,0.0,21.100000000000364,-1.0199999999999818,-6.490000000000009,1.7099999999999795,0.10999999999999943,-0.15000000000000213,0.027000000000000024,-0.1999999999999993
14.0,ENG-001,MIS-0013,CLIMB,82.39,5558.9,3.56,3130.8,162.3,770.02,446.51,40.87,22.22,0.299,28.03,25.72,24.28,3106.9,164.15,778.42,447.16,40.91,22.13,0.279,24.47,OVERHEATING_TREND,0,0.0,23.90000000000009,-1.8499999999999943,-8.399999999999977,-0.6500000000000341,-0.03999999999999915,0.08999999999999986,0.019999999999999962,-0.18999999999999773
15.0,ENG-001,MIS-0013,CLIMB,86.24,5813.2,2.56,3241.6,168.71,799.67,455.58,39.7,22.87,0.294,27.85,25.71,24.62,3214.8,167.62,798.45,458.72,40.98,22.97,0.284,24.59,OVERHEATING_TREND,0,0.0,26.799999999999727,1.0900000000000034,1.2199999999999136,-3.140000000000043,-1.279999999999994,-0.09999999999999787,0.010000000000000009,0.030000000000001137
16.0,ENG-001,MIS-0013,CRUISE,61.27,6000.0,1.57,2492.4,144.21,667.09,383.43,42.11,17.1,0.244,28.27,25.39,23.68,2515.4,145.14,668.58,383.8,41.03,17.48,0.259,23.84,OVERHEATING_TREND,0,0.0,-23.0,-0.9299999999999784,-1.490000000000009,-0.37000000000000455,1.0799999999999983,-0.379999999999999,-0.015000000000000013,-0.16000000000000014
17.0,ENG-001,MIS-0013,CRUISE,63.91,6000.0,1.46,2588.6,148.42,682.45,388.74,41.42,18.37,0.251,27.94,25.54,23.85,2589.6,147.52,682.35,391.74,41.09,18.06,0.262,23.92,OVERHEATING_TREND,0,0.0,-1.0,0.8999999999999773,0.10000000000002274,-3.0,0.3299999999999983,0.3100000000000023,-0.01100000000000001,-0.07000000000000028
18.0,ENG-001,MIS-0013,CRUISE,60.49,6000.0,1.03,2470.2,144.17,655.02,375.41,40.72,17.47,0.249,27.74,25.82,24.0,2493.6,144.44,664.53,381.46,41.15,17.31,0.259,23.81,OVERHEATING_TREND,0,0.0,-23.40000000000009,-0.27000000000001023,-9.509999999999991,-6.0499999999999545,-0.4299999999999997,0.16000000000000014,-0.010000000000000009,0.19000000000000128
19.0,ENG-001,MIS-0013,CRUISE,58.25,6000.0,1.44,2453.9,143.09,653.35,371.56,41.39,16.5,0.254,27.84,25.37,23.55,2430.9,142.42,652.88,374.74,41.2,16.81,0.257,23.75,OVERHEATING_TREND,0,0.0,23.0,0.6700000000000159,0.4700000000000273,-3.180000000000007,0.18999999999999773,-0.3099999999999987,-0.0030000000000000027,-0.1999999999999993
20.0,ENG-001,MIS-0013,CRUISE,62.01,6000.0,0.71,2544.7,145.18,675.28,387.37,41.21,17.81,0.306,28.02,25.58,23.52,2536.3,145.81,672.45,386.03,41.26,17.64,0.262,23.86,OVERHEATING_TREND,0,0.0,8.399999999999636,-0.6299999999999955,2.8299999999999272,1.3400000000000318,-0.04999999999999716,0.16999999999999815,0.043999999999999984,-0.33999999999999986
21.0,ENG-001,MIS-0013,CRUISE,58.59,6000.0,-0.37,2451.6,142.71,657.61,375.58,41.59,16.76,0.284,28.14,25.57,23.74,2440.4,142.73,654.65,375.76,41.31,16.89,0.259,23.76,OVERHEATING_TREND,0,0.0,11.199999999999818,-0.01999999999998181,2.9600000000000364,-0.18000000000000682,0.28000000000000114,-0.129999999999999,0.024999999999999967,-0.020000000000003126
22.0,ENG-001,MIS-0013,CRUISE,60.51,6000.0,1.09,2483.1,144.16,659.73,381.1,41.09,17.13,0.256,28.04,25.46,23.6,2494.2,144.46,664.63,381.52,41.37,17.31,0.261,23.82,OVERHEATING_TREND,0,0.0,-11.099999999999909,-0.30000000000001137,-4.899999999999977,-0.4199999999999591,-0.27999999999999403,-0.17999999999999972,-0.0050000000000000044,-0.21999999999999886
23.0,ENG-001,MIS-0013,CRUISE,56.51,6000.0,1.17,2428.7,140.85,648.02,365.6,41.87,16.64,0.26,27.83,25.53,23.84,2382.2,140.86,643.84,369.53,41.42,16.43,0.258,23.7,OVERHEATING_TREND,0,0.0,46.5,-0.010000000000019327,4.17999999999995,-3.92999999999995,0.44999999999999574,0.21000000000000085,0.0020000000000000018,0.14000000000000057
24.0,ENG-001,MIS-0013,CRUISE,56.08,6000.0,-0.13,2360.6,139.86,639.62,370.18,40.17,17.33,0.292,28.14,25.45,23.76,2370.4,140.48,641.64,368.25,41.47,16.34,0.258,23.68,OVERHEATING_TREND,0,0.0,-9.800000000000182,-0.6199999999999761,-2.019999999999982,1.9300000000000068,-1.2999999999999972,0.9899999999999984,0.033999999999999975,0.08000000000000185
25.0,ENG-001,MIS-0013,CRUISE,63.36,6000.0,0.92,2607.8,147.12,680.47,393.41,41.73,18.09,0.253,28.07,25.37,23.78,2574.2,147.03,679.49,390.09,41.53,17.94,0.266,23.9,OVERHEATING_TREND,0,0.0,33.600000000000364,0.09000000000000341,0.9800000000000182,3.32000000000005,0.19999999999999574,0.14999999999999858,-0.013000000000000012,-0.11999999999999744
26.0,ENG-001,MIS-0013,CRUISE,53.45,6000.0,1.1,2281.4,138.84,632.16,362.54,41.44,15.93,0.27,27.77,25.52,23.46,2296.5,138.1,627.93,360.34,41.58,15.76,0.255,23.6,OVERHEATING_TREND,0,0.0,-15.099999999999909,0.7400000000000091,4.230000000000018,2.2000000000000455,-0.14000000000000057,0.16999999999999993,0.015000000000000013,-0.14000000000000057
27.0,ENG-001,MIS-0013,CRUISE,59.94,6000.0,1.61,2490.4,145.96,663.44,378.05,40.97,17.08,0.243,27.96,25.58,24.13,2478.2,143.94,661.66,379.81,41.63,17.19,0.262,23.8,OVERHEATING_TREND,0,0.0,12.200000000000273,2.0200000000000102,1.7800000000000864,-1.759999999999991,-0.6600000000000037,-0.11000000000000298,-0.019000000000000017,0.3299999999999983
28.0,ENG-001,MIS-0013,CRUISE,59.57,6000.0,0.72,2440.3,144.95,653.64,378.81,40.96,17.16,0.267,27.75,25.74,23.52,2468.0,143.62,659.78,378.72,41.69,17.11,0.262,23.79,OVERHEATING_TREND,0,0.0,-27.699999999999818,1.329999999999984,-6.139999999999986,0.08999999999997499,-0.7299999999999969,0.05000000000000071,0.0050000000000000044,-0.2699999999999996
29.0,ENG-001,MIS-0013,CRUISE,56.15,6000.0,1.71,2390.0,140.21,639.43,366.11,41.65,15.82,0.255,28.08,25.47,23.71,2372.2,140.54,641.98,368.45,41.74,16.35,0.259,23.68,OVERHEATING_TREND,0,0.0,17.800000000000182,-0.3299999999999841,-2.550000000000068,-2.339999999999975,-0.09000000000000341,-0.5300000000000011,-0.0040000000000000036,0.030000000000001137
30.0,ENG-001,MIS-0013,CRUISE,61.83,6000.0,1.98,2532.9,149.09,673.35,385.53,41.49,17.07,0.274,27.83,25.36,23.6,2531.3,145.65,671.52,385.49,41.8,17.6,0.265,23.85,OVERHEATING_TREND,0,0.049,1.599999999999909,3.4399999999999977,1.830000000000041,0.03999999999996362,-0.30999999999999517,-0.5300000000000011,0.009000000000000008,-0.25
31.0,ENG-001,MIS-0013,CRUISE,63.91,6000.0,0.63,2604.4,149.1,683.96,395.38,42.84,18.18,0.239,27.86,25.4,23.92,2589.6,147.52,682.36,391.74,41.85,18.06,0.267,23.92,OVERHEATING_TREND,1,0.057,14.800000000000182,1.579999999999984,1.6000000000000227,3.6399999999999864,0.990000000000002,0.120000000000001,-0.028000000000000025,0.0
32.0,ENG-001,MIS-0013,CRUISE,62.79,6000.0,0.72,2566.8,151.37,684.11,383.4,43.32,17.71,0.268,27.79,25.58,24.02,2558.1,146.51,676.5,388.37,41.91,17.81,0.266,23.88,OVERHEATING_TREND,1,0.068,8.700000000000273,4.860000000000014,7.610000000000014,-4.970000000000027,1.4100000000000037,-0.09999999999999787,0.0020000000000000018,0.14000000000000057
33.0,ENG-001,MIS-0013,CRUISE,58.01,6000.0,0.75,2442.7,147.74,652.83,372.97,43.13,16.87,0.259,28.14,25.58,23.98,2424.4,142.21,651.67,374.04,41.96,16.76,0.261,23.74,OVERHEATING_TREND,1,0.08,18.299999999999727,5.530000000000001,1.1600000000000819,-1.0699999999999932,1.1700000000000017,0.10999999999999943,-0.0020000000000000018,0.240000000000002
34.0,ENG-001,MIS-0013,CRUISE,59.61,6000.0,0.67,2453.5,146.97,655.74,382.39,43.6,16.76,0.26,28.11,25.34,24.01,2469.0,143.65,659.96,378.83,42.02,17.11,0.262,23.79,OVERHEATING_TREND,1,0.093,-15.5,3.319999999999993,-4.220000000000027,3.5600000000000023,1.5799999999999983,-0.34999999999999787,-0.0020000000000000018,0.22000000000000242
35.0,ENG-001,MIS-0013,CRUISE,57.11,6000.0,1.62,2411.2,146.32,644.84,363.42,42.74,16.11,0.256,28.13,25.51,23.48,2399.1,141.4,646.98,371.34,42.07,16.56,0.26,23.71,OVERHEATING_TREND,1,0.109,12.099999999999909,4.9199999999999875,-2.1399999999999864,-7.919999999999959,0.6700000000000017,-0.4499999999999993,-0.0040000000000000036,-0.23000000000000043
36.0,ENG-001,MIS-0013,CRUISE,58.96,6000.0,0.98,2463.4,149.34,662.14,372.65,43.15,16.75,0.241,27.94,25.52,23.71,2450.9,143.06,656.59,376.88,42.12,16.97,0.261,23.77,OVERHEATING_TREND,1,0.127,12.5,6.280000000000001,5.5499999999999545,-4.230000000000018,1.0300000000000011,-0.21999999999999886,-0.020000000000000018,-0.05999999999999872
37.0,ENG-001,MIS-0013,CRUISE,61.66,6000.0,0.86,2519.1,152.23,678.67,387.6,43.91,17.55,0.244,28.16,25.54,23.72,2526.4,145.49,670.62,384.97,42.18,17.56,0.264,23.85,OVERHEATING_TREND,1,0.148,-7.300000000000182,6.739999999999981,8.049999999999955,2.6299999999999955,1.7299999999999969,-0.00999999999999801,-0.020000000000000018,-0.13000000000000256
38.0,ENG-001,MIS-0013,CRUISE,59.22,6000.0,0.27,2443.9,148.07,663.51,375.23,43.51,17.2,0.292,28.05,25.47,23.8,2458.2,143.3,657.95,377.66,42.23,17.03,0.261,23.78,OVERHEATING_TREND,1,0.171,-14.299999999999727,4.769999999999982,5.559999999999945,-2.430000000000007,1.2800000000000011,0.16999999999999815,0.030999999999999972,0.019999999999999574
39.0,ENG-001,MIS-0013,CRUISE,58.54,6000.0,0.42,2464.5,152.44,659.55,380.02,43.11,16.65,0.258,27.97,25.54,23.4,2439.1,142.68,654.4,375.61,42.29,16.88,0.26,23.76,OVERHEATING_TREND,1,0.196,25.40000000000009,9.759999999999991,5.149999999999977,4.409999999999968,0.8200000000000003,-0.23000000000000043,-0.0020000000000000018,-0.360000000000003
40.0,ENG-001,MIS-0013,CRUISE,58.35,6000.0,0.41,2424.1,152.9,653.87,379.78,44.25,16.39,0.273,27.83,25.56,23.35,2433.9,142.52,653.43,375.06,42.34,16.84,0.259,23.75,OVERHEATING_TREND,1,0.224,-9.800000000000182,10.379999999999995,0.44000000000005457,4.71999999999997,1.9099999999999966,-0.4499999999999993,0.014000000000000012,-0.3999999999999986
41.0,ENG-001,MIS-0013,CRUISE,56.63,6000.0,1.25,2375.3,152.56,653.86,370.82,44.81,17.47,0.245,27.93,25.59,23.48,2385.8,140.97,644.5,369.9,42.39,16.46,0.257,23.7,OVERHEATING_TREND,1,0.255,-10.5,11.590000000000003,9.360000000000014,0.9200000000000159,2.4200000000000017,1.009999999999998,-0.01200000000000001,-0.21999999999999886
42.0,ENG-001,MIS-0013,CRUISE,63.31,6000.0,0.58,2575.8,160.92,683.67,398.18,45.79,17.94,0.264,27.82,25.61,23.6,2572.7,146.98,679.22,389.93,42.45,17.93,0.264,23.9,OVERHEATING_TREND,1,0.288,3.100000000000364,13.939999999999998,4.449999999999932,8.25,3.3399999999999963,0.010000000000001563,0.0,-0.29999999999999716
43.0,ENG-001,MIS-0013,CRUISE,66.02,6000.0,0.68,2639.4,162.96,704.04,402.06,46.08,18.27,0.279,28.19,25.35,23.76,2648.4,149.41,693.28,398.05,42.5,18.52,0.266,23.98,OVERHEATING_TREND,1,0.324,-9.0,13.550000000000011,10.759999999999991,4.009999999999991,3.5799999999999983,-0.25,0.013000000000000012,-0.21999999999999886
44.0,ENG-001,MIS-0013,CRUISE,59.14,6000.0,0.68,2433.2,159.4,663.27,375.04,47.43,17.47,0.277,27.86,25.38,23.72,2456.0,143.23,657.54,377.43,42.56,17.01,0.258,23.77,OVERHEATING_TREND,1,0.36,-22.800000000000182,16.170000000000016,5.730000000000018,-2.3899999999999864,4.869999999999997,0.4599999999999973,0.019000000000000017,-0.05000000000000071
45.0,ENG-001,MIS-0013,LOITER,44.06,6000.0,1.03,2042.7,,590.98,327.24,46.8,13.82,0.246,27.94,25.4,23.07,2033.8,129.66,579.13,332.19,42.6,13.69,0.242,23.32,OVERHEATING_TREND,1,0.398,8.900000000000091,,11.850000000000023,-4.949999999999989,4.199999999999996,0.13000000000000078,0.0040000000000000036,-0.25
46.0,ENG-001,MIS-0013,LOITER,45.97,6000.0,0.42,2098.1,148.37,607.49,341.78,47.82,14.42,0.273,27.92,25.25,23.57,2087.2,131.38,589.06,337.92,42.65,14.11,0.243,23.38,OVERHEATING_TREND,1,0.437,10.900000000000091,16.99000000000001,18.430000000000064,3.859999999999957,5.170000000000002,0.3100000000000005,0.030000000000000027,0.19000000000000128
47.0,ENG-001,MIS-0013,LOITER,48.15,6000.0,0.14,2183.0,155.15,611.6,338.15,46.28,14.54,0.209,27.88,25.67,23.77,2148.2,133.33,600.38,344.45,42.7,14.59,0.245,23.44,OVERHEATING_TREND,1,0.475,34.80000000000018,21.819999999999993,11.220000000000027,-6.300000000000011,3.5799999999999983,-0.05000000000000071,-0.036000000000000004,0.3299999999999983
48.0,ENG-001,MIS-0013,LOITER,43.5,6000.0,1.13,2031.9,153.28,592.8,327.94,48.11,13.44,0.226,28.24,25.39,23.49,2017.9,129.15,576.18,330.49,42.74,13.57,0.239,23.3,OVERHEATING_TREND,1,0.513,14.0,24.129999999999995,16.620000000000005,-2.5500000000000114,5.369999999999997,-0.13000000000000078,-0.012999999999999984,0.18999999999999773
49.0,ENG-001,MIS-0013,LOITER,50.39,6000.0,1.74,2220.4,160.58,628.91,347.52,47.66,15.06,0.262,28.22,25.7,23.68,2210.9,135.35,612.02,351.16,42.79,15.09,0.246,23.51,OVERHEATING_TREND,1,0.55,9.5,25.230000000000018,16.889999999999986,-3.640000000000043,4.869999999999997,-0.02999999999999936,0.016000000000000014,0.16999999999999815
50.0,ENG-001,MIS-0013,LOITER,47.26,6000.0,1.17,2125.4,157.74,613.4,343.88,49.12,15.0,0.214,27.88,25.42,23.28,2123.4,132.54,595.77,341.79,42.84,14.4,0.242,23.42,OVERHEATING_TREND,1,0.585,2.0,25.200000000000017,17.629999999999995,2.089999999999975,6.279999999999994,0.5999999999999996,-0.027999999999999997,-0.14000000000000057
51.0,ENG-001,MIS-0013,LOITER,44.68,6000.0,1.09,2021.9,158.9,600.86,337.61,47.23,14.11,0.224,28.0,25.46,23.17,2050.9,130.21,582.32,334.03,42.88,13.83,0.238,23.34,OVERHEATING_TREND,1,0.618,-29.0,28.689999999999998,18.539999999999964,3.580000000000041,4.349999999999994,0.27999999999999936,-0.013999999999999985,-0.16999999999999815
52.0,ENG-001,MIS-0013,LOITER,42.89,6000.0,1.35,1962.4,158.45,590.42,332.58,48.7,13.72,0.212,27.89,25.25,23.06,2000.8,128.6,573.01,328.66,42.92,13.44,0.235,23.29,OVERHEATING_TREND,1,0.649,-38.399999999999864,29.849999999999994,17.409999999999968,3.919999999999959,5.780000000000001,0.28000000000000114,-0.022999999999999993,-0.23000000000000043
53.0,ENG-001,MIS-0013,LOITER,45.23,6000.0,1.79,2063.7,163.39,606.07,331.44,48.79,13.7,0.264,28.0,25.59,23.31,2066.3,130.7,585.18,335.68,42.97,13.95,0.237,23.36,OVERHEATING_TREND,1,0.677,-2.600000000000364,32.69,20.8900000000001,-4.240000000000009,5.82,-0.25,0.027000000000000024,-0.05000000000000071
54.0,ENG-001,MIS-0013,DESCENT,35.23,6000.0,0.7,1779.8,153.29,556.11,310.32,50.0,12.3,0.218,28.06,25.49,23.25,1786.6,121.71,533.22,305.7,43.01,11.75,0.226,23.06,OVERHEATING_TREND,1,0.703,-6.7999999999999545,31.58,22.889999999999986,4.6200000000000045,6.990000000000002,0.5500000000000007,-0.008000000000000007,0.19000000000000128
55.0,ENG-001,MIS-0013,DESCENT,26.92,6000.0,0.97,1554.9,147.63,523.57,283.74,49.05,10.02,0.204,28.02,25.44,22.69,1553.7,114.23,489.98,280.76,43.04,9.92,0.216,22.81,OVERHEATING_TREND,1,0.726,1.2000000000000455,33.39999999999999,33.59000000000003,2.980000000000018,6.009999999999998,0.09999999999999964,-0.01200000000000001,-0.11999999999999744
56.0,ENG-001,MIS-0013,DESCENT,28.2,6000.0,0.36,1564.1,148.11,518.63,287.9,52.47,10.39,0.21,27.99,25.59,22.85,1589.6,115.38,496.65,284.6,43.08,10.2,0.216,22.85,OVERHEATING_TREND,1,0.746,-25.5,32.73000000000002,21.980000000000018,3.2999999999999545,9.39,0.19000000000000128,-0.006000000000000005,0.0
57.0,ENG-001,MIS-0013,DESCENT,34.07,6000.0,0.94,1737.4,154.59,558.8,301.22,51.31,11.25,0.195,27.91,25.59,23.03,1753.9,120.66,527.15,302.2,43.12,11.49,0.222,23.02,OVERHEATING_TREND,1,0.764,-16.5,33.93000000000001,31.649999999999977,-0.9799999999999613,8.190000000000005,-0.2400000000000002,-0.026999999999999996,0.010000000000001563
58.0,ENG-001,MIS-0013,DESCENT,31.14,6000.0,1.6,1690.9,153.26,544.5,291.26,51.25,10.7,0.213,28.05,25.36,22.6,1672.0,118.03,511.94,293.43,43.15,10.85,0.217,22.93,OVERHEATING_TREND,1,0.78,18.90000000000009,35.22999999999999,32.56,-2.170000000000016,8.100000000000001,-0.15000000000000036,-0.0040000000000000036,-0.3299999999999983
59.0,ENG-001,MIS-0013,DESCENT,31.75,6000.0,0.3,1679.9,155.52,546.03,300.08,52.4,10.7,0.182,28.28,25.79,23.01,1689.1,118.58,515.12,295.26,43.19,10.99,0.217,22.95,OVERHEATING_TREND,1,0.794,-9.199999999999818,36.94000000000001,30.909999999999968,4.819999999999993,9.21,-0.2900000000000009,-0.035,0.060000000000002274
60.0,ENG-001,MIS-0013,LANDING,17.32,6000.0,1.1,1281.2,141.28,464.05,242.56,51.35,8.13,0.235,27.99,25.54,22.51,1284.8,105.58,440.04,251.95,43.22,7.81,0.201,22.52,OVERHEATING_TREND,1,0.806,-3.599999999999909,35.7,24.00999999999999,-9.389999999999986,8.130000000000003,0.3200000000000012,0.033999999999999975,-0.00999999999999801
61.0,ENG-001,MIS-0013,LANDING,18.72,6000.0,0.65,1309.9,144.73,479.58,259.98,51.54,8.04,0.205,27.97,25.51,22.52,1324.0,106.84,447.32,256.15,43.25,8.12,0.201,22.56,OVERHEATING_TREND,1,0.816,-14.099999999999909,37.889999999999986,32.25999999999999,3.830000000000041,8.29,-0.08000000000000007,0.003999999999999976,-0.03999999999999915
0.0,ENG-002,MIS-0014,TAXI,17.4,0.0,26.25,1293.5,109.68,446.56,251.89,39.76,7.89,0.197,28.22,25.36,22.78,1287.2,109.41,447.99,252.2,40.03,7.83,0.198,22.52,COOLING_DEGRADATION,0,0.0,6.2999999999999545,0.27000000000001023,-1.4300000000000068,-0.3100000000000023,-0.2700000000000031,0.05999999999999961,-0.0010000000000000009,0.26000000000000156
1.0,ENG-002,MIS-0014,TAXI,7.35,0.0,25.57,1020.7,100.24,391.38,218.8,41.62,5.77,0.194,27.89,25.73,22.07,1005.7,99.96,394.9,222.04,40.05,5.62,0.189,22.22,COOLING_DEGRADATION,0,0.0,15.0,0.28000000000000114,-3.519999999999982,-3.2399999999999807,1.5700000000000003,0.14999999999999947,0.0050000000000000044,-0.14999999999999858
2.0,ENG-002,MIS-0014,TAXI,9.62,0.0,24.63,1058.6,101.05,405.11,228.28,40.27,6.33,0.18,27.92,25.47,22.2,1069.3,101.43,405.56,228.85,40.08,6.12,0.192,22.29,COOLING_DEGRADATION,0,0.0,-10.700000000000045,-0.38000000000000966,-0.44999999999998863,-0.5699999999999932,0.19000000000000483,0.20999999999999996,-0.01200000000000001,-0.08999999999999986
3.0,ENG-002,MIS-0014,TAXI,15.83,0.0,25.5,1231.1,105.96,440.36,253.31,39.99,7.27,0.188,28.14,25.43,22.5,1243.2,107.54,438.9,247.49,40.11,7.48,0.2,22.47,COOLING_DEGRADATION,0,0.0,-12.100000000000136,-1.5800000000000125,1.4600000000000364,5.819999999999993,-0.11999999999999744,-0.21000000000000085,-0.01200000000000001,0.030000000000001137
4.0,ENG-002,MIS-0014,TAKEOFF,93.38,4871.6,-6.8,3416.9,174.7,832.59,474.93,40.0,24.75,0.27,28.01,25.51,24.87,3414.6,174.04,835.57,480.14,40.19,24.54,0.282,24.8,COOLING_DEGRADATION,0,0.0,2.300000000000182,0.6599999999999966,-2.980000000000018,-5.2099999999999795,-0.18999999999999773,0.21000000000000085,-0.011999999999999955,0.07000000000000028
5.0,ENG-002,MIS-0014,TAKEOFF,98.05,5289.5,-8.84,3521.6,178.34,861.87,489.74,40.03,25.74,0.285,28.09,25.39,24.9,3545.4,178.24,859.85,494.15,40.26,25.57,0.288,24.94,COOLING_DEGRADATION,0,0.0,-23.800000000000182,0.09999999999999432,2.019999999999982,-4.409999999999968,-0.22999999999999687,0.16999999999999815,-0.0030000000000000027,-0.0400000000000027
6.0,ENG-002,MIS-0014,TAKEOFF,96.03,5707.3,-12.16,3476.2,176.31,852.59,480.41,40.6,24.82,0.303,28.02,25.58,25.22,3488.7,176.42,849.33,488.08,40.34,25.13,0.287,24.88,COOLING_DEGRADATION,0,0.0,-12.5,-0.10999999999998522,3.259999999999991,-7.669999999999959,0.259999999999998,-0.3099999999999987,0.016000000000000014,0.33999999999999986
7.0,ENG-002,MIS-0014,CLIMB,84.34,6125.2,-15.08,3161.1,164.55,790.22,459.74,40.56,22.86,0.278,28.0,25.55,24.41,3161.4,165.9,788.55,453.01,40.41,22.55,0.275,24.53,COOLING_DEGRADATION,0,0.0,-0.3000000000001819,-1.3499999999999943,1.6700000000000728,6.730000000000018,0.15000000000000568,0.3099999999999987,0.0030000000000000027,-0.120000000000001
8.0,ENG-002,MIS-0014,CLIMB,84.2,6543.1,-18.1,3160.0,163.01,786.03,453.79,40.44,22.53,0.304,27.84,25.44,24.35,3157.6,165.78,787.84,452.6,40.48,22.52,0.276,24.53,COOLING_DEGRADATION,0,0.0,2.400000000000091,-2.7700000000000102,-1.8100000000000591,1.1899999999999977,-0.03999999999999915,0.010000000000001563,0.02799999999999997,-0.17999999999999972
9.0,ENG-002,MIS-0014,CLIMB,86.71,6961.0,-19.88,3217.4,167.05,807.08,455.44,40.72,22.81,0.256,28.03,25.49,24.69,3228.0,168.04,800.91,460.14,40.55,23.08,0.28,24.6,COOLING_DEGRADATION,0,0.0,-10.599999999999909,-0.9899999999999807,6.170000000000073,-4.699999999999989,0.1700000000000017,-0.2699999999999996,-0.02400000000000002,0.08999999999999986
10.0,ENG-002,MIS-0014,CLIMB,81.15,7378.9,-23.24,3070.2,163.51,779.98,446.81,39.38,22.2,0.272,28.09,25.42,24.61,3072.1,163.03,771.96,443.44,40.62,21.85,0.275,24.43,COOLING_DEGRADATION,0,0.0,-1.900000000000091,0.47999999999998977,8.019999999999982,3.3700000000000045,-1.2399999999999949,0.34999999999999787,-0.0030000000000000027,0.17999999999999972
11.0,ENG-002,MIS-0014,CLIMB,85.67,7796.8,-24.05,3179.4,168.04,794.13,455.31,39.64,23.11,0.295,28.04,25.4,24.95,3198.7,167.1,795.47,457.0,40.69,22.85,0.28,24.57,COOLING_DEGRADATION,0,0.0,-19.299999999999727,0.9399999999999977,-1.3400000000000318,-1.6899999999999977,-1.0499999999999972,0.259999999999998,0.014999999999999958,0.379999999999999
12.0,ENG-002,MIS-0014,CLIMB,92.84,8214.7,-27.84,3402.0,172.3,823.03,480.65,40.52,23.68,0.258,28.16,25.41,24.8,3399.5,173.55,832.76,478.52,40.77,24.42,0.289,24.79,COOLING_DEGRADATION,0,0.0,2.5,-1.25,-9.730000000000018,2.1299999999999955,-0.25,-0.740000000000002,-0.030999999999999972,0.010000000000001563
13.0,ENG-002,MIS-0014,CLIMB,85.83,8632.6,-30.79,3192.8,168.2,796.05,459.55,38.63,22.84,0.313,27.94,25.53,24.46,3203.3,167.25,796.33,457.5,40.84,22.88,0.282,24.58,COOLING_DEGRADATION,0,0.0,-10.5,0.9499999999999886,-0.2800000000000864,2.0500000000000114,-2.210000000000001,-0.03999999999999915,0.031000000000000028,-0.11999999999999744
14.0,ENG-002,MIS-0014,CLIMB,88.28,9050.5,-33.6,3251.0,172.14,807.25,460.66,40.55,23.47,0.265,28.03,25.51,24.84,3271.8,169.45,809.04,464.83,40.91,23.42,0.286,24.65,COOLING_DEGRADATION,0,0.0,-20.800000000000182,2.6899999999999977,-1.7899999999999636,-4.169999999999959,-0.35999999999999943,0.04999999999999716,-0.020999999999999963,0.19000000000000128
15.0,ENG-002,MIS-0014,CLIMB,80.97,9468.4,-36.24,3113.0,161.53,775.59,444.1,41.97,22.35,0.293,27.98,25.29,24.16,3067.3,162.88,771.07,442.92,40.98,21.81,0.279,24.43,COOLING_DEGRADATION,0,0.0,45.69999999999982,-1.3499999999999943,4.519999999999982,1.1800000000000068,0.990000000000002,0.5400000000000027,0.013999999999999957,-0.2699999999999996
16.0,ENG-002,MIS-0014,CRUISE,62.58,9600.0,-38.23,2567.2,144.57,680.68,392.06,38.64,17.81,0.283,27.96,25.46,23.83,2552.2,146.32,675.41,387.74,41.03,17.77,0.26,23.88,COOLING_DEGRADATION,0,0.0,15.0,-1.75,5.269999999999982,4.319999999999993,-2.3900000000000006,0.03999999999999915,0.022999999999999965,-0.05000000000000071
17.0,ENG-002,MIS-0014,CRUISE,61.46,9600.0,-37.51,2553.0,143.89,672.47,392.12,41.57,17.57,0.316,27.86,25.4,24.08,2521.0,145.32,669.61,384.39,41.09,17.52,0.26,23.84,COOLING_DEGRADATION,0,0.0,32.0,-1.4300000000000068,2.8600000000000136,7.730000000000018,0.4799999999999969,0.05000000000000071,0.055999999999999994,0.23999999999999844
18.0,ENG-002,MIS-0014,CRUISE,57.07,9600.0,-37.67,2403.1,142.94,643.82,372.71,41.28,16.15,0.241,28.02,25.62,24.0,2398.0,141.36,646.77,371.21,41.14,16.56,0.256,23.71,COOLING_DEGRADATION,0,0.031,5.099999999999909,1.579999999999984,-2.949999999999932,1.5,0.14000000000000057,-0.41000000000000014,-0.015000000000000013,0.28999999999999915
19.0,ENG-002,MIS-0014,CRUISE,59.92,9600.0,-36.97,2474.2,144.86,670.58,374.0,40.31,17.52,0.262,27.97,25.41,23.84,2477.8,143.93,661.59,379.76,41.2,17.18,0.259,23.8,COOLING_DEGRADATION,0,0.035,-3.600000000000364,0.9300000000000068,8.990000000000009,-5.759999999999991,-0.8900000000000006,0.33999999999999986,0.0030000000000000027,0.03999999999999915
20.0,ENG-002,MIS-0014,CRUISE,58.07,9600.0,-37.17,2420.3,143.74,646.39,379.79,40.57,16.49,0.3,27.79,25.48,23.93,2426.1,142.27,651.99,374.22,41.25,16.78,0.258,23.74,COOLING_DEGRADATION,0,0.04,-5.799999999999727,1.4699999999999989,-5.600000000000023,5.569999999999993,-0.6799999999999997,-0.2900000000000027,0.04199999999999998,0.19000000000000128
21.0,ENG-002,MIS-0014,CRUISE,60.46,9600.0,-36.8,2485.4,147.04,666.82,376.36,43.24,17.11,0.265,27.99,25.65,23.72,2492.9,144.41,664.39,381.38,41.31,17.3,0.261,23.81,COOLING_DEGRADATION,0,0.046,-7.5,2.6299999999999955,2.4300000000000637,-5.019999999999982,1.9299999999999997,-0.19000000000000128,0.0040000000000000036,-0.08999999999999986
22.0,ENG-002,MIS-0014,CRUISE,58.88,9600.0,-37.33,2454.2,143.86,653.07,370.73,41.07,16.77,0.244,28.15,25.47,23.65,2448.6,142.99,656.18,376.64,41.36,16.95,0.26,23.77,COOLING_DEGRADATION,1,0.052,5.599999999999909,0.8700000000000045,-3.1099999999999,-5.909999999999968,-0.28999999999999915,-0.17999999999999972,-0.016000000000000014,-0.120000000000001
23.0,ENG-002,MIS-0014,CRUISE,59.67,9600.0,-36.59,2469.3,144.31,669.17,375.11,41.39,17.31,0.234,27.79,25.46,23.78,2470.7,143.7,660.27,379.0,41.42,17.13,0.261,23.79,COOLING_DEGRADATION,1,0.059,-1.3999999999996362,0.6100000000000136,8.899999999999977,-3.8899999999999864,-0.030000000000001137,0.17999999999999972,-0.026999999999999996,-0.00999999999999801
24.0,ENG-002,MIS-0014,CRUISE,57.63,9600.0,-37.81,2397.4,144.38,660.29,373.5,40.13,16.67,0.255,28.13,25.27,23.63,2413.7,141.87,649.68,372.89,41.47,16.68,0.259,23.73,COOLING_DEGRADATION,1,0.067,-16.299999999999727,2.509999999999991,10.610000000000014,0.6100000000000136,-1.3399999999999963,-0.00999999999999801,-0.0040000000000000036,-0.10000000000000142
25.0,ENG-002,MIS-0014,CRUISE,61.39,9600.0,-36.6,2525.5,149.07,667.94,391.59,39.38,17.74,0.262,28.03,25.56,23.92,2519.0,145.25,669.25,384.18,41.53,17.51,0.263,23.84,COOLING_DEGRADATION,1,0.075,6.5,3.819999999999993,-1.3099999999999454,7.409999999999968,-2.1499999999999986,0.22999999999999687,-0.0010000000000000009,0.08000000000000185
26.0,ENG-002,MIS-0014,CRUISE,58.33,9600.0,-37.9,2432.0,144.89,657.99,384.44,41.97,16.2,0.258,27.93,25.48,23.48,2433.1,142.49,653.29,374.98,41.58,16.83,0.261,23.75,COOLING_DEGRADATION,1,0.085,-1.099999999999909,2.3999999999999773,4.7000000000000455,9.45999999999998,0.39000000000000057,-0.629999999999999,-0.0030000000000000027,-0.2699999999999996
27.0,ENG-002,MIS-0014,CRUISE,61.51,9600.0,-37.46,2509.8,147.99,674.48,387.95,43.28,17.51,0.262,27.84,25.46,23.85,2522.3,145.36,669.85,384.53,41.64,17.53,0.264,23.85,COOLING_DEGRADATION,1,0.096,-12.5,2.6299999999999955,4.6299999999999955,3.420000000000016,1.6400000000000006,-0.019999999999999574,-0.0020000000000000018,0.0
28.0,ENG-002,MIS-0014,CRUISE,55.57,9600.0,-37.15,2375.7,142.53,641.64,363.41,41.89,16.54,0.24,27.97,25.33,23.76,2355.9,140.01,638.95,366.7,41.69,16.22,0.258,23.67,COOLING_DEGRADATION,1,0.107,19.799999999999727,2.5200000000000102,2.689999999999941,-3.2899999999999636,0.20000000000000284,0.3200000000000003,-0.018000000000000016,0.08999999999999986
29.0,ENG-002,MIS-0014,CRUISE,62.46,9600.0,-38.2,2543.5,150.15,673.9,383.38,41.58,17.5,0.278,28.25,25.47,23.84,2548.8,146.21,674.77,387.37,41.74,17.74,0.265,23.87,COOLING_DEGRADATION,1,0.12,-5.300000000000182,3.9399999999999977,-0.8700000000000045,-3.990000000000009,-0.1600000000000037,-0.23999999999999844,0.013000000000000012,-0.030000000000001137
30.0,ENG-002,MIS-0014,CRUISE,59.54,9600.0,-37.63,2468.2,149.27,659.12,377.71,41.87,16.54,0.272,27.96,25.31,23.6,2467.2,143.59,659.62,378.62,41.8,17.1,0.262,23.79,COOLING_DEGRADATION,1,0.135,1.0,5.680000000000007,-0.5,-0.910000000000025,0.07000000000000028,-0.5600000000000023,0.010000000000000009,-0.18999999999999773
31.0,ENG-002,MIS-0014,CRUISE,63.17,9600.0,-36.55,2581.9,152.72,680.66,390.99,43.54,18.01,0.286,28.04,25.4,24.19,2568.7,146.85,678.47,389.5,41.86,17.9,0.266,23.9,COOLING_DEGRADATION,1,0.15,13.200000000000273,5.8700000000000045,2.189999999999941,1.490000000000009,1.6799999999999997,0.11000000000000298,0.019999999999999962,0.2900000000000027
32.0,ENG-002,MIS-0014,CRUISE,58.52,9600.0,-36.58,2466.1,147.82,653.47,374.73,42.01,16.08,0.254,27.81,25.63,23.84,2438.5,142.66,654.29,375.55,41.91,16.87,0.261,23.76,COOLING_DEGRADATION,1,0.166,27.59999999999991,5.159999999999997,-0.8199999999999363,-0.8199999999999932,0.10000000000000142,-0.7900000000000027,-0.007000000000000006,0.0799999999999983
33.0,ENG-002,MIS-0014,CRUISE,58.86,9600.0,-37.88,2467.9,149.49,658.27,371.72,41.11,17.04,0.243,27.86,25.03,24.09,2448.2,142.98,656.09,376.59,41.96,16.95,0.262,23.77,COOLING_DEGRADATION,1,0.184,19.700000000000273,6.510000000000019,2.17999999999995,-4.869999999999948,-0.8500000000000014,0.08999999999999986,-0.019000000000000017,0.3200000000000003
34.0,ENG-002,MIS-0014,CRUISE,65.57,9600.0,-36.41,2638.5,155.07,695.53,399.52,42.15,18.35,0.274,28.36,25.57,24.09,2635.9,149.01,690.96,396.71,42.02,18.43,0.269,23.97,COOLING_DEGRADATION,1,0.202,2.599999999999909,6.060000000000002,4.569999999999936,2.8100000000000023,0.12999999999999545,-0.0799999999999983,0.0050000000000000044,0.120000000000001
35.0,ENG-002,MIS-0014,CRUISE,60.68,9600.0,-37.98,2509.6,151.32,667.25,379.33,43.25,17.36,0.305,27.82,25.5,24.42,2499.1,144.62,665.55,382.05,42.07,17.35,0.263,23.82,COOLING_DEGRADATION,1,0.222,10.5,6.699999999999989,1.7000000000000455,-2.7200000000000273,1.1799999999999997,0.00999999999999801,0.04199999999999998,0.6000000000000014
36.0,ENG-002,MIS-0014,CRUISE,54.24,9600.0,-37.41,2294.7,146.53,633.28,361.73,42.81,15.98,0.254,27.8,25.48,23.64,2318.7,138.82,632.05,362.72,42.13,15.93,0.256,23.63,COOLING_DEGRADATION,1,0.243,-24.0,7.710000000000008,1.2300000000000182,-0.9900000000000091,0.6799999999999997,0.05000000000000071,-0.0020000000000000018,0.010000000000001563
37.0,ENG-002,MIS-0014,CRUISE,56.57,9600.0,-37.56,2401.3,147.72,649.36,365.29,42.28,16.85,0.257,27.87,25.51,23.75,2384.0,140.91,644.17,369.72,42.18,16.45,0.259,23.7,COOLING_DEGRADATION,1,0.264,17.300000000000182,6.810000000000002,5.190000000000055,-4.430000000000007,0.10000000000000142,0.40000000000000213,-0.0020000000000000018,0.05000000000000071
38.0,ENG-002,MIS-0014,CRUISE,61.31,9600.0,-38.45,2521.7,156.08,666.54,383.69,42.21,17.09,0.244,28.08,25.75,23.8,2516.6,145.18,668.8,383.92,42.23,17.49,0.263,23.84,COOLING_DEGRADATION,1,0.285,5.099999999999909,10.900000000000006,-2.259999999999991,-0.2300000000000182,-0.01999999999999602,-0.3999999999999986,-0.019000000000000017,-0.03999999999999915
39.0,ENG-002,MIS-0014,CRUISE,56.06,9600.0,-37.12,2367.5,152.0,646.65,366.58,41.59,16.8,0.253,27.89,25.56,23.85,2369.6,140.45,641.5,368.17,42.29,16.33,0.257,23.68,COOLING_DEGRADATION,1,0.307,-2.099999999999909,11.550000000000011,5.149999999999977,-1.5900000000000318,-0.6999999999999957,0.4700000000000024,-0.0040000000000000036,0.1700000000000017
40.0,ENG-002,MIS-0014,CRUISE,58.3,9600.0,-37.56,2443.8,153.66,661.78,373.35,41.91,16.78,0.255,28.05,25.65,23.94,2432.5,142.47,653.18,374.91,42.34,16.83,0.259,23.75,COOLING_DEGRADATION,1,0.33,11.300000000000182,11.189999999999998,8.600000000000023,-1.5600000000000023,-0.4300000000000068,-0.04999999999999716,-0.0040000000000000036,0.19000000000000128
41.0,ENG-002,MIS-0014,CRUISE,62.24,9600.0,-37.53,2539.7,160.22,675.82,389.12,42.55,17.42,0.295,27.92,25.46,23.88,2542.8,146.02,673.66,386.73,42.39,17.69,0.263,23.87,COOLING_DEGRADATION,1,0.352,-3.100000000000364,14.199999999999989,2.160000000000082,2.3899999999999864,0.1599999999999966,-0.2699999999999996,0.03199999999999997,0.00999999999999801
42.0,ENG-002,MIS-0014,CRUISE,60.01,9600.0,-37.77,2477.8,156.55,671.08,378.82,42.67,17.34,0.252,28.2,25.36,24.03,2480.4,144.01,662.08,380.04,42.45,17.2,0.26,23.8,COOLING_DEGRADATION,1,0.373,-2.599999999999909,12.54000000000002,9.0,-1.2200000000000273,0.21999999999999886,0.14000000000000057,-0.008000000000000007,0.23000000000000043
43.0,ENG-002,MIS-0014,LOITER,42.44,9600.0,-36.57,1988.0,140.7,567.09,317.33,41.33,13.24,0.228,28.01,25.38,23.39,1988.4,128.2,570.7,327.33,42.49,13.34,0.241,23.27,COOLING_DEGRADATION,1,0.395,-0.40000000000009095,12.5,-3.6100000000000136,-10.0,-1.1600000000000037,-0.09999999999999964,-0.012999999999999984,0.120000000000001
44.0,ENG-002,MIS-0014,LOITER,45.74,9600.0,-36.5,2098.3,144.44,588.27,349.14,41.62,14.08,0.263,28.16,25.4,23.26,2080.8,131.17,587.87,337.23,42.54,14.06,0.244,23.37,COOLING_DEGRADATION,1,0.415,17.5,13.27000000000001,0.39999999999997726,11.909999999999968,-0.9200000000000017,0.019999999999999574,0.019000000000000017,-0.10999999999999943
45.0,ENG-002,MIS-0014,LOITER,42.67,9600.0,-37.01,1996.7,142.76,582.59,331.27,42.45,12.93,0.255,28.03,25.54,23.06,1994.8,128.4,571.89,328.01,42.58,13.39,0.24,23.28,COOLING_DEGRADATION,1,0.435,1.900000000000091,14.359999999999985,10.700000000000045,3.259999999999991,-0.12999999999999545,-0.46000000000000085,0.015000000000000013,-0.22000000000000242
46.0,ENG-002,MIS-0014,LOITER,42.4,9600.0,-36.87,1995.7,145.44,583.38,326.47,42.77,13.11,0.252,27.87,25.18,23.71,1987.1,128.16,570.47,327.19,42.63,13.33,0.239,23.27,COOLING_DEGRADATION,1,0.454,8.600000000000136,17.28,12.909999999999968,-0.7199999999999704,0.14000000000000057,-0.22000000000000064,0.013000000000000012,0.4400000000000013
47.0,ENG-002,MIS-0014,LOITER,46.49,9600.0,-36.82,2093.2,146.36,594.97,335.8,42.93,14.22,0.233,27.95,25.49,23.71,2101.8,131.84,591.76,339.48,42.67,14.23,0.243,23.39,COOLING_DEGRADATION,1,0.471,-8.600000000000364,14.52000000000001,3.2100000000000364,-3.680000000000007,0.259999999999998,-0.009999999999999787,-0.009999999999999981,0.3200000000000003
48.0,ENG-002,MIS-0014,LOITER,49.01,9600.0,-37.87,2191.1,151.12,610.49,342.98,41.9,15.1,0.257,28.09,25.44,23.36,2172.3,134.11,604.85,347.03,42.72,14.78,0.245,23.47,COOLING_DEGRADATION,1,0.488,18.799999999999727,17.00999999999999,5.639999999999986,-4.0499999999999545,-0.8200000000000003,0.3200000000000003,0.01200000000000001,-0.10999999999999943
49.0,ENG-002,MIS-0014,LOITER,47.78,9600.0,-37.73,2118.1,148.89,609.43,340.82,42.8,14.48,0.226,28.2,25.33,23.47,2137.7,133.0,598.44,343.33,42.77,14.51,0.243,23.43,COOLING_DEGRADATION,1,0.503,-19.59999999999991,15.889999999999986,10.989999999999895,-2.509999999999991,0.02999999999999403,-0.02999999999999936,-0.016999999999999987,0.03999999999999915
50.0,ENG-002,MIS-0014,LOITER,44.41,9600.0,-39.28,2054.8,147.68,588.16,330.1,41.55,13.66,0.233,27.86,25.31,22.89,2043.5,129.97,580.94,333.23,42.81,13.77,0.239,23.33,COOLING_DEGRADATION,1,0.518,11.300000000000182,17.710000000000008,7.219999999999914,-3.1299999999999955,-1.2600000000000051,-0.10999999999999943,-0.005999999999999978,-0.4399999999999977
51.0,ENG-002,MIS-0014,LOITER,42.74,9600.0,-36.47,1995.4,149.86,581.81,332.53,42.86,13.35,0.272,27.93,25.6,23.24,1996.8,128.47,572.26,328.22,42.85,13.4,0.236,23.28,COOLING_DEGRADATION,1,0.531,-1.3999999999998636,21.390000000000015,9.549999999999955,4.309999999999945,0.00999999999999801,-0.05000000000000071,0.03600000000000003,-0.0400000000000027
52.0,ENG-002,MIS-0014,LOITER,43.85,9600.0,-37.15,2034.3,148.53,589.54,330.59,43.15,13.92,0.209,27.91,25.46,23.45,2027.8,129.46,578.01,331.54,42.9,13.65,0.236,23.32,COOLING_DEGRADATION,1,0.543,6.5,19.069999999999993,11.529999999999973,-0.9500000000000455,0.25,0.2699999999999996,-0.026999999999999996,0.129999999999999
53.0,ENG-002,MIS-0014,DESCENT,31.17,9600.0,-37.88,1666.9,135.76,518.33,292.1,42.68,10.67,0.189,28.09,25.64,23.01,1672.7,118.05,512.08,293.51,42.94,10.86,0.222,22.94,COOLING_DEGRADATION,1,0.554,-5.7999999999999545,17.709999999999994,6.25,-1.4099999999999682,-0.259999999999998,-0.1899999999999995,-0.033,0.07000000000000028
54.0,ENG-002,MIS-0014,DESCENT,29.99,9600.0,-37.04,1649.0,135.82,516.36,279.69,42.21,10.45,0.219,27.81,25.48,23.35,1639.8,116.99,505.96,289.98,42.97,10.6,0.22,22.9,COOLING_DEGRADATION,1,0.563,9.200000000000045,18.83,10.400000000000034,-10.29000000000002,-0.759999999999998,-0.15000000000000036,-0.0010000000000000009,0.45000000000000284
55.0,ENG-002,MIS-0014,DESCENT,28.17,9600.0,-37.13,1592.9,135.62,512.53,282.1,42.46,10.38,0.234,27.75,25.76,22.82,1588.6,115.35,496.46,284.5,43.01,10.2,0.217,22.84,COOLING_DEGRADATION,1,0.572,4.300000000000182,20.27000000000001,16.069999999999993,-2.3999999999999773,-0.5499999999999972,0.1800000000000015,0.017000000000000015,-0.019999999999999574
56.0,ENG-002,MIS-0014,DESCENT,31.48,9600.0,-37.73,1644.7,138.33,527.17,289.42,43.38,10.72,0.233,28.12,25.56,23.14,1681.5,118.33,513.7,294.44,43.04,10.93,0.22,22.94,COOLING_DEGRADATION,1,0.58,-36.799999999999955,20.000000000000014,13.469999999999914,-5.019999999999982,0.3400000000000034,-0.20999999999999908,0.013000000000000012,0.1999999999999993
57.0,ENG-002,MIS-0014,DESCENT,30.15,9600.0,-37.31,1654.0,137.14,515.13,288.59,43.81,10.58,0.204,27.69,25.69,23.21,1644.1,117.13,506.76,290.44,43.08,10.63,0.217,22.9,COOLING_DEGRADATION,1,0.587,9.900000000000091,20.00999999999999,8.370000000000005,-1.8500000000000227,0.730000000000004,-0.05000000000000071,-0.013000000000000012,0.3100000000000023
58.0,ENG-002,MIS-0014,DESCENT,29.52,9600.0,-38.82,1644.1,137.69,514.55,289.75,44.41,10.66,0.2,27.87,25.66,23.1,1626.6,116.57,503.51,288.56,43.12,10.49,0.216,22.89,COOLING_DEGRADATION,1,0.594,17.5,21.120000000000005,11.039999999999964,1.1899999999999977,1.2899999999999991,0.16999999999999993,-0.015999999999999986,0.21000000000000085
59.0,ENG-002,MIS-0014,LANDING,17.93,9600.0,-36.8,1300.9,127.56,447.91,253.26,42.62,7.59,0.171,27.86,25.54,22.45,1302.1,106.14,443.25,253.8,43.15,7.95,0.203,22.54,COOLING_DEGRADATION,1,0.599,-1.199999999999818,21.42,4.660000000000025,-0.5400000000000205,-0.5300000000000011,-0.3600000000000003,-0.032,-0.08999999999999986
60.0,ENG-002,MIS-0014,LANDING,23.49,9600.0,-37.8,1456.6,131.66,487.43,273.79,43.9,9.16,0.191,28.12,25.65,22.54,1457.8,111.14,472.16,270.48,43.18,9.17,0.207,22.7,COOLING_DEGRADATION,1,0.604,-1.2000000000000455,20.519999999999996,15.269999999999982,3.3100000000000023,0.7199999999999989,-0.009999999999999787,-0.015999999999999986,-0.16000000000000014
0.0,ENG-003,MIS-0015,TAXI,14.71,0.0,25.47,1230.6,105.47,429.8,246.85,38.45,7.61,0.164,27.86,25.31,22.77,1211.8,106.52,433.04,244.12,40.03,7.24,0.195,22.44,NORMAL,0,0.0,18.799999999999955,-1.0499999999999972,-3.240000000000009,2.7299999999999898,-1.5799999999999983,0.3700000000000001,-0.031,0.3299999999999983
1.0,ENG-003,MIS-0015,TAXI,11.39,0.0,25.21,1138.4,102.63,413.84,232.88,39.99,6.92,0.186,28.02,25.83,22.44,1118.8,103.37,415.45,234.16,40.06,6.5,0.193,22.34,NORMAL,0,0.0,19.600000000000136,-0.7400000000000091,-1.6100000000000136,-1.2800000000000011,-0.07000000000000028,0.41999999999999993,-0.007000000000000006,0.10000000000000142
2.0,ENG-003,MIS-0015,TAXI,15.32,0.0,25.62,1198.3,108.33,434.68,245.39,39.81,7.56,0.21,28.04,25.61,22.21,1229.0,107.16,436.41,245.96,40.08,7.37,0.198,22.46,NORMAL,0,0.0,-30.700000000000045,1.1700000000000017,-1.7300000000000182,-0.5700000000000216,-0.269999999999996,0.1899999999999995,0.011999999999999983,-0.25
3.0,ENG-003,MIS-0015,TAKEOFF,91.97,2807.3,7.54,3381.8,174.8,831.88,476.73,40.04,24.2,0.289,27.88,25.53,24.67,3375.2,172.78,828.26,475.92,40.16,24.23,0.28,24.76,NORMAL,0,0.0,6.600000000000364,2.0200000000000102,3.6200000000000045,0.8100000000000023,-0.11999999999999744,-0.030000000000001137,0.008999999999999952,-0.08999999999999986
4.0,ENG-003,MIS-0015,TAKEOFF,94.44,3076.4,4.62,,174.15,843.74,482.37,40.7,25.09,0.255,27.76,25.81,25.06,3444.2,174.99,841.07,483.31,40.24,24.78,0.283,24.83,NORMAL,0,0.0,,-0.8400000000000034,2.669999999999959,-0.9399999999999977,0.46000000000000085,0.3099999999999987,-0.02799999999999997,0.23000000000000043
5.0,ENG-003,MIS-0015,TAKEOFF,96.15,3345.4,2.99,3479.7,177.78,852.39,486.18,39.88,25.64,0.293,27.95,25.36,24.89,3492.2,176.54,849.98,488.45,40.31,25.15,0.286,24.88,NORMAL,0,0.0,-12.5,1.240000000000009,2.409999999999968,-2.269999999999982,-0.4299999999999997,0.490000000000002,0.007000000000000006,0.010000000000001563
6.0,ENG-003,MIS-0015,CLIMB,84.65,3614.5,0.76,3130.8,163.81,785.11,455.19,40.87,22.54,0.252,27.99,25.52,24.49,3170.2,166.18,790.18,453.95,40.38,22.62,0.275,24.54,NORMAL,0,0.0,-39.399999999999636,-2.3700000000000045,-5.069999999999936,1.240000000000009,0.4899999999999949,-0.08000000000000185,-0.02300000000000002,-0.05000000000000071
7.0,ENG-003,MIS-0015,CLIMB,86.34,3883.6,-0.7,3187.6,167.1,795.74,456.7,39.29,23.25,0.284,28.04,25.18,24.5,3217.4,167.7,798.94,459.01,40.46,22.99,0.278,24.59,NORMAL,0,0.0,-29.800000000000182,-0.5999999999999943,-3.2000000000000455,-2.3100000000000023,-1.1700000000000017,0.26000000000000156,0.00599999999999995,-0.08999999999999986
8.0,ENG-003,MIS-0015,CLIMB,83.09,4152.7,-2.86,3131.4,165.22,781.71,447.05,40.92,22.16,0.293,27.96,25.27,24.61,3126.4,164.78,782.04,449.26,40.53,22.28,0.275,24.49,NORMAL,0,0.0,5.0,0.4399999999999977,-0.32999999999992724,-2.2099999999999795,0.39000000000000057,-0.120000000000001,0.01799999999999996,0.120000000000001
9.0,ENG-003,MIS-0015,CLIMB,80.23,4421.8,-3.49,3027.9,161.3,763.71,450.63,39.81,21.68,0.269,28.04,25.66,24.43,3046.4,162.21,767.19,440.68,40.59,21.65,0.273,24.41,NORMAL,0,0.0,-18.5,-0.9099999999999966,-3.480000000000018,9.949999999999989,-0.7800000000000011,0.030000000000001137,-0.0040000000000000036,0.019999999999999574
10.0,ENG-003,MIS-0015,CLIMB,83.42,4690.9,-6.36,3149.2,163.73,782.4,453.97,40.46,22.95,0.289,28.21,25.36,24.24,3135.9,165.08,783.81,450.27,40.66,22.35,0.277,24.5,NORMAL,0,0.0,13.299999999999727,-1.3500000000000227,-1.4099999999999682,3.7000000000000455,-0.19999999999999574,0.5999999999999979,0.011999999999999955,-0.26000000000000156
11.0,ENG-003,MIS-0015,CLIMB,88.36,4960.0,-7.17,3260.6,168.25,808.4,466.43,41.44,23.34,0.314,28.1,25.53,24.99,3274.1,169.52,809.47,465.08,40.73,23.44,0.283,24.65,NORMAL,0,0.0,-13.5,-1.2700000000000102,-1.07000000000005,1.3500000000000227,0.7100000000000009,-0.10000000000000142,0.031000000000000028,0.33999999999999986
12.0,ENG-003,MIS-0015,CLIMB,85.11,5229.1,-8.2,3196.8,168.42,792.58,452.72,41.07,22.85,0.265,27.65,25.59,24.61,3183.0,166.6,792.56,455.32,40.8,22.72,0.281,24.55,NORMAL,0,0.0,13.800000000000182,1.8199999999999932,0.020000000000095497,-2.599999999999966,0.2700000000000031,0.13000000000000256,-0.016000000000000014,0.05999999999999872
13.0,ENG-003,MIS-0015,CLIMB,82.1,5498.2,-10.13,3096.3,165.05,778.52,441.96,41.8,21.97,0.264,28.03,25.31,24.45,3098.7,163.89,776.9,446.29,40.87,22.06,0.278,24.46,NORMAL,0,0.0,-2.399999999999636,1.160000000000025,1.6200000000000045,-4.330000000000041,0.9299999999999997,-0.08999999999999986,-0.014000000000000012,-0.010000000000001563
14.0,ENG-003,MIS-0015,CLIMB,79.77,5767.2,-12.4,3031.9,163.18,765.95,436.86,41.26,21.66,0.291,27.94,25.48,24.66,3033.6,161.8,764.82,439.32,40.94,21.55,0.277,24.39,NORMAL,0,0.0,-1.699999999999818,1.3799999999999955,1.1299999999999955,-2.4599999999999795,0.3200000000000003,0.10999999999999943,0.013999999999999957,0.2699999999999996
15.0,ENG-003,MIS-0015,CRUISE,42.34,6000.0,-14.19,1972.0,128.72,571.11,322.92,42.68,13.88,0.236,27.95,25.54,23.33,1985.6,128.11,570.18,327.03,40.99,13.32,0.238,23.27,NORMAL,0,0.0,-13.599999999999909,0.6099999999999852,0.9300000000000637,-4.109999999999957,1.6899999999999977,0.5600000000000005,-0.0020000000000000018,0.05999999999999872
16.0,ENG-003,MIS-0015,CRUISE,34.16,6000.0,-13.88,1775.0,119.4,533.58,299.19,42.25,11.49,0.233,28.0,25.35,22.93,1756.5,120.75,527.64,302.49,41.03,11.52,0.23,23.02,NORMAL,0,0.0,18.5,-1.3499999999999943,5.940000000000055,-3.3000000000000114,1.2199999999999989,-0.02999999999999936,0.0030000000000000027,-0.08999999999999986
17.0,ENG-003,MIS-0015,CRUISE,41.2,6000.0,-14.25,1939.1,127.43,564.79,323.21,41.07,13.19,0.246,28.03,25.5,23.09,1953.7,127.08,564.26,323.61,41.07,13.06,0.238,23.24,NORMAL,0,0.0,-14.600000000000136,0.3500000000000085,0.5299999999999727,-0.4000000000000341,0.0,0.129999999999999,0.008000000000000007,-0.14999999999999858
18.0,ENG-003,MIS-0015,CRUISE,48.98,6000.0,-14.3,2172.6,133.38,605.97,351.44,40.84,14.77,0.29,27.92,25.54,23.57,2171.5,134.09,604.71,346.95,41.12,14.78,0.247,23.47,NORMAL,0,0.0,1.099999999999909,-0.710000000000008,1.259999999999991,4.490000000000009,-0.27999999999999403,-0.009999999999999787,0.04299999999999998,0.10000000000000142
19.0,ENG-003,MIS-0015,CRUISE,68.6,6000.0,-14.29,2692.2,151.85,712.93,410.88,40.34,19.16,0.261,27.91,25.17,24.24,2720.8,151.74,706.72,405.8,41.18,19.09,0.268,24.06,NORMAL,0,0.0,-28.600000000000364,0.10999999999998522,6.209999999999923,5.079999999999984,-0.8399999999999963,0.07000000000000028,-0.007000000000000006,0.17999999999999972
20.0,ENG-003,MIS-0015,CRUISE,84.16,6000.0,-14.16,3161.3,168.65,783.18,454.75,42.67,22.62,0.26,28.16,25.18,24.82,3156.4,165.74,787.62,452.47,41.25,22.51,0.285,24.52,NORMAL,0,0.0,4.900000000000091,2.9099999999999966,-4.440000000000055,2.2799999999999727,1.4200000000000017,0.10999999999999943,-0.024999999999999967,0.3000000000000007
21.0,ENG-003,MIS-0015,CRUISE,83.84,6000.0,-14.17,3144.1,163.65,788.15,459.4,41.27,22.1,0.303,27.89,25.57,24.62,3147.6,165.46,785.99,451.53,41.32,22.45,0.285,24.52,NORMAL,0,0.0,-3.5,-1.8100000000000023,2.159999999999968,7.8700000000000045,-0.04999999999999716,-0.34999999999999787,0.018000000000000016,0.10000000000000142
22.0,ENG-003,MIS-0015,CRUISE,84.59,6000.0,-13.52,3161.7,166.25,790.77,462.46,41.24,22.55,0.263,27.95,25.5,24.61,3168.6,166.13,789.88,453.78,41.39,22.61,0.287,24.54,NORMAL,0,0.0,-6.900000000000091,0.12000000000000455,0.8899999999999864,8.680000000000007,-0.14999999999999858,-0.05999999999999872,-0.023999999999999966,0.07000000000000028
23.0,ENG-003,MIS-0015,CRUISE,68.55,6000.0,-14.02,2747.1,151.94,705.9,404.93,41.41,19.38,0.306,27.75,25.26,24.09,2719.4,151.69,706.46,405.65,41.45,19.08,0.27,24.06,NORMAL,0,0.0,27.699999999999818,0.25,-0.5600000000000591,-0.7199999999999704,-0.04000000000000625,0.3000000000000007,0.035999999999999976,0.030000000000001137
24.0,ENG-003,MIS-0015,CRUISE,55.13,6000.0,-14.23,2361.0,138.97,640.57,367.68,40.65,16.44,0.273,28.22,25.68,23.74,2343.6,139.62,636.68,365.39,41.5,16.13,0.257,23.65,NORMAL,0,0.0,17.40000000000009,-0.6500000000000057,3.8900000000001,2.2900000000000205,-0.8500000000000014,0.3100000000000023,0.016000000000000014,0.08999999999999986
25.0,ENG-003,MIS-0015,CRUISE,37.98,6000.0,-13.69,1852.0,124.31,547.45,323.77,41.03,12.42,0.249,28.02,25.55,23.19,1863.6,124.19,547.52,313.95,41.54,12.36,0.239,23.14,NORMAL,0,0.0,-11.599999999999909,0.12000000000000455,-0.06999999999993634,9.819999999999993,-0.509999999999998,0.0600000000000005,0.010000000000000009,0.05000000000000071
26.0,ENG-003,MIS-0015,CRUISE,33.83,6000.0,-13.85,1759.6,123.43,520.99,301.77,41.72,11.44,0.245,27.98,25.36,22.97,1747.1,120.44,525.9,301.48,41.58,11.44,0.235,23.01,NORMAL,0,0.0,12.5,2.990000000000009,-4.909999999999968,0.2899999999999636,0.14000000000000057,0.0,0.010000000000000009,-0.0400000000000027
27.0,ENG-003,MIS-0015,CRUISE,40.77,6000.0,-13.82,1915.5,127.72,567.11,327.34,40.11,12.67,0.257,28.11,25.25,23.18,1941.7,126.7,562.02,322.32,41.62,12.97,0.242,23.22,NORMAL,0,0.0,-26.200000000000045,1.019999999999996,5.090000000000032,5.019999999999982,-1.509999999999998,-0.3000000000000007,0.015000000000000013,-0.03999999999999915
28.0,ENG-003,MIS-0015,CRUISE,57.8,6000.0,-14.37,2398.8,142.41,648.62,379.07,41.03,17.19,0.238,27.82,25.41,23.76,2418.3,142.02,650.54,373.39,41.68,16.72,0.26,23.73,NORMAL,0,0.0,-19.5,0.38999999999998636,-1.919999999999959,5.680000000000007,-0.6499999999999986,0.4700000000000024,-0.02200000000000002,0.030000000000001137
29.0,ENG-003,MIS-0015,CRUISE,71.96,6000.0,-14.39,2810.6,154.94,723.66,415.09,41.21,19.9,0.268,28.06,25.76,23.9,2815.0,154.77,724.21,415.89,41.74,19.83,0.275,24.16,NORMAL,0,0.0,-4.400000000000091,0.1699999999999875,-0.5500000000000682,-0.8000000000000114,-0.5300000000000011,0.07000000000000028,-0.007000000000000006,-0.26000000000000156
30.0,ENG-003,MIS-0015,CRUISE,78.42,6000.0,-13.96,2974.1,160.01,758.27,431.85,42.17,21.58,0.325,28.13,25.51,24.34,2995.9,160.58,757.81,435.27,41.8,21.25,0.282,24.35,NORMAL,0,0.0,-21.800000000000182,-0.5700000000000216,0.4600000000000364,-3.419999999999959,0.37000000000000455,0.3299999999999983,0.04300000000000004,-0.010000000000001563
31.0,ENG-003,MIS-0015,CRUISE,86.06,6000.0,-13.69,3242.6,168.6,801.66,455.65,42.38,22.58,0.249,28.02,25.36,24.38,3209.7,167.45,797.51,458.18,41.87,22.93,0.29,24.58,NORMAL,0,0.0,32.90000000000009,1.1500000000000057,4.149999999999977,-2.5300000000000296,0.5100000000000051,-0.3500000000000014,-0.04099999999999998,-0.1999999999999993
32.0,ENG-003,MIS-0015,CRUISE,73.03,6000.0,-13.28,2844.1,156.35,725.91,421.1,41.54,20.44,0.274,28.17,25.49,24.23,2844.7,155.72,729.73,419.08,41.93,20.07,0.277,24.19,NORMAL,0,0.0,-0.599999999999909,0.6299999999999955,-3.82000000000005,2.0200000000000387,-0.39000000000000057,0.370000000000001,-0.0030000000000000027,0.03999999999999915
33.0,ENG-003,MIS-0015,CRUISE,58.64,6000.0,-14.05,2464.5,143.45,658.95,369.37,41.34,16.89,0.255,27.95,25.34,23.91,2442.0,142.78,654.94,375.93,41.99,16.9,0.262,23.76,NORMAL,0,0.0,22.5,0.6699999999999875,4.009999999999991,-6.560000000000002,-0.6499999999999986,-0.00999999999999801,-0.007000000000000006,0.14999999999999858
34.0,ENG-003,MIS-0015,CRUISE,37.16,6000.0,-14.57,1834.5,124.62,546.36,311.93,42.2,12.62,0.237,28.17,25.56,23.1,1840.4,123.44,543.22,311.47,42.03,12.17,0.239,23.11,NORMAL,0,0.0,-5.900000000000091,1.1800000000000068,3.1399999999999864,0.45999999999997954,0.1700000000000017,0.4499999999999993,-0.0020000000000000018,-0.00999999999999801
35.0,ENG-003,MIS-0015,CRUISE,33.5,6000.0,-14.09,1732.2,119.09,519.51,303.51,42.31,11.66,0.26,28.27,25.43,23.24,1737.9,120.15,524.18,300.49,42.07,11.37,0.235,23.0,NORMAL,0,0.0,-5.7000000000000455,-1.0600000000000023,-4.669999999999959,3.019999999999982,0.240000000000002,0.2900000000000009,0.025000000000000022,0.23999999999999844
36.0,ENG-003,MIS-0015,CRUISE,40.86,6000.0,-14.71,1944.4,125.42,555.07,327.07,42.62,13.08,0.232,28.16,25.43,23.78,1944.1,126.77,562.47,322.58,42.11,12.99,0.242,23.23,NORMAL,0,0.0,0.3000000000001819,-1.3499999999999943,-7.399999999999977,4.490000000000009,0.509999999999998,0.08999999999999986,-0.009999999999999981,0.5500000000000007
37.0,ENG-003,MIS-0015,CRUISE,60.11,6000.0,-13.35,2494.0,143.07,656.07,368.87,43.26,16.93,0.207,28.03,25.33,24.03,2483.2,144.1,662.6,380.34,42.17,17.23,0.262,23.8,NORMAL,0,0.0,10.800000000000182,-1.0300000000000011,-6.529999999999973,-11.46999999999997,1.0899999999999963,-0.3000000000000007,-0.05500000000000002,0.23000000000000043
38.0,ENG-003,MIS-0015,CRUISE,67.16,6000.0,-13.96,2668.6,149.27,694.38,415.28,43.67,18.17,0.245,28.06,25.85,23.79,2680.4,150.44,699.21,401.47,42.22,18.77,0.269,24.01,NORMAL,0,0.0,-11.800000000000182,-1.1699999999999875,-4.830000000000041,13.809999999999945,1.4500000000000028,-0.5999999999999979,-0.02400000000000002,-0.22000000000000242
39.0,ENG-003,MIS-0015,CRUISE,81.12,6000.0,-13.63,3084.1,163.41,769.84,446.9,43.33,21.35,0.258,27.96,25.38,24.21,3071.3,163.01,771.82,443.35,42.29,21.85,0.284,24.43,NORMAL,0,0.0,12.799999999999727,0.4000000000000057,-1.9800000000000182,3.5499999999999545,1.0399999999999991,-0.5,-0.025999999999999968,-0.21999999999999886
40.0,ENG-003,MIS-0015,CRUISE,85.3,6000.0,-14.58,3206.0,167.61,788.97,449.02,42.75,22.73,0.269,28.12,25.68,24.66,3188.3,166.77,793.54,455.89,42.36,22.77,0.288,24.56,NORMAL,0,0.0,17.699999999999818,0.8400000000000034,-4.569999999999936,-6.8700000000000045,0.39000000000000057,-0.03999999999999915,-0.01899999999999996,0.10000000000000142
41.0,ENG-003,MIS-0015,CRUISE,71.99,6000.0,-14.01,2813.2,154.06,723.75,421.88,42.12,19.61,0.272,28.0,25.69,24.01,2815.6,154.79,724.32,415.96,42.42,19.84,0.273,24.16,NORMAL,0,0.0,-2.400000000000091,-0.7299999999999898,-0.57000000000005,5.920000000000016,-0.30000000000000426,-0.23000000000000043,-0.0010000000000000009,-0.14999999999999858
42.0,ENG-003,MIS-0015,LOITER,45.66,6000.0,-14.45,2086.4,132.66,589.14,332.56,42.84,14.11,0.251,28.08,25.67,23.45,2078.4,131.09,587.42,336.97,42.47,14.04,0.245,23.37,NORMAL,0,0.0,8.0,1.5699999999999932,1.7200000000000273,-4.410000000000025,0.37000000000000455,0.07000000000000028,0.006000000000000005,0.0799999999999983
43.0,ENG-003,MIS-0015,LOITER,35.45,6000.0,-13.79,1792.5,124.0,535.21,300.63,40.95,11.95,0.236,27.81,25.49,22.86,1792.7,121.91,534.35,306.36,42.51,11.8,0.234,23.06,NORMAL,0,0.0,-0.20000000000004547,2.0900000000000034,0.8600000000000136,-5.730000000000018,-1.5599999999999952,0.14999999999999858,0.001999999999999974,-0.1999999999999993
44.0,ENG-003,MIS-0015,LOITER,18.88,6000.0,-13.88,1318.2,107.69,452.6,251.74,43.09,7.95,0.223,27.94,25.36,22.55,1328.7,106.99,448.19,256.65,42.54,8.15,0.216,22.57,NORMAL,0,0.0,-10.5,0.7000000000000028,4.410000000000025,-4.909999999999968,0.5500000000000043,-0.20000000000000018,0.007000000000000006,-0.019999999999999574
45.0,ENG-003,MIS-0015,LOITER,27.35,6000.0,-14.07,1571.0,114.93,489.32,276.22,42.64,9.23,0.218,27.88,25.35,22.75,1565.7,114.61,492.2,282.04,42.57,10.02,0.224,22.82,NORMAL,0,0.0,5.2999999999999545,0.3200000000000074,-2.8799999999999955,-5.819999999999993,0.07000000000000028,-0.7899999999999991,-0.006000000000000005,-0.07000000000000028
46.0,ENG-003,MIS-0015,LOITER,29.95,6000.0,-14.39,1609.8,114.63,499.28,282.01,42.12,10.92,0.227,28.38,25.42,22.99,1638.7,116.96,505.75,289.86,42.61,10.59,0.226,22.9,NORMAL,0,0.0,-28.90000000000009,-2.3299999999999983,-6.470000000000027,-7.850000000000023,-0.490000000000002,0.33000000000000007,0.0010000000000000009,0.08999999999999986
47.0,ENG-003,MIS-0015,LOITER,52.6,6000.0,-14.66,,136.43,625.59,357.26,43.04,14.97,0.292,28.22,25.62,23.4,2272.9,137.34,623.53,357.81,42.66,15.57,0.249,23.58,NORMAL,0,0.0,,-0.9099999999999966,2.060000000000059,-0.5500000000000114,0.38000000000000256,-0.5999999999999996,0.04299999999999998,-0.17999999999999972
48.0,ENG-003,MIS-0015,LOITER,66.23,6000.0,-13.33,2654.8,149.33,689.59,392.56,41.98,18.93,0.279,27.91,25.47,24.14,2654.4,149.61,694.39,398.69,42.72,18.57,0.263,23.99,NORMAL,0,0.0,0.40000000000009095,-0.28000000000000114,-4.7999999999999545,-6.1299999999999955,-0.740000000000002,0.35999999999999943,0.016000000000000014,0.15000000000000213
49.0,ENG-003,MIS-0015,LOITER,73.71,6000.0,-13.73,2879.1,158.25,731.31,424.28,43.0,20.59,0.276,27.98,25.68,24.63,2864.0,156.34,733.31,421.14,42.78,20.22,0.27,24.21,NORMAL,0,0.0,15.099999999999909,1.9099999999999966,-2.0,3.1399999999999864,0.21999999999999886,0.370000000000001,0.006000000000000005,0.41999999999999815
50.0,ENG-003,MIS-0015,LOITER,68.7,6000.0,-13.58,2719.7,151.56,702.95,405.32,44.24,19.22,0.271,28.11,25.43,24.18,2723.7,151.83,707.26,406.11,42.84,19.11,0.264,24.06,NORMAL,0,0.0,-4.0,-0.27000000000001023,-4.309999999999945,-0.7900000000000205,1.3999999999999986,0.10999999999999943,0.007000000000000006,0.120000000000001
51.0,ENG-003,MIS-0015,DESCENT,26.64,6000.0,-14.16,1551.7,113.91,491.35,284.69,42.27,9.75,0.244,27.99,25.33,22.68,1545.8,113.97,488.51,279.91,42.87,9.86,0.219,22.8,NORMAL,0,0.0,5.900000000000091,-0.060000000000002274,2.840000000000032,4.779999999999973,-0.5999999999999943,-0.10999999999999943,0.024999999999999994,-0.120000000000001
52.0,ENG-003,MIS-0015,DESCENT,23.22,6000.0,-13.76,1451.8,110.72,470.42,266.09,43.23,9.43,0.202,27.92,25.55,22.61,1450.2,110.9,470.76,269.67,42.9,9.11,0.215,22.7,NORMAL,0,0.0,1.599999999999909,-0.18000000000000682,-0.339999999999975,-3.580000000000041,0.3299999999999983,0.3200000000000003,-0.012999999999999984,-0.08999999999999986
53.0,ENG-003,MIS-0015,DESCENT,27.44,6000.0,-14.32,1573.4,116.07,497.88,278.98,44.15,10.39,0.207,27.89,25.45,22.43,1568.2,114.69,492.67,282.31,42.94,10.04,0.218,22.82,NORMAL,0,0.0,5.2000000000000455,1.3799999999999955,5.2099999999999795,-3.329999999999984,1.2100000000000009,0.3500000000000014,-0.01100000000000001,-0.39000000000000057
54.0,ENG-003,MIS-0015,DESCENT,28.68,6000.0,-13.69,1628.6,114.37,496.13,282.07,44.3,9.91,0.213,28.02,25.74,22.77,1603.1,115.81,499.14,286.04,42.97,10.31,0.219,22.86,NORMAL,0,0.0,25.5,-1.4399999999999977,-3.009999999999991,-3.9700000000000273,1.3299999999999983,-0.40000000000000036,-0.006000000000000005,-0.08999999999999986
55.0,ENG-003,MIS-0015,DESCENT,31.97,6000.0,-13.88,1658.3,119.18,514.6,294.18,44.29,11.27,0.204,28.06,25.65,22.87,1695.3,118.78,516.26,295.92,43.01,11.03,0.221,22.96,NORMAL,0,0.0,-37.0,0.4000000000000057,-1.6599999999999682,-1.740000000000009,1.2800000000000011,0.2400000000000002,-0.017000000000000015,-0.08999999999999986
56.0,ENG-003,MIS-0015,DESCENT,33.04,6000.0,-13.75,1720.4,119.9,528.49,299.61,43.46,11.46,0.235,28.0,25.6,22.9,1725.0,119.73,521.79,299.11,43.05,11.27,0.221,22.99,NORMAL,0,0.0,-4.599999999999909,0.1700000000000017,6.7000000000000455,0.5,0.4100000000000037,0.19000000000000128,0.013999999999999985,-0.08999999999999986
57.0,ENG-003,MIS-0015,LANDING,16.87,6000.0,-13.6,1250.8,105.26,435.15,244.71,44.0,8.07,0.224,28.18,25.35,22.56,1272.3,105.18,437.72,250.61,43.08,7.71,0.203,22.51,NORMAL,0,0.0,-21.5,0.0799999999999983,-2.57000000000005,-5.900000000000006,0.9200000000000017,0.3600000000000003,0.02099999999999999,0.04999999999999716
58.0,ENG-003,MIS-0015,LANDING,18.11,6000.0,-13.83,1333.6,104.86,436.94,258.53,43.26,8.07,0.215,28.01,25.43,22.83,1307.2,106.3,444.2,254.34,43.11,7.99,0.204,22.54,NORMAL,0,0.0,26.399999999999864,-1.4399999999999977,-7.259999999999991,4.189999999999969,0.14999999999999858,0.08000000000000007,0.01100000000000001,0.28999999999999915
0.0,ENG-001,MIS-0016,TAXI,16.82,0.0,25.0,1283.4,109.62,445.52,248.15,40.91,7.54,0.187,28.07,25.45,22.42,1270.9,108.13,443.45,250.46,40.03,7.7,0.198,22.5,INJECTOR_ABNORMALITY,0,0.0,12.5,1.490000000000009,2.069999999999993,-2.3100000000000023,0.8799999999999955,-0.16000000000000014,-0.01100000000000001,-0.0799999999999983
1.0,ENG-001,MIS-0016,TAXI,14.67,0.0,26.03,1192.2,109.05,436.27,244.25,41.36,7.37,0.213,28.13,25.25,22.36,1210.7,106.82,433.52,244.01,40.06,7.23,0.196,22.44,INJECTOR_ABNORMALITY,0,0.0,-18.5,2.230000000000004,2.75,0.2400000000000091,1.2999999999999972,0.13999999999999968,0.016999999999999987,-0.08000000000000185
2.0,ENG-001,MIS-0016,TAXI,14.99,0.0,24.41,1214.0,105.18,432.92,246.29,40.15,7.28,0.204,28.22,25.45,22.35,1219.6,106.14,433.23,244.96,40.09,7.3,0.198,22.45,INJECTOR_ABNORMALITY,0,0.0,-5.599999999999909,-0.9599999999999937,-0.3100000000000023,1.329999999999984,0.05999999999999517,-0.019999999999999574,0.005999999999999978,-0.09999999999999787
3.0,ENG-001,MIS-0016,TAXI,11.07,0.0,24.97,1095.7,104.79,415.75,235.87,39.41,6.58,0.213,28.36,25.27,22.78,1110.1,102.95,413.55,233.22,40.11,6.44,0.195,22.33,INJECTOR_ABNORMALITY,0,0.0,-14.399999999999864,1.8400000000000034,2.1999999999999886,2.6500000000000057,-0.7000000000000028,0.13999999999999968,0.017999999999999988,0.45000000000000284
4.0,ENG-001,MIS-0016,TAKEOFF,96.64,2988.6,5.14,3495.2,177.88,854.35,496.01,40.89,25.29,0.277,28.12,25.62,24.65,3505.9,176.98,852.53,489.92,40.19,25.26,0.285,24.9,INJECTOR_ABNORMALITY,0,0.0,-10.700000000000273,0.9000000000000057,1.82000000000005,6.089999999999975,0.7000000000000028,0.029999999999997584,-0.007999999999999952,-0.25
5.0,ENG-001,MIS-0016,TAKEOFF,96.89,3235.7,4.71,3531.4,175.56,855.38,489.03,39.39,25.53,0.31,27.79,25.27,25.2,3513.0,177.2,853.84,490.68,40.27,25.32,0.287,24.91,INJECTOR_ABNORMALITY,0,0.0,18.40000000000009,-1.6399999999999864,1.5399999999999636,-1.650000000000034,-0.8800000000000026,0.21000000000000085,0.02300000000000002,0.28999999999999915
6.0,ENG-001,MIS-0016,TAKEOFF,93.08,3482.9,2.7,3417.2,172.21,834.53,484.68,40.72,24.82,0.276,28.25,25.31,24.57,3406.3,173.77,834.02,479.24,40.35,24.48,0.284,24.79,INJECTOR_ABNORMALITY,0,0.0,10.899999999999636,-1.5600000000000023,0.5099999999999909,5.439999999999998,0.36999999999999744,0.33999999999999986,-0.007999999999999952,-0.21999999999999886
7.0,ENG-001,MIS-0016,CLIMB,84.58,3730.0,1.07,3178.6,167.43,796.64,451.27,38.44,22.96,0.277,27.7,25.82,24.37,3168.1,166.12,789.79,453.73,40.42,22.61,0.276,24.54,INJECTOR_ABNORMALITY,0,0.0,10.5,1.3100000000000023,6.850000000000023,-2.4600000000000364,-1.980000000000004,0.3500000000000014,0.0010000000000000009,-0.16999999999999815
8.0,ENG-001,MIS-0016,CLIMB,84.27,3977.1,-1.51,3153.3,167.27,797.0,457.42,41.5,22.29,0.291,27.95,25.49,24.31,3159.5,165.84,788.19,452.8,40.49,22.54,0.276,24.53,INJECTOR_ABNORMALITY,0,0.0,-6.199999999999818,1.4300000000000068,8.809999999999945,4.6200000000000045,1.009999999999998,-0.25,0.014999999999999958,-0.22000000000000242
9.0,ENG-001,MIS-0016,CLIMB,87.11,4224.3,-2.38,3229.7,167.6,794.73,463.87,40.23,23.45,0.264,28.05,25.43,24.83,3239.2,168.4,802.99,461.34,40.56,23.16,0.28,24.61,INJECTOR_ABNORMALITY,0,0.0,-9.5,-0.8000000000000114,-8.259999999999991,2.5300000000000296,-0.3300000000000054,0.28999999999999915,-0.016000000000000014,0.21999999999999886
10.0,ENG-001,MIS-0016,CLIMB,80.62,4471.4,-3.58,3043.7,163.29,774.34,441.29,41.79,21.97,0.255,27.83,25.48,24.38,3057.4,162.56,769.22,441.86,40.63,21.74,0.274,24.42,INJECTOR_ABNORMALITY,0,0.0,-13.700000000000273,0.7299999999999898,5.1200000000000045,-0.5699999999999932,1.1599999999999966,0.23000000000000043,-0.019000000000000017,-0.0400000000000027
11.0,ENG-001,MIS-0016,CLIMB,83.76,4718.6,-4.98,3139.4,166.38,783.73,446.99,41.33,22.42,0.26,27.94,25.14,24.54,3145.2,165.38,785.54,451.27,40.7,22.43,0.278,24.51,INJECTOR_ABNORMALITY,0,0.0,-5.799999999999727,1.0,-1.8099999999999454,-4.279999999999973,0.6299999999999955,-0.00999999999999801,-0.018000000000000016,0.029999999999997584
12.0,ENG-001,MIS-0016,CLIMB,87.69,4965.7,-7.89,3258.5,168.45,810.78,461.28,40.36,23.16,0.264,27.94,25.47,24.83,3255.4,168.92,806.01,463.08,40.77,23.29,0.283,24.63,INJECTOR_ABNORMALITY,0,0.0,3.099999999999909,-0.46999999999999886,4.769999999999982,-1.8000000000000114,-0.4100000000000037,-0.129999999999999,-0.01899999999999996,0.1999999999999993
13.0,ENG-001,MIS-0016,CLIMB,88.38,5212.9,-8.94,3267.3,170.0,805.33,460.95,42.03,23.4,0.303,27.91,25.51,24.98,3274.5,169.54,809.56,465.13,40.84,23.44,0.285,24.65,INJECTOR_ABNORMALITY,0,0.0,-7.199999999999818,0.46000000000000796,-4.2299999999999045,-4.180000000000007,1.1899999999999977,-0.0400000000000027,0.018000000000000016,0.33000000000000185
14.0,ENG-001,MIS-0016,CLIMB,84.85,5460.0,-10.1,3169.2,166.28,792.66,454.96,40.06,22.75,0.291,28.02,25.51,24.38,3175.8,166.36,791.22,454.55,40.91,22.67,0.282,24.55,INJECTOR_ABNORMALITY,0,0.0,-6.600000000000364,-0.0800000000000125,1.4399999999999409,0.40999999999996817,-0.8499999999999943,0.0799999999999983,0.009000000000000008,-0.1700000000000017
15.0,ENG-001,MIS-0016,CLIMB,83.3,5707.1,-12.85,3137.8,164.91,781.11,451.13,39.02,22.09,0.298,28.11,25.52,24.94,3132.4,164.97,783.16,449.9,40.98,22.33,0.281,24.5,INJECTOR_ABNORMALITY,0,0.0,5.400000000000091,-0.060000000000002274,-2.0499999999999545,1.2300000000000182,-1.9599999999999937,-0.23999999999999844,0.01699999999999996,0.4400000000000013
16.0,ENG-001,MIS-0016,CLIMB,84.26,5954.3,-13.66,3152.8,166.66,791.57,454.06,41.26,22.72,0.307,28.18,25.4,24.62,3159.3,165.84,788.16,452.79,41.05,22.54,0.283,24.53,INJECTOR_ABNORMALITY,0,0.0,-6.5,0.8199999999999932,3.410000000000082,1.2699999999999818,0.21000000000000085,0.17999999999999972,0.02400000000000002,0.08999999999999986
17.0,ENG-001,MIS-0016,CRUISE,58.28,6000.0,-13.83,2411.5,141.05,646.32,382.69,40.65,16.98,0.271,27.77,25.66,23.76,2431.9,142.45,653.07,374.85,41.1,16.82,0.256,23.75,INJECTOR_ABNORMALITY,0,0.0,-20.40000000000009,-1.3999999999999773,-6.75,7.839999999999975,-0.45000000000000284,0.16000000000000014,0.015000000000000013,0.010000000000001563
18.0,ENG-001,MIS-0016,CRUISE,57.88,6000.0,-13.0,2438.9,140.79,657.9,372.38,41.19,16.81,0.266,28.15,25.25,23.38,2420.7,142.09,650.98,373.64,41.16,16.73,0.256,23.74,INJECTOR_ABNORMALITY,0,0.0,18.200000000000273,-1.3000000000000114,6.919999999999959,-1.259999999999991,0.030000000000001137,0.0799999999999983,0.010000000000000009,-0.35999999999999943
19.0,ENG-001,MIS-0016,CRUISE,60.97,6000.0,-13.32,2523.7,146.18,665.02,382.04,42.17,17.54,0.288,28.04,25.41,23.68,2507.1,144.87,667.04,382.91,41.21,17.41,0.26,23.83,INJECTOR_ABNORMALITY,0,0.0,16.59999999999991,1.3100000000000023,-2.019999999999982,-0.8700000000000045,0.9600000000000009,0.129999999999999,0.02799999999999997,-0.14999999999999858
20.0,ENG-001,MIS-0016,CRUISE,61.86,6000.0,-13.32,2530.6,146.34,672.96,394.14,41.1,16.99,0.265,28.17,25.68,23.33,2532.2,145.68,671.69,385.59,41.27,17.61,0.262,23.86,INJECTOR_ABNORMALITY,0,0.0,-1.599999999999909,0.6599999999999966,1.2699999999999818,8.550000000000011,-0.1700000000000017,-0.620000000000001,0.0030000000000000027,-0.5300000000000011
21.0,ENG-001,MIS-0016,CRUISE,62.88,6000.0,-13.19,2586.0,147.02,678.98,395.18,40.69,18.3,0.245,28.03,25.59,24.33,2560.5,146.59,676.95,388.63,41.32,17.83,0.263,23.89,INJECTOR_ABNORMALITY,0,0.0,25.5,0.4300000000000068,2.0299999999999727,6.550000000000011,-0.6300000000000026,0.4700000000000024,-0.018000000000000016,0.4399999999999977
22.0,ENG-001,MIS-0016,CRUISE,56.73,6000.0,-14.39,2388.0,141.52,647.42,373.6,41.31,16.92,0.263,28.22,25.4,23.66,2388.4,141.06,645.0,370.19,41.38,16.48,0.257,23.7,INJECTOR_ABNORMALITY,0,0.0,-0.40000000000009095,0.46000000000000796,2.419999999999959,3.410000000000025,-0.07000000000000028,0.4400000000000013,0.006000000000000005,-0.03999999999999915
23.0,ENG-001,MIS-0016,CRUISE,57.14,6000.0,-14.13,2400.3,141.81,648.98,370.76,41.67,16.52,0.272,28.18,25.67,23.55,2400.0,141.43,647.14,371.43,41.43,16.57,0.258,23.71,INJECTOR_ABNORMALITY,0,0.0,0.3000000000001819,0.37999999999999545,1.8400000000000318,-0.6700000000000159,0.240000000000002,-0.05000000000000071,0.014000000000000012,-0.16000000000000014
24.0,ENG-001,MIS-0016,CRUISE,56.37,6000.0,-13.53,2365.2,141.42,638.14,374.9,42.28,16.22,0.266,28.1,25.52,23.63,2378.4,140.73,643.13,369.11,41.48,16.4,0.258,23.69,INJECTOR_ABNORMALITY,0,0.0,-13.200000000000273,0.6899999999999977,-4.990000000000009,5.789999999999964,0.8000000000000043,-0.17999999999999972,0.008000000000000007,-0.060000000000002274
25.0,ENG-001,MIS-0016,CRUISE,61.19,6000.0,-13.32,2516.0,143.4,666.04,389.32,41.66,17.83,0.289,28.03,25.58,23.74,2513.4,145.07,668.2,383.58,41.54,17.46,0.263,23.84,INJECTOR_ABNORMALITY,0,0.0,2.599999999999909,-1.6699999999999875,-2.160000000000082,5.740000000000009,0.11999999999999744,0.36999999999999744,0.025999999999999968,-0.10000000000000142
26.0,ENG-001,MIS-0016,CRUISE,60.35,6000.0,-13.59,2465.8,144.78,664.59,379.74,41.13,17.1,0.28,28.07,25.7,24.09,2489.7,144.31,663.8,381.04,41.59,17.28,0.263,23.81,INJECTOR_ABNORMALITY,0,0.0,-23.899999999999636,0.46999999999999886,0.7900000000000773,-1.3000000000000114,-0.46000000000000085,-0.17999999999999972,0.017000000000000015,0.28000000000000114
27.0,ENG-001,MIS-0016,CRUISE,54.17,6000.0,-14.13,2326.7,139.5,625.52,369.63,42.05,15.87,0.235,28.03,25.34,23.85,2316.7,138.75,631.68,362.51,41.65,15.92,0.256,23.63,INJECTOR_ABNORMALITY,0,0.0,10.0,0.75,-6.159999999999968,7.1200000000000045,0.3999999999999986,-0.05000000000000071,-0.02100000000000002,0.22000000000000242
28.0,ENG-001,MIS-0016,CRUISE,56.57,6000.0,-13.6,2384.2,143.04,643.81,369.34,40.11,16.35,0.241,28.11,25.53,23.74,2384.0,140.91,644.17,369.71,41.7,16.45,0.259,23.7,INJECTOR_ABNORMALITY,0,0.0,0.1999999999998181,2.1299999999999955,-0.36000000000001364,-0.37000000000000455,-1.5900000000000034,-0.09999999999999787,-0.018000000000000016,0.03999999999999915
29.0,ENG-001,MIS-0016,CRUISE,59.72,6000.0,-14.12,2454.7,142.33,664.9,383.35,41.11,17.09,0.248,28.17,25.48,23.93,2472.2,143.75,660.55,379.16,41.75,17.14,0.263,23.91,INJECTOR_ABNORMALITY,0,0.041,-17.5,-1.4199999999999875,4.350000000000023,4.189999999999998,-0.6400000000000006,-0.05000000000000071,-0.015000000000000013,0.019999999999999574
30.0,ENG-001,MIS-0016,CRUISE,57.03,6000.0,-13.91,2394.6,144.42,652.53,376.05,41.9,16.39,,27.97,25.5,23.86,2396.9,141.33,646.57,371.1,41.81,16.55,0.26,23.57,INJECTOR_ABNORMALITY,0,0.048,-2.300000000000182,3.089999999999975,5.959999999999923,4.949999999999989,0.0899999999999963,-0.16000000000000014,,0.28999999999999915
31.0,ENG-001,MIS-0016,CRUISE,55.44,6000.0,-14.18,2349.6,141.04,641.2,363.93,43.69,16.27,0.238,28.22,25.24,23.49,2352.2,139.89,638.26,366.31,41.86,16.2,0.258,23.83,INJECTOR_ABNORMALITY,1,0.055,-2.599999999999909,1.1500000000000057,2.9400000000000546,-2.3799999999999955,1.8299999999999983,0.07000000000000028,-0.020000000000000018,-0.33999999999999986
32.0,ENG-001,MIS-0016,CRUISE,58.67,6000.0,-14.54,2445.4,143.29,648.48,376.86,41.38,16.82,0.243,27.78,25.58,23.78,2442.8,142.8,655.09,376.01,41.91,16.91,0.262,23.95,INJECTOR_ABNORMALITY,1,0.065,2.599999999999909,0.4899999999999807,-6.610000000000014,0.8500000000000227,-0.529999999999994,-0.08999999999999986,-0.019000000000000017,-0.16999999999999815
33.0,ENG-001,MIS-0016,CRUISE,60.87,6000.0,-13.9,2489.1,145.26,662.39,382.27,40.63,17.6,0.277,28.07,25.46,23.87,2504.4,144.78,666.53,382.61,41.97,17.39,0.264,23.6,INJECTOR_ABNORMALITY,1,0.075,-15.300000000000182,0.47999999999998977,-4.139999999999986,-0.34000000000003183,-1.3399999999999963,0.21000000000000085,0.013000000000000012,0.2699999999999996
34.0,ENG-001,MIS-0016,CRUISE,64.35,6000.0,-13.75,2610.3,148.42,682.8,393.76,42.26,17.6,0.272,28.03,25.57,23.97,2601.9,147.92,684.64,393.06,42.02,18.16,0.267,24.19,INJECTOR_ABNORMALITY,1,0.087,8.400000000000091,0.5,-1.8400000000000318,0.6999999999999886,0.23999999999999488,-0.5599999999999987,0.0050000000000000044,-0.22000000000000242
35.0,ENG-001,MIS-0016,CRUISE,61.59,6000.0,-13.39,2519.4,144.64,660.32,390.56,41.48,17.28,0.262,28.13,25.4,23.45,2524.6,145.43,670.29,384.78,42.08,17.55,0.264,23.54,INJECTOR_ABNORMALITY,1,0.101,-5.199999999999818,-0.7900000000000205,-9.969999999999914,5.78000000000003,-0.6000000000000014,-0.2699999999999996,-0.0020000000000000018,-0.08999999999999986
36.0,ENG-001,MIS-0016,CRUISE,58.33,6000.0,-13.97,2429.1,140.44,653.18,376.61,41.47,16.34,0.281,27.94,25.44,23.43,2433.3,142.5,653.32,374.99,42.13,16.83,0.261,23.4,INJECTOR_ABNORMALITY,1,0.117,-4.200000000000273,-2.0600000000000023,-0.14000000000010004,1.6200000000000045,-0.6600000000000037,-0.48999999999999844,0.020000000000000018,0.030000000000001137
37.0,ENG-001,MIS-0016,CRUISE,59.27,6000.0,-13.85,2453.0,142.51,663.59,378.15,42.2,15.52,0.262,27.97,25.88,24.33,2459.6,143.34,658.21,377.81,42.19,17.04,0.261,24.18,INJECTOR_ABNORMALITY,1,0.134,-6.599999999999909,-0.8300000000000125,5.3799999999999955,0.339999999999975,0.010000000000005116,-1.5199999999999996,0.0010000000000000009,0.14999999999999858
38.0,ENG-001,MIS-0016,CRUISE,60.63,6000.0,-13.82,2501.3,142.67,675.67,383.01,43.06,16.8,0.273,28.04,25.55,23.05,2497.7,144.57,665.28,381.89,42.24,17.34,0.263,23.36,INJECTOR_ABNORMALITY,1,0.153,3.600000000000364,-1.9000000000000057,10.389999999999986,1.1200000000000045,0.8200000000000003,-0.5399999999999991,0.010000000000000009,-0.3099999999999987
39.0,ENG-001,MIS-0016,CRUISE,55.12,6000.0,-14.45,2346.2,138.04,635.11,368.85,42.12,15.6,0.274,28.06,25.65,24.01,2343.2,139.6,636.6,365.35,42.29,16.13,0.256,24.18,INJECTOR_ABNORMALITY,1,0.175,3.0,-1.5600000000000023,-1.490000000000009,3.5,-0.1700000000000017,-0.5299999999999994,0.018000000000000016,-0.16999999999999815
40.0,ENG-001,MIS-0016,CRUISE,54.23,6000.0,-14.8,2333.1,139.09,643.91,355.71,41.42,13.9,0.262,27.79,25.5,23.09,2318.3,138.8,631.97,362.68,42.34,15.93,0.255,23.03,INJECTOR_ABNORMALITY,1,0.199,14.799999999999727,0.28999999999999204,11.93999999999994,-6.970000000000027,-0.9200000000000017,-2.0299999999999994,0.007000000000000006,0.05999999999999872
41.0,ENG-001,MIS-0016,CRUISE,54.07,6000.0,-13.95,2298.4,136.68,628.3,364.95,44.27,16.11,0.25,27.86,25.35,24.76,2314.1,138.67,631.19,362.22,42.39,15.9,0.255,24.3,INJECTOR_ABNORMALITY,1,0.224,-15.699999999999818,-1.9899999999999807,-2.8900000000001,2.7299999999999613,1.8800000000000026,0.20999999999999908,-0.0050000000000000044,0.46000000000000085
42.0,ENG-001,MIS-0016,CRUISE,63.91,6000.0,-13.41,2572.1,147.88,671.55,391.53,43.45,16.36,0.262,28.12,25.47,23.15,2589.4,147.52,682.32,391.72,42.45,18.06,0.264,23.16,INJECTOR_ABNORMALITY,1,0.252,-17.300000000000182,0.3599999999999852,-10.770000000000095,-0.19000000000005457,1.0,-1.6999999999999993,-0.0020000000000000018,-0.010000000000001563
43.0,ENG-001,MIS-0016,CRUISE,60.71,6000.0,-14.76,2490.2,147.15,660.06,378.6,43.02,16.48,0.278,28.06,25.28,24.59,2500.0,144.64,665.71,382.14,42.5,17.36,0.26,24.66,INJECTOR_ABNORMALITY,1,0.281,-9.800000000000182,2.5100000000000193,-5.650000000000091,-3.5399999999999636,0.5200000000000031,-0.879999999999999,0.018000000000000016,-0.07000000000000028
44.0,ENG-001,MIS-0016,CRUISE,59.57,6000.0,-14.39,2472.9,144.26,655.1,373.46,42.63,15.89,0.259,28.04,25.35,24.53,2468.1,143.62,659.79,378.72,42.56,17.11,0.259,24.72,INJECTOR_ABNORMALITY,1,0.312,4.800000000000182,0.6399999999999864,-4.689999999999941,-5.260000000000048,0.07000000000000028,-1.2199999999999989,0.0,-0.18999999999999773
45.0,ENG-001,MIS-0016,CRUISE,54.75,6000.0,-14.17,2311.7,139.97,628.12,366.92,40.96,16.0,0.241,28.16,25.47,24.73,2332.9,139.27,634.69,364.24,42.61,16.04,0.253,24.67,INJECTOR_ABNORMALITY,1,0.344,-21.200000000000273,0.6999999999999886,-6.57000000000005,2.680000000000007,-1.6499999999999986,-0.03999999999999915,-0.01200000000000001,0.05999999999999872
46.0,ENG-001,MIS-0016,LOITER,43.83,6000.0,-12.98,2027.6,130.25,589.68,331.68,43.01,13.56,0.257,27.93,25.47,21.83,2027.1,129.44,577.9,331.48,42.65,13.64,0.241,22.19,INJECTOR_ABNORMALITY,1,0.376,0.5,0.8100000000000023,11.779999999999973,0.19999999999998863,0.35999999999999943,-0.08000000000000007,0.016000000000000014,-0.360000000000003
47.0,ENG-001,MIS-0016,LOITER,40.67,6000.0,-14.52,1906.6,125.12,552.87,326.11,42.79,12.14,0.229,28.16,25.76,24.73,1938.7,126.6,561.47,322.0,42.7,12.95,0.237,24.45,INJECTOR_ABNORMALITY,1,0.409,-32.100000000000136,-1.4799999999999898,-8.600000000000023,4.110000000000014,0.0899999999999963,-0.8099999999999987,-0.00799999999999998,0.28000000000000114
48.0,ENG-001,MIS-0016,LOITER,44.62,6000.0,-14.38,2032.9,130.07,582.71,336.57,44.15,15.78,0.237,28.08,25.35,22.11,2049.4,130.16,582.03,333.86,42.74,13.82,0.24,22.01,INJECTOR_ABNORMALITY,1,0.442,-16.5,-0.09000000000000341,0.6800000000000637,2.7099999999999795,1.4099999999999966,1.959999999999999,-0.0030000000000000027,0.09999999999999787
49.0,ENG-001,MIS-0016,LOITER,42.79,6000.0,-13.81,1999.8,128.53,592.64,326.47,42.64,13.06,0.239,27.82,25.24,21.83,1998.2,128.51,572.51,328.37,42.78,13.41,0.238,21.86,INJECTOR_ABNORMALITY,1,0.474,1.599999999999909,0.020000000000010232,20.129999999999995,-1.8999999999999773,-0.14000000000000057,-0.34999999999999964,0.0010000000000000009,-0.030000000000001137
50.0,ENG-001,MIS-0016,LOITER,46.82,6000.0,-14.86,2094.6,134.48,606.74,337.88,43.88,14.11,0.259,28.04,25.67,24.96,2111.0,132.14,593.47,340.46,42.83,14.3,0.241,24.92,INJECTOR_ABNORMALITY,1,0.505,-16.40000000000009,2.3400000000000034,13.269999999999982,-2.579999999999984,1.0500000000000043,-0.19000000000000128,0.018000000000000016,0.03999999999999915
51.0,ENG-001,MIS-0016,LOITER,47.45,6000.0,-13.62,2129.1,133.61,611.23,346.76,42.87,12.13,0.257,27.62,25.31,25.26,2128.6,132.7,596.73,342.35,42.88,14.44,0.241,25.03,INJECTOR_ABNORMALITY,1,0.535,0.5,0.910000000000025,14.5,4.409999999999968,-0.010000000000005116,-2.3099999999999987,0.016000000000000014,0.23000000000000043
52.0,ENG-001,MIS-0016,LOITER,44.54,6000.0,-15.08,2033.1,129.04,561.74,336.27,40.99,13.96,0.201,27.99,25.43,24.94,2047.1,130.09,581.61,333.62,42.92,13.8,0.237,25.02,INJECTOR_ABNORMALITY,1,0.563,-14.0,-1.0500000000000114,-19.870000000000005,2.6499999999999773,-1.9299999999999997,0.16000000000000014,-0.035999999999999976,-0.0799999999999983
53.0,ENG-001,MIS-0016,LOITER,45.74,6000.0,-14.2,2083.9,132.64,575.7,341.96,42.24,11.6,0.245,27.79,25.71,25.27,2080.6,131.16,587.83,337.21,42.97,14.06,0.237,25.14,INJECTOR_ABNORMALITY,1,0.589,3.300000000000182,1.4799999999999898,-12.129999999999995,4.75,-0.7299999999999969,-2.460000000000001,0.008000000000000007,0.129999999999999
54.0,ENG-001,MIS-0016,LOITER,49.63,6000.0,-13.67,2204.5,135.82,626.26,351.9,43.38,13.04,0.221,27.99,25.49,25.08,2189.5,134.66,608.05,348.88,43.02,14.92,0.241,25.33,INJECTOR_ABNORMALITY,1,0.613,15.0,1.1599999999999966,18.210000000000036,3.019999999999982,0.35999999999999943,-1.8800000000000008,-0.01999999999999999,-0.25
55.0,ENG-001,MIS-0016,LOITER,40.0,6000.0,-14.75,1898.0,125.78,567.2,320.26,43.27,14.11,0.246,27.91,25.58,25.0,1920.0,126.0,557.99,319.99,43.06,12.8,0.23,25.11,INJECTOR_ABNORMALITY,1,0.635,-22.0,-0.21999999999999886,9.210000000000036,0.2699999999999818,0.21000000000000085,1.3099999999999987,0.015999999999999986,-0.10999999999999943
56.0,ENG-001,MIS-0016,DESCENT,26.89,6000.0,-14.58,1543.7,113.17,502.23,273.7,43.92,7.82,0.229,28.04,25.46,20.72,1553.0,114.2,489.84,280.68,43.09,9.92,0.215,20.84,INJECTOR_ABNORMALITY,1,0.655,-9.299999999999955,-1.0300000000000011,12.390000000000043,-6.980000000000018,0.8299999999999983,-2.0999999999999996,0.014000000000000012,-0.120000000000001
57.0,ENG-001,MIS-0016,DESCENT,34.69,6000.0,-13.73,1784.1,124.41,547.32,311.38,43.32,11.97,0.234,28.15,25.34,20.84,1771.4,121.22,530.41,304.08,43.13,11.63,0.222,21.02,INJECTOR_ABNORMALITY,1,0.673,12.699999999999818,3.1899999999999977,16.910000000000082,7.300000000000011,0.18999999999999773,0.33999999999999986,0.01200000000000001,-0.17999999999999972
58.0,ENG-001,MIS-0016,DESCENT,27.94,6000.0,-14.52,1571.0,115.71,514.74,285.15,44.18,9.03,0.228,27.84,25.6,20.76,1582.2,115.14,495.26,283.81,43.17,10.15,0.214,20.77,INJECTOR_ABNORMALITY,1,0.689,-11.200000000000045,0.5699999999999932,19.480000000000018,1.339999999999975,1.009999999999998,-1.120000000000001,0.014000000000000012,-0.00999999999999801
59.0,ENG-001,MIS-0016,DESCENT,31.85,6000.0,-14.97,1702.5,118.08,498.64,302.38,42.75,9.6,0.225,28.02,25.54,21.14,1691.9,118.67,515.64,295.56,43.2,11.01,0.217,20.85,INJECTOR_ABNORMALITY,1,0.703,10.599999999999909,-0.5900000000000034,-17.0,6.819999999999993,-0.45000000000000284,-1.4100000000000001,0.008000000000000007,0.28999999999999915
60.0,ENG-001,MIS-0016,DESCENT,29.51,6000.0,-14.51,1605.7,117.84,473.56,285.12,42.76,10.22,0.208,27.91,25.57,25.05,1626.3,116.56,503.45,288.53,43.24,10.49,0.214,25.03,INJECTOR_ABNORMALITY,1,0.716,-20.59999999999991,1.2800000000000011,-29.889999999999986,-3.409999999999968,-0.480000000000004,-0.2699999999999996,-0.006000000000000005,0.019999999999999574
61.0,ENG-001,MIS-0016,DESCENT,30.49,6000.0,-14.29,1667.8,117.85,492.24,292.72,43.63,8.02,0.223,28.01,25.69,25.3,1653.7,117.44,508.54,291.46,43.28,10.71,0.214,25.09,INJECTOR_ABNORMALITY,1,0.727,14.099999999999909,0.4099999999999966,-16.30000000000001,1.2600000000000477,0.3500000000000014,-2.6900000000000013,0.009000000000000008,0.21000000000000085
62.0,ENG-001,MIS-0016,LANDING,14.67,6000.0,-13.87,1198.7,103.81,451.9,250.12,42.62,5.31,0.193,28.04,25.51,24.53,1210.8,103.2,426.29,244.01,43.3,7.23,0.196,24.65,INJECTOR_ABNORMALITY,1,0.736,-12.099999999999909,0.6099999999999994,25.609999999999957,6.110000000000014,-0.6799999999999997,-1.9200000000000008,-0.0030000000000000027,-0.11999999999999744
63.0,ENG-001,MIS-0016,LANDING,18.74,6000.0,-13.72,1300.7,108.66,470.01,262.08,43.48,5.36,0.264,27.89,25.77,24.58,1324.7,106.87,447.45,256.22,43.33,8.12,0.2,24.8,INJECTOR_ABNORMALITY,1,0.744,-24.0,1.789999999999992,22.560000000000002,5.859999999999957,0.14999999999999858,-2.759999999999999,0.064,-0.22000000000000242
0.0,ENG-002,MIS-0017,TAXI,5.07,0.0,25.62,950.6,97.33,381.81,217.79,39.74,5.25,0.187,28.07,25.54,21.91,941.9,97.93,383.1,215.2,40.02,5.11,0.185,22.15,LUBRICATION_ISSUE,0,0.0,8.700000000000045,-0.6000000000000085,-1.2900000000000205,2.5900000000000034,-0.28000000000000114,0.13999999999999968,0.0020000000000000018,-0.23999999999999844
1.0,ENG-002,MIS-0017,TAXI,11.13,0.0,25.04,1095.9,104.54,413.09,229.02,38.97,6.06,0.19,28.1,25.57,22.39,1111.6,103.04,413.93,233.39,40.05,6.45,0.193,22.33,LUBRICATION_ISSUE,0,0.0,-15.699999999999818,1.5,-0.8400000000000318,-4.369999999999976,-1.0799999999999983,-0.39000000000000057,-0.0030000000000000027,0.060000000000002274
2.0,ENG-002,MIS-0017,TAXI,14.71,0.0,24.62,1205.4,107.2,426.56,239.04,40.22,7.16,0.166,27.86,25.67,22.7,1211.8,106.01,432.02,244.12,40.08,7.24,0.197,22.44,LUBRICATION_ISSUE,0,0.0,-6.399999999999864,1.1899999999999977,-5.4599999999999795,-5.0800000000000125,0.14000000000000057,-0.08000000000000007,-0.031,0.259999999999998
3.0,ENG-002,MIS-0017,TAKEOFF,93.3,2850.2,7.41,3399.0,175.7,835.58,483.87,39.69,24.15,0.318,28.02,25.65,25.01,3412.4,173.97,835.17,479.9,40.15,24.53,0.281,24.8,LUBRICATION_ISSUE,0,0.0,-13.400000000000091,1.7299999999999898,0.41000000000008185,3.9700000000000273,-0.46000000000000085,-0.38000000000000256,0.03699999999999998,0.21000000000000085
4.0,ENG-002,MIS-0017,TAKEOFF,93.93,3133.5,4.42,3437.0,173.19,846.11,480.89,40.36,25.34,0.243,28.16,25.16,24.76,3430.1,174.54,838.45,481.8,40.23,24.67,0.283,24.82,LUBRICATION_ISSUE,0,0.0,6.900000000000091,-1.3499999999999943,7.659999999999968,-0.910000000000025,0.13000000000000256,0.6699999999999982,-0.03999999999999998,-0.05999999999999872
5.0,ENG-002,MIS-0017,TAKEOFF,95.2,3416.9,2.64,3453.7,174.98,846.26,485.57,40.23,24.91,0.262,27.93,25.43,25.21,3465.6,175.68,845.04,485.6,40.31,24.94,0.285,24.86,LUBRICATION_ISSUE,0,0.0,-11.900000000000091,-0.700000000000017,1.2200000000000273,-0.03000000000002956,-0.0800000000000054,-0.030000000000001137,-0.022999999999999965,0.3500000000000014
6.0,ENG-002,MIS-0017,CLIMB,91.11,3700.3,1.03,3351.4,172.8,828.28,468.47,40.16,24.0,0.285,27.79,25.6,24.42,3351.2,172.0,823.79,473.34,40.38,24.04,0.282,24.73,LUBRICATION_ISSUE,0,0.0,0.20000000000027285,0.8000000000000114,4.490000000000009,-4.869999999999948,-0.22000000000000597,-0.03999999999999915,0.0030000000000000027,-0.3099999999999987
7.0,ENG-002,MIS-0017,CLIMB,81.26,3983.7,-0.39,3091.8,163.13,770.45,444.19,39.63,22.1,0.266,28.12,25.51,24.65,3075.2,163.13,772.54,443.77,40.45,21.88,0.272,24.44,LUBRICATION_ISSUE,0,0.0,16.600000000000364,0.0,-2.089999999999918,0.4200000000000159,-0.8200000000000003,0.22000000000000242,-0.006000000000000005,0.2099999999999973
8.0,ENG-002,MIS-0017,CLIMB,84.4,4267.1,-2.92,3174.7,165.91,787.59,457.5,40.47,22.79,0.285,28.03,25.29,24.52,3163.1,165.96,788.87,453.19,40.52,22.57,0.276,24.53,LUBRICATION_ISSUE,0,0.0,11.599999999999909,-0.05000000000001137,-1.2799999999999727,4.310000000000002,-0.05000000000000426,0.21999999999999886,0.008999999999999952,-0.010000000000001563
9.0,ENG-002,MIS-0017,CLIMB,84.81,4550.5,-4.33,3194.0,164.68,789.49,453.01,40.27,22.68,0.317,28.03,25.53,24.36,3174.7,166.33,791.01,454.43,40.59,22.66,0.278,24.54,LUBRICATION_ISSUE,0,0.0,19.300000000000182,-1.6500000000000057,-1.5199999999999818,-1.420000000000016,-0.3200000000000003,0.019999999999999574,0.03899999999999998,-0.17999999999999972
10.0,ENG-002,MIS-0017,CLIMB,84.22,4833.9,-7.17,3166.2,166.84,783.67,446.75,39.42,23.01,0.226,28.0,25.51,24.7,3158.1,165.8,787.93,452.65,40.66,22.53,0.278,24.53,LUBRICATION_ISSUE,0,0.0,8.099999999999909,1.039999999999992,-4.259999999999991,-5.899999999999977,-1.2399999999999949,0.4800000000000004,-0.05200000000000002,0.16999999999999815
11.0,ENG-002,MIS-0017,CLIMB,82.69,5117.3,-7.9,3116.9,164.9,777.36,443.38,42.21,22.04,0.276,28.22,25.29,24.56,3115.4,164.42,780.0,448.08,40.73,22.19,0.277,24.48,LUBRICATION_ISSUE,0,0.0,1.5,0.4800000000000182,-2.6399999999999864,-4.699999999999989,1.480000000000004,-0.15000000000000213,-0.0010000000000000009,0.0799999999999983
12.0,ENG-002,MIS-0017,CLIMB,83.58,5400.6,-11.02,3123.0,165.93,784.1,450.74,41.46,22.16,0.285,28.14,25.44,24.74,3140.3,165.22,784.62,450.74,40.8,22.39,0.279,24.51,LUBRICATION_ISSUE,0,0.0,-17.300000000000182,0.710000000000008,-0.5199999999999818,0.0,0.6600000000000037,-0.23000000000000043,0.00599999999999995,0.22999999999999687
13.0,ENG-002,MIS-0017,CLIMB,80.07,5684.0,-11.71,3043.9,160.68,768.92,442.39,41.0,21.69,0.307,27.91,25.49,24.43,3041.8,162.06,766.34,440.2,40.87,21.61,0.276,24.4,LUBRICATION_ISSUE,0,0.0,2.099999999999909,-1.3799999999999955,2.5799999999999272,2.1899999999999977,0.13000000000000256,0.08000000000000185,0.030999999999999972,0.030000000000001137
14.0,ENG-002,MIS-0017,CLIMB,81.66,5967.4,-14.42,3091.7,165.15,775.61,441.5,42.15,21.92,0.287,28.01,25.6,24.52,3086.5,163.49,774.63,444.98,40.93,21.97,0.279,24.45,LUBRICATION_ISSUE,0,0.0,5.199999999999818,1.6599999999999966,0.9800000000000182,-3.480000000000018,1.2199999999999989,-0.04999999999999716,0.007999999999999952,0.07000000000000028
15.0,ENG-002,MIS-0017,CRUISE,45.41,6000.0,-14.41,2040.2,131.51,581.74,332.17,41.4,13.87,0.276,28.17,25.42,23.34,2071.6,130.87,586.15,336.24,40.98,13.99,0.241,23.36,LUBRICATION_ISSUE,0,0.038,-31.399999999999864,0.6399999999999864,-4.409999999999968,-4.069999999999993,0.4200000000000017,-0.120000000000001,0.03500000000000003,-0.019999999999999574
16.0,ENG-002,MIS-0017,CRUISE,35.51,6000.0,-14.42,1805.7,122.75,538.54,305.95,41.35,11.75,0.243,27.99,25.79,23.18,1794.2,121.96,534.63,306.52,41.02,11.81,0.232,23.07,LUBRICATION_ISSUE,0,0.043,11.5,0.7900000000000063,3.909999999999968,-0.5699999999999932,0.3299999999999983,-0.0600000000000005,0.010999999999999982,0.10999999999999943
17.0,ENG-002,MIS-0017,CRUISE,49.25,6000.0,-14.65,2163.2,135.15,605.17,336.91,42.78,15.05,0.253,27.76,25.39,23.71,2179.0,134.32,606.1,347.75,41.07,14.83,0.247,23.48,LUBRICATION_ISSUE,0,0.049,-15.800000000000182,0.8300000000000125,-0.9300000000000637,-10.839999999999975,1.7100000000000009,0.22000000000000064,0.006000000000000005,0.23000000000000043
18.0,ENG-002,MIS-0017,CRUISE,64.92,6000.0,-13.25,2618.5,149.32,693.56,386.96,43.16,18.42,0.268,27.92,25.2,23.92,2617.8,148.43,687.59,394.76,41.13,18.28,0.264,23.95,LUBRICATION_ISSUE,1,0.056,0.6999999999998181,0.8899999999999864,5.969999999999914,-7.800000000000011,2.029999999999994,0.14000000000000057,0.0040000000000000036,-0.029999999999997584
19.0,ENG-002,MIS-0017,CRUISE,81.96,6000.0,-14.64,3091.5,164.03,772.2,446.24,42.39,21.82,0.26,28.06,25.62,24.23,3094.9,163.77,776.2,445.89,41.2,22.03,0.282,24.46,LUBRICATION_ISSUE,1,0.064,-3.400000000000091,0.2599999999999909,-4.0,0.35000000000002274,1.1899999999999977,-0.21000000000000085,-0.021999999999999964,-0.23000000000000043
20.0,ENG-002,MIS-0017,CRUISE,91.55,6000.0,-14.69,3336.7,173.73,829.21,470.46,42.96,24.57,0.347,28.04,25.6,24.52,3363.3,172.39,826.05,474.64,41.27,24.14,0.293,24.75,LUBRICATION_ISSUE,1,0.073,-26.600000000000364,1.3400000000000034,3.160000000000082,-4.180000000000007,1.6899999999999977,0.4299999999999997,0.05399999999999999,-0.23000000000000043
21.0,ENG-002,MIS-0017,CRUISE,75.69,6000.0,-13.91,2909.1,159.23,744.89,423.72,42.43,20.95,0.264,28.08,25.84,24.25,2919.3,158.12,743.58,427.07,41.33,20.65,0.277,24.27,LUBRICATION_ISSUE,1,0.083,-10.200000000000273,1.1099999999999852,1.3099999999999454,-3.349999999999966,1.1000000000000014,0.3000000000000007,-0.013000000000000012,-0.019999999999999574
22.0,ENG-002,MIS-0017,CRUISE,62.2,6000.0,-13.72,2535.2,145.93,673.88,378.65,43.27,17.64,0.242,28.17,25.39,23.83,2541.7,145.98,673.46,386.61,41.39,17.68,0.263,23.87,LUBRICATION_ISSUE,1,0.094,-6.5,-0.04999999999998295,0.4199999999999591,-7.960000000000036,1.8800000000000026,-0.03999999999999915,-0.02100000000000002,-0.0400000000000027
23.0,ENG-002,MIS-0017,CRUISE,45.49,6000.0,-14.02,2092.6,129.73,586.11,318.88,42.75,13.77,0.236,28.04,25.44,23.78,2073.9,130.95,586.57,336.48,41.44,14.01,0.246,23.36,LUBRICATION_ISSUE,1,0.107,18.699999999999818,-1.2199999999999989,-0.4600000000000364,-17.600000000000023,1.3100000000000023,-0.2400000000000002,-0.010000000000000009,0.4200000000000017
24.0,ENG-002,MIS-0017,CRUISE,34.84,6000.0,-14.02,1757.2,119.88,534.97,291.44,43.63,12.04,0.274,28.13,25.23,22.98,1775.6,121.36,531.17,304.52,41.48,11.67,0.235,23.05,LUBRICATION_ISSUE,1,0.121,-18.399999999999864,-1.480000000000004,3.800000000000068,-13.079999999999984,2.1500000000000057,0.3699999999999992,0.039000000000000035,-0.07000000000000028
25.0,ENG-002,MIS-0017,CRUISE,36.75,6000.0,-13.77,1828.3,122.12,540.35,300.45,44.6,12.43,0.252,27.98,25.71,23.27,1828.9,123.07,541.09,310.24,41.52,12.08,0.238,23.1,LUBRICATION_ISSUE,1,0.136,-0.6000000000001364,-0.9499999999999886,-0.7400000000000091,-9.79000000000002,3.0799999999999983,0.34999999999999964,0.014000000000000012,0.16999999999999815
26.0,ENG-002,MIS-0017,CRUISE,49.03,6000.0,-13.13,2181.8,135.0,607.65,334.9,44.95,14.99,0.232,27.67,25.4,23.35,2172.9,134.13,604.97,347.1,41.57,14.79,0.251,23.47,LUBRICATION_ISSUE,1,0.153,8.900000000000091,0.8700000000000045,2.67999999999995,-12.200000000000045,3.3800000000000026,0.20000000000000107,-0.01899999999999999,-0.11999999999999744
27.0,ENG-002,MIS-0017,CRUISE,67.48,6000.0,-13.81,2681.1,149.2,698.91,380.08,43.63,18.77,0.278,28.03,25.42,23.88,2689.5,150.74,700.92,402.45,41.63,18.85,0.27,24.02,LUBRICATION_ISSUE,1,0.171,-8.400000000000091,-1.5400000000000205,-2.009999999999991,-22.370000000000005,2.0,-0.08000000000000185,0.008000000000000007,-0.14000000000000057
28.0,ENG-002,MIS-0017,CRUISE,79.69,6000.0,-14.03,3052.7,161.7,766.46,418.79,46.04,21.74,0.268,28.16,25.45,24.37,3031.4,161.72,764.41,439.08,41.69,21.53,0.283,24.39,LUBRICATION_ISSUE,1,0.19,21.299999999999727,-0.020000000000010232,2.050000000000068,-20.289999999999964,4.350000000000001,0.2099999999999973,-0.014999999999999958,-0.019999999999999574
29.0,ENG-002,MIS-0017,CRUISE,82.74,6000.0,-14.67,3119.5,164.74,782.17,432.55,46.66,22.35,0.251,28.12,25.77,24.48,3116.7,164.47,780.25,448.22,41.76,22.2,0.287,24.48,LUBRICATION_ISSUE,1,0.212,2.800000000000182,0.27000000000001023,1.919999999999959,-15.670000000000016,4.899999999999999,0.15000000000000213,-0.035999999999999976,0.0
30.0,ENG-002,MIS-0017,CRUISE,74.12,6000.0,-14.3,2909.4,157.96,740.98,406.83,47.14,20.72,0.315,27.8,25.41,24.06,2875.5,156.71,735.44,422.37,41.82,20.31,0.278,24.22,LUBRICATION_ISSUE,1,0.234,33.90000000000009,1.25,5.539999999999964,-15.54000000000002,5.32,0.41000000000000014,0.03699999999999998,-0.16000000000000014
31.0,ENG-002,MIS-0017,CRUISE,63.28,6000.0,-14.05,2563.8,146.93,682.85,365.41,45.78,17.71,0.256,27.72,25.64,24.06,2571.7,146.95,679.03,389.83,41.88,17.92,0.266,23.9,LUBRICATION_ISSUE,1,0.258,-7.899999999999636,-0.01999999999998181,3.82000000000005,-24.41999999999996,3.8999999999999986,-0.21000000000000085,-0.010000000000000009,0.16000000000000014
32.0,ENG-002,MIS-0017,CRUISE,40.56,6000.0,-14.27,1953.6,126.82,560.81,301.07,48.24,12.68,0.222,28.05,25.5,22.77,1935.8,126.51,560.94,321.69,41.92,12.92,0.243,23.22,LUBRICATION_ISSUE,1,0.283,17.799999999999955,0.30999999999998806,-0.13000000000010914,-20.620000000000005,6.32,-0.2400000000000002,-0.02099999999999999,-0.4499999999999993
33.0,ENG-002,MIS-0017,CRUISE,35.61,6000.0,-13.63,1815.4,120.7,541.38,277.05,48.8,11.9,0.233,27.88,25.46,22.89,1797.2,122.05,535.19,306.84,41.96,11.83,0.237,23.07,LUBRICATION_ISSUE,1,0.308,18.200000000000045,-1.3499999999999943,6.189999999999941,-29.789999999999964,6.839999999999996,0.07000000000000028,-0.003999999999999976,-0.17999999999999972
34.0,ENG-002,MIS-0017,CRUISE,44.29,6000.0,-14.72,2015.2,128.3,587.86,300.66,48.38,13.45,0.256,27.92,25.51,23.29,2040.0,129.86,580.29,332.86,42.01,13.74,0.246,23.33,LUBRICATION_ISSUE,1,0.335,-24.799999999999955,-1.5600000000000023,7.57000000000005,-32.19999999999999,6.3700000000000045,-0.2900000000000009,0.010000000000000009,-0.03999999999999915
35.0,ENG-002,MIS-0017,CRUISE,52.85,6000.0,-13.85,2274.6,139.94,626.55,327.93,49.22,15.57,0.302,27.98,25.44,23.6,2279.8,137.57,624.83,358.55,42.06,15.63,0.255,23.59,LUBRICATION_ISSUE,1,0.362,-5.200000000000273,2.3700000000000045,1.7199999999999136,-30.620000000000005,7.159999999999997,-0.0600000000000005,0.046999999999999986,0.010000000000001563
36.0,ENG-002,MIS-0017,CRUISE,69.49,6000.0,-13.94,2743.1,153.06,711.74,378.61,49.6,19.17,0.281,27.86,25.48,24.16,2745.6,152.54,711.33,408.46,42.12,19.29,0.272,24.08,LUBRICATION_ISSUE,1,0.389,-2.5,0.5200000000000102,0.40999999999996817,-29.849999999999966,7.480000000000004,-0.11999999999999744,0.009000000000000008,0.08000000000000185
37.0,ENG-002,MIS-0017,CRUISE,76.42,6000.0,-14.29,2956.8,157.78,748.95,393.6,50.03,20.33,0.298,27.81,25.75,24.35,2939.8,158.78,747.38,429.26,42.18,20.81,0.279,24.29,LUBRICATION_ISSUE,1,0.415,17.0,-1.0,1.57000000000005,-35.65999999999997,7.850000000000001,-0.4800000000000004,0.01899999999999996,0.060000000000002274
38.0,ENG-002,MIS-0017,CRUISE,85.65,6000.0,-13.6,3193.5,163.96,800.61,429.41,50.74,22.68,0.268,27.86,25.55,24.94,3198.2,167.08,795.38,456.95,42.25,22.84,0.289,24.57,LUBRICATION_ISSUE,1,0.442,-4.699999999999818,-3.1200000000000045,5.230000000000018,-27.539999999999964,8.490000000000002,-0.16000000000000014,-0.020999999999999963,0.370000000000001
39.0,ENG-002,MIS-0017,CRUISE,76.02,6000.0,-14.42,2947.7,156.47,750.58,383.79,53.21,20.66,0.28,27.93,25.56,24.32,2928.5,158.42,745.29,428.05,42.31,20.72,0.278,24.28,LUBRICATION_ISSUE,1,0.468,19.199999999999818,-1.9499999999999886,5.290000000000077,-44.25999999999999,10.899999999999999,-0.05999999999999872,0.0020000000000000018,0.03999999999999915
40.0,ENG-002,MIS-0017,LOITER,38.05,6000.0,-14.21,1851.8,122.14,547.89,266.54,52.92,12.41,0.25,28.07,25.76,23.37,1865.5,124.25,547.88,314.16,42.36,12.37,0.238,23.14,LUBRICATION_ISSUE,1,0.493,-13.700000000000045,-2.1099999999999994,0.009999999999990905,-47.620000000000005,10.560000000000002,0.040000000000000924,0.01200000000000001,0.23000000000000043
41.0,ENG-002,MIS-0017,LOITER,27.99,6000.0,-14.26,1604.4,116.32,487.14,233.58,52.63,9.97,0.247,27.82,25.36,22.78,1583.7,115.19,495.55,283.97,42.39,10.16,0.227,22.84,LUBRICATION_ISSUE,1,0.517,20.700000000000045,1.1299999999999955,-8.410000000000025,-50.390000000000015,10.240000000000002,-0.1899999999999995,0.01999999999999999,-0.05999999999999872
42.0,ENG-002,MIS-0017,LOITER,18.87,6000.0,-14.86,1330.3,105.78,436.99,208.47,54.0,7.6,0.245,27.99,25.5,22.52,1328.5,106.99,448.15,256.62,42.42,8.15,0.217,22.57,LUBRICATION_ISSUE,1,0.539,1.7999999999999545,-1.2099999999999937,-11.159999999999968,-48.150000000000006,11.579999999999998,-0.5500000000000007,0.027999999999999997,-0.05000000000000071
43.0,ENG-002,MIS-0017,LOITER,22.8,6000.0,-13.72,1428.1,110.36,470.68,218.46,54.67,8.53,0.229,28.04,25.61,22.73,1438.4,110.52,468.56,268.4,42.45,9.02,0.221,22.68,LUBRICATION_ISSUE,1,0.56,-10.300000000000182,-0.1599999999999966,2.1200000000000045,-49.93999999999997,12.219999999999999,-0.4900000000000002,0.008000000000000007,0.05000000000000071
44.0,ENG-002,MIS-0017,LOITER,38.92,6000.0,-14.08,1892.9,125.24,552.63,264.77,54.35,13.08,0.284,27.83,25.51,22.94,1889.7,125.02,552.36,316.75,42.5,12.56,0.237,23.17,LUBRICATION_ISSUE,1,0.58,3.2000000000000455,0.21999999999999886,0.2699999999999818,-51.98000000000002,11.850000000000001,0.5199999999999996,0.046999999999999986,-0.23000000000000043
45.0,ENG-002,MIS-0017,LOITER,62.39,6000.0,-14.87,2541.0,145.31,677.36,335.64,52.89,16.98,0.246,27.92,25.49,23.84,2547.0,146.15,674.44,387.17,42.55,17.73,0.261,23.87,LUBRICATION_ISSUE,1,0.599,-6.0,-0.8400000000000034,2.919999999999959,-51.53000000000003,10.340000000000003,-0.75,-0.015000000000000013,-0.030000000000001137
46.0,ENG-002,MIS-0017,LOITER,68.53,6000.0,-12.85,2693.7,150.81,709.08,349.2,54.3,18.94,0.232,27.97,25.49,24.46,2718.8,151.68,706.35,405.58,42.61,19.08,0.267,24.06,LUBRICATION_ISSUE,1,0.615,-25.100000000000364,-0.8700000000000045,2.730000000000018,-56.379999999999995,11.689999999999998,-0.13999999999999702,-0.035,0.40000000000000213
47.0,ENG-002,MIS-0017,LOITER,68.44,6000.0,-13.97,2718.0,153.23,704.19,350.54,54.73,19.11,0.258,27.81,25.31,23.75,2716.4,151.6,705.9,405.33,42.67,19.06,0.266,24.05,LUBRICATION_ISSUE,1,0.631,1.599999999999909,1.6299999999999955,-1.7099999999999227,-54.789999999999964,12.059999999999995,0.05000000000000071,-0.008000000000000007,-0.3000000000000007
48.0,ENG-002,MIS-0017,DESCENT,31.71,6000.0,-13.49,1700.5,119.84,517.1,235.49,56.45,11.1,0.211,27.74,25.57,23.31,1687.8,118.54,514.88,295.12,42.71,10.98,0.227,22.95,LUBRICATION_ISSUE,1,0.645,12.700000000000045,1.2999999999999972,2.2200000000000273,-59.629999999999995,13.740000000000002,0.11999999999999922,-0.016000000000000014,0.35999999999999943
49.0,ENG-002,MIS-0017,DESCENT,31.59,6000.0,-13.3,1690.7,119.79,516.09,239.47,56.84,10.57,0.241,27.94,25.53,22.63,1684.5,118.43,514.26,294.77,42.74,10.95,0.226,22.95,LUBRICATION_ISSUE,1,0.657,6.2000000000000455,1.3599999999999994,1.830000000000041,-55.29999999999998,14.100000000000001,-0.379999999999999,0.014999999999999986,-0.3200000000000003
50.0,ENG-002,MIS-0017,DESCENT,25.42,6000.0,-13.57,1481.2,113.57,483.34,211.86,56.0,9.7,0.246,27.93,25.56,22.59,1511.7,112.87,482.17,276.25,42.78,9.59,0.219,22.76,LUBRICATION_ISSUE,1,0.669,-30.5,0.6999999999999886,1.169999999999959,-64.38999999999999,13.219999999999999,0.10999999999999943,0.026999999999999996,-0.1700000000000017
51.0,ENG-002,MIS-0017,DESCENT,26.27,6000.0,-14.93,1548.8,115.33,486.64,209.09,55.66,9.48,0.184,27.84,25.33,22.97,1535.7,113.65,486.63,278.82,42.81,9.78,0.219,22.79,LUBRICATION_ISSUE,1,0.679,13.099999999999909,1.6799999999999926,0.009999999999990905,-69.72999999999999,12.849999999999994,-0.29999999999999893,-0.035,0.17999999999999972
52.0,ENG-002,MIS-0017,DESCENT,31.49,6000.0,-13.13,1657.9,116.6,521.29,231.49,56.72,11.58,0.232,27.9,25.52,22.55,1681.7,118.34,513.74,294.46,42.85,10.93,0.223,22.94,LUBRICATION_ISSUE,1,0.688,-23.799999999999955,-1.740000000000009,7.5499999999999545,-62.96999999999997,13.869999999999997,0.6500000000000004,0.009000000000000008,-0.39000000000000057
53.0,ENG-002,MIS-0017,DESCENT,29.4,6000.0,-13.94,1602.0,116.1,507.11,228.35,57.0,10.46,0.245,28.2,25.69,22.89,1623.2,116.46,502.88,288.2,42.89,10.47,0.22,22.88,LUBRICATION_ISSUE,1,0.696,-21.200000000000045,-0.35999999999999943,4.230000000000018,-59.849999999999994,14.11,-0.009999999999999787,0.024999999999999994,0.010000000000001563
54.0,ENG-002,MIS-0017,LANDING,17.39,6000.0,-13.89,1279.7,106.01,439.68,199.29,56.6,7.82,0.198,28.16,25.7,22.41,1286.9,105.65,440.43,252.17,42.92,7.83,0.207,22.52,LUBRICATION_ISSUE,1,0.703,-7.2000000000000455,0.35999999999999943,-0.75,-52.879999999999995,13.68,-0.009999999999999787,-0.00899999999999998,-0.10999999999999943
55.0,ENG-002,MIS-0017,LANDING,22.51,6000.0,-14.45,1431.8,109.76,464.41,204.2,55.88,8.77,0.198,27.81,25.33,22.9,1430.4,110.26,467.07,267.54,42.95,8.95,0.211,22.68,LUBRICATION_ISSUE,1,0.709,1.3999999999998636,-0.5,-2.659999999999968,-63.34000000000003,12.93,-0.17999999999999972,-0.012999999999999984,0.21999999999999886
0.0,ENG-003,MIS-0018,TAXI,9.5,0.0,25.79,1057.1,103.86,408.63,228.3,40.66,6.08,0.195,27.95,25.84,22.14,1065.9,102.02,406.33,228.49,40.03,6.09,0.19,22.28,ABNORMAL_VIBRATION,0,0.0,-8.800000000000182,1.8400000000000034,2.3000000000000114,-0.18999999999999773,0.6299999999999955,-0.009999999999999787,0.0050000000000000044,-0.14000000000000057
1.0,ENG-003,MIS-0018,TAXI,13.44,0.0,24.45,1166.1,106.48,426.43,236.65,40.02,6.51,0.202,27.91,25.61,22.35,1176.3,104.77,425.23,240.32,40.05,6.96,0.195,22.4,ABNORMAL_VIBRATION,0,0.0,-10.200000000000045,1.710000000000008,1.1999999999999886,-3.6699999999999875,-0.02999999999999403,-0.4500000000000002,0.007000000000000006,-0.04999999999999716
2.0,ENG-003,MIS-0018,TAXI,9.13,0.0,24.96,1081.9,100.62,405.7,231.89,40.0,6.15,0.193,27.87,25.54,22.23,1055.7,101.2,403.44,227.39,40.08,6.01,0.192,22.27,ABNORMAL_VIBRATION,0,0.0,26.200000000000045,-0.5799999999999983,2.259999999999991,4.5,-0.0799999999999983,0.14000000000000057,0.0010000000000000009,-0.03999999999999915
3.0,ENG-003,MIS-0018,TAKEOFF,93.56,2822.2,6.8,3389.2,174.24,829.4,478.85,38.67,24.63,0.273,28.04,25.85,24.8,3419.7,174.2,836.52,480.68,40.16,24.58,0.281,24.81,ABNORMAL_VIBRATION,0,0.0,-30.5,0.040000000000020464,-7.1200000000000045,-1.829999999999984,-1.4899999999999949,0.05000000000000071,-0.008000000000000007,-0.00999999999999801
4.0,ENG-003,MIS-0018,TAKEOFF,94.38,3096.3,4.79,3432.5,174.8,839.3,477.97,40.35,24.0,0.284,28.09,25.34,24.46,3442.6,174.94,840.77,483.14,40.23,24.76,0.283,24.83,ABNORMAL_VIBRATION,0,0.0,-10.099999999999909,-0.13999999999998636,-1.4700000000000273,-5.169999999999959,0.12000000000000455,-0.7600000000000016,0.0010000000000000009,-0.36999999999999744
5.0,ENG-003,MIS-0018,TAKEOFF,88.11,3370.3,3.72,3280.6,170.45,814.0,467.21,39.73,23.51,0.288,28.01,25.49,24.76,3267.1,169.3,808.18,464.33,40.3,23.38,0.277,24.64,ABNORMAL_VIBRATION,0,0.0,13.5,1.1499999999999773,5.82000000000005,2.8799999999999955,-0.5700000000000003,0.13000000000000256,0.010999999999999954,0.120000000000001
6.0,ENG-003,MIS-0018,CLIMB,88.16,3644.4,1.56,3277.3,168.51,808.37,463.62,40.33,22.84,0.297,28.0,25.39,24.21,3268.6,169.35,808.46,464.49,40.38,23.4,0.278,24.64,ABNORMAL_VIBRATION,0,0.0,8.700000000000273,-0.8400000000000034,-0.09000000000003183,-0.8700000000000045,-0.05000000000000426,-0.5599999999999987,0.01899999999999996,-0.4299999999999997
7.0,ENG-003,MIS-0018,CLIMB,85.36,3918.5,-0.29,3188.3,169.06,791.11,454.18,40.68,22.69,0.283,27.95,25.48,24.35,3189.9,166.82,793.85,456.07,40.45,22.78,0.276,24.56,ABNORMAL_VIBRATION,0,0.0,-1.599999999999909,2.240000000000009,-2.740000000000009,-1.8899999999999864,0.22999999999999687,-0.08999999999999986,0.006999999999999951,-0.2099999999999973
8.0,ENG-003,MIS-0018,CLIMB,80.96,4192.5,-2.26,3089.7,160.39,768.84,445.86,41.06,21.93,0.302,28.1,25.62,24.46,3066.9,162.86,770.99,442.88,40.52,21.81,0.273,24.43,ABNORMAL_VIBRATION,0,0.0,22.799999999999727,-2.4700000000000273,-2.1499999999999773,2.980000000000018,0.5399999999999991,0.120000000000001,0.02899999999999997,0.030000000000001137
9.0,ENG-003,MIS-0018,CLIMB,81.94,4466.6,-4.68,3090.7,162.61,775.27,442.44,40.16,21.58,0.292,28.26,25.48,24.42,3094.3,163.74,776.08,445.81,40.58,22.03,0.275,24.46,ABNORMAL_VIBRATION,0,0.0,-3.600000000000364,-1.1299999999999955,-0.8100000000000591,-3.3700000000000045,-0.4200000000000017,-0.45000000000000284,0.01699999999999996,-0.03999999999999915
10.0,ENG-003,MIS-0018,CLIMB,82.13,4740.7,-5.99,3074.6,163.45,783.92,450.35,42.91,21.54,0.269,28.18,25.31,24.08,3099.6,163.92,777.07,446.39,40.65,22.07,0.276,24.46,ABNORMAL_VIBRATION,0,0.0,-25.0,-0.46999999999999886,6.849999999999909,3.9600000000000364,2.259999999999998,-0.5300000000000011,-0.007000000000000006,-0.38000000000000256
11.0,ENG-003,MIS-0018,CLIMB,87.81,5014.7,-8.65,3265.8,170.3,810.3,460.01,40.82,22.81,0.277,27.96,25.52,24.74,3258.7,169.03,806.62,463.43,40.73,23.32,0.283,24.63,ABNORMAL_VIBRATION,0,0.0,7.100000000000364,1.2700000000000102,3.67999999999995,-3.420000000000016,0.09000000000000341,-0.5100000000000016,-0.00599999999999995,0.10999999999999943
12.0,ENG-003,MIS-0018,CLIMB,89.93,5288.8,-8.8,3295.6,170.26,815.97,474.47,39.94,23.97,0.259,27.7,25.41,24.57,3318.1,170.94,817.65,469.8,40.8,23.79,0.286,24.7,ABNORMAL_VIBRATION,0,0.0,-22.5,-0.6800000000000068,-1.67999999999995,4.670000000000016,-0.8599999999999994,0.17999999999999972,-0.02699999999999997,-0.129999999999999
13.0,ENG-003,MIS-0018,CLIMB,84.33,5562.9,-10.7,3174.0,165.57,781.81,455.21,40.91,22.23,0.281,28.16,25.81,24.63,3161.3,165.9,788.52,452.99,40.87,22.55,0.281,24.53,ABNORMAL_VIBRATION,0,0.0,12.699999999999818,-0.3300000000000125,-6.710000000000036,2.2199999999999704,0.03999999999999915,-0.3200000000000003,0.0,0.09999999999999787
14.0,ENG-003,MIS-0018,CLIMB,86.04,5836.9,-13.58,3182.0,169.26,795.69,456.99,39.41,22.64,0.288,27.69,25.7,24.79,3209.2,167.44,797.43,458.13,40.94,22.93,0.283,24.58,ABNORMAL_VIBRATION,0,0.0,-27.199999999999818,1.8199999999999932,-1.7399999999998954,-1.1399999999999864,-1.5300000000000011,-0.28999999999999915,0.0050000000000000044,0.21000000000000085
15.0,ENG-003,MIS-0018,CRUISE,42.03,6000.0,-13.88,1987.2,126.97,570.39,323.13,41.06,12.9,0.24,28.01,25.81,23.36,1976.8,127.83,568.55,326.09,40.98,13.25,0.238,23.26,ABNORMAL_VIBRATION,0,0.0,10.400000000000091,-0.8599999999999994,1.8400000000000318,-2.9599999999999795,0.0800000000000054,-0.34999999999999964,0.0020000000000000018,0.09999999999999787
16.0,ENG-003,MIS-0018,CRUISE,37.08,6000.0,-13.86,1853.1,124.11,542.46,321.64,41.25,12.06,0.236,27.99,25.48,23.25,1838.1,123.37,542.8,311.23,41.03,12.16,0.233,23.11,ABNORMAL_VIBRATION,0,0.0,15.0,0.7399999999999949,-0.33999999999991815,10.409999999999968,0.21999999999999886,-0.09999999999999964,0.002999999999999975,0.14000000000000057
17.0,ENG-003,MIS-0018,CRUISE,38.57,6000.0,-13.43,1874.2,126.71,555.15,318.52,42.16,12.47,0.244,27.97,25.5,23.07,1879.9,124.71,550.56,315.71,41.07,12.49,0.236,23.16,ABNORMAL_VIBRATION,0,0.0,-5.7000000000000455,2.0,4.590000000000032,2.8100000000000023,1.0899999999999963,-0.019999999999999574,0.008000000000000007,-0.08999999999999986
18.0,ENG-003,MIS-0018,CRUISE,57.39,6000.0,-14.62,2417.6,141.14,641.24,375.37,42.41,16.35,0.265,27.95,25.81,24.08,2406.9,141.65,648.42,372.16,41.12,16.63,0.256,23.72,ABNORMAL_VIBRATION,0,0.0,10.699999999999818,-0.5100000000000193,-7.17999999999995,3.2099999999999795,1.2899999999999991,-0.2799999999999976,0.009000000000000008,0.35999999999999943
19.0,ENG-003,MIS-0018,CRUISE,69.48,6000.0,-13.83,2742.0,149.9,711.59,405.94,42.75,19.23,0.272,28.03,25.35,24.31,2745.4,152.53,711.29,408.44,41.18,19.29,0.269,24.08,ABNORMAL_VIBRATION,0,0.0,-3.400000000000091,-2.6299999999999955,0.3000000000000682,-2.5,1.5700000000000003,-0.05999999999999872,0.0030000000000000027,0.23000000000000043
20.0,ENG-003,MIS-0018,CRUISE,85.52,6000.0,-14.07,3192.2,167.3,790.78,452.9,39.93,23.41,0.27,27.8,25.33,24.23,3194.4,166.96,794.68,456.55,41.25,22.81,0.287,24.57,ABNORMAL_VIBRATION,0,0.0,-2.200000000000273,0.3400000000000034,-3.8999999999999773,-3.650000000000034,-1.3200000000000003,0.6000000000000014,-0.01699999999999996,-0.33999999999999986
21.0,ENG-003,MIS-0018,CRUISE,85.84,6000.0,-14.25,3183.8,167.67,794.72,459.71,41.12,23.07,0.277,27.81,25.82,24.51,3203.6,167.26,796.38,457.53,41.32,22.89,0.287,24.58,ABNORMAL_VIBRATION,0,0.0,-19.799999999999727,0.4099999999999966,-1.6599999999999682,2.180000000000007,-0.20000000000000284,0.17999999999999972,-0.009999999999999953,-0.06999999999999673
22.0,ENG-003,MIS-0018,CRUISE,75.67,6000.0,-14.27,2923.9,158.54,746.03,424.43,41.28,20.89,0.272,28.04,25.48,24.35,2918.8,158.1,743.49,427.02,41.39,20.65,0.277,24.27,ABNORMAL_VIBRATION,0,0.0,5.099999999999909,0.4399999999999977,2.5399999999999636,-2.589999999999975,-0.10999999999999943,0.240000000000002,-0.0050000000000000044,0.08000000000000185
23.0,ENG-003,MIS-0018,CRUISE,63.56,6000.0,-13.26,2577.7,147.74,677.95,386.8,41.47,18.13,0.251,27.84,25.17,23.96,2579.7,147.21,680.52,390.69,41.44,17.98,0.265,23.91,ABNORMAL_VIBRATION,0,0.0,-2.0,0.5300000000000011,-2.5699999999999363,-3.8899999999999864,0.030000000000001137,0.14999999999999858,-0.014000000000000012,0.05000000000000071
24.0,ENG-003,MIS-0018,CRUISE,46.1,6000.0,-13.74,2083.6,132.71,584.13,334.95,42.37,13.9,0.262,28.32,25.63,23.27,2090.9,131.49,589.74,338.31,41.49,14.14,0.247,23.38,ABNORMAL_VIBRATION,0,0.0,-7.300000000000182,1.2199999999999989,-5.610000000000014,-3.3600000000000136,0.8799999999999955,-0.2400000000000002,0.015000000000000013,-0.10999999999999943
25.0,ENG-003,MIS-0018,CRUISE,41.03,6000.0,-13.07,1945.5,124.98,558.7,318.6,41.44,12.77,0.236,28.1,25.66,23.53,1948.7,126.92,563.33,323.08,41.53,13.03,0.242,23.23,ABNORMAL_VIBRATION,0,0.0,-3.2000000000000455,-1.9399999999999977,-4.6299999999999955,-4.479999999999961,-0.09000000000000341,-0.2599999999999998,-0.006000000000000005,0.3000000000000007
26.0,ENG-003,MIS-0018,CRUISE,40.52,6000.0,-14.32,1932.6,126.4,564.61,327.88,41.73,12.72,0.259,27.88,25.53,22.84,1934.5,126.47,560.7,321.56,41.58,12.91,0.242,23.22,ABNORMAL_VIBRATION,0,0.0,-1.900000000000091,-0.06999999999999318,3.909999999999968,6.319999999999993,0.14999999999999858,-0.1899999999999995,0.017000000000000015,-0.379999999999999
27.0,ENG-003,MIS-0018,CRUISE,51.26,6000.0,-14.59,2209.7,137.44,614.66,352.17,41.9,15.45,0.252,28.02,25.5,23.35,2235.1,136.13,616.53,353.77,41.63,15.28,0.253,23.54,ABNORMAL_VIBRATION,0,0.0,-25.40000000000009,1.3100000000000023,-1.8700000000000045,-1.599999999999966,0.269999999999996,0.16999999999999993,-0.0010000000000000009,-0.18999999999999773
28.0,ENG-003,MIS-0018,CRUISE,65.14,6000.0,-14.84,2625.0,149.25,690.1,398.31,42.09,18.81,0.277,27.53,25.61,23.86,2624.0,148.63,688.75,395.43,41.68,18.33,0.268,23.95,ABNORMAL_VIBRATION,0,0.0,1.0,0.6200000000000045,1.3500000000000227,2.8799999999999955,0.4100000000000037,0.4800000000000004,0.009000000000000008,-0.08999999999999986
29.0,ENG-003,MIS-0018,CRUISE,80.58,6000.0,-14.45,3059.9,162.17,768.07,444.03,42.52,22.06,0.272,28.1,25.44,24.59,3056.1,162.52,769.0,441.73,41.75,21.73,0.284,24.42,ABNORMAL_VIBRATION,0,0.0,3.800000000000182,-0.35000000000002274,-0.92999999999995,2.2999999999999545,0.7700000000000031,0.3299999999999983,-0.011999999999999955,0.16999999999999815
30.0,ENG-003,MIS-0018,CRUISE,85.76,6000.0,-13.66,3221.4,167.52,796.68,466.19,41.57,22.86,0.325,28.09,25.41,24.63,3201.3,167.18,795.95,457.28,41.82,22.87,0.29,24.57,ABNORMAL_VIBRATION,0,0.035,20.09999999999991,0.3400000000000034,0.7299999999999045,8.910000000000025,-0.25,-0.010000000000001563,0.03500000000000003,0.05999999999999872
31.0,ENG-003,MIS-0018,CRUISE,75.75,6000.0,-13.96,2904.5,159.23,743.44,431.73,43.17,20.26,0.319,28.03,25.49,23.82,2920.9,158.17,743.88,427.24,41.88,20.66,0.28,24.27,ABNORMAL_VIBRATION,0,0.043,-16.40000000000009,1.0600000000000023,-0.4399999999999409,4.490000000000009,1.2899999999999991,-0.3999999999999986,0.03899999999999998,-0.4499999999999993
32.0,ENG-003,MIS-0018,CRUISE,59.34,6000.0,-13.41,2453.1,143.19,656.16,370.71,42.09,17.2,0.289,27.71,25.51,23.72,2461.5,143.41,658.57,378.02,41.94,17.05,0.262,23.78,ABNORMAL_VIBRATION,1,0.052,-8.400000000000091,-0.21999999999999886,-2.410000000000082,-7.310000000000002,0.15000000000000568,0.14999999999999858,0.02699999999999997,-0.060000000000002274
33.0,ENG-003,MIS-0018,CRUISE,52.66,6000.0,-14.37,2279.9,136.61,622.11,356.1,41.77,15.95,0.302,27.92,25.6,23.64,2274.6,137.4,623.86,357.99,41.99,15.59,0.255,23.58,ABNORMAL_VIBRATION,1,0.063,5.300000000000182,-0.789999999999992,-1.75,-1.8899999999999864,-0.21999999999999886,0.35999999999999943,0.046999999999999986,0.060000000000002274
34.0,ENG-003,MIS-0018,CRUISE,37.54,6000.0,-13.82,1889.0,124.61,548.05,312.05,41.24,12.26,0.276,27.9,25.53,23.35,1851.0,123.78,545.19,312.61,42.03,12.26,0.239,23.13,ABNORMAL_VIBRATION,1,0.076,38.0,0.8299999999999983,2.8599999999999,-0.5600000000000023,-0.7899999999999991,0.0,0.03700000000000003,0.22000000000000242
35.0,ENG-003,MIS-0018,CRUISE,29.86,6000.0,-12.98,1639.2,116.62,511.34,288.14,40.92,10.4,0.28,28.35,25.48,22.84,1636.0,116.87,505.26,289.57,42.07,10.57,0.231,22.9,ABNORMAL_VIBRATION,1,0.092,3.2000000000000455,-0.25,6.079999999999984,-1.4300000000000068,-1.1499999999999986,-0.16999999999999993,0.049000000000000016,-0.05999999999999872
36.0,ENG-003,MIS-0018,CRUISE,49.56,6000.0,-13.67,2183.0,132.91,610.51,346.96,42.91,14.65,0.304,28.16,25.54,23.15,2187.7,134.61,607.72,348.68,42.12,14.9,0.252,23.49,ABNORMAL_VIBRATION,1,0.109,-4.699999999999818,-1.700000000000017,2.7899999999999636,-1.7200000000000273,0.7899999999999991,-0.25,0.05199999999999999,-0.33999999999999986
37.0,ENG-003,MIS-0018,CRUISE,62.61,6000.0,-14.67,2559.4,146.83,676.96,398.34,43.1,18.16,0.316,28.01,25.62,24.01,2553.0,146.35,675.57,387.83,42.17,17.77,0.265,23.88,ABNORMAL_VIBRATION,1,0.13,6.400000000000091,0.4800000000000182,1.3899999999999864,10.509999999999991,0.9299999999999997,0.39000000000000057,0.05099999999999999,0.13000000000000256
38.0,ENG-003,MIS-0018,CRUISE,76.4,6000.0,-13.87,2941.5,159.3,748.88,428.4,41.21,20.93,0.349,27.91,25.75,24.3,2939.3,158.76,747.31,429.21,42.23,20.81,0.279,24.29,ABNORMAL_VIBRATION,1,0.153,2.199999999999818,0.5400000000000205,1.57000000000005,-0.8100000000000023,-1.019999999999996,0.120000000000001,0.06999999999999995,0.010000000000001563
39.0,ENG-003,MIS-0018,CRUISE,87.93,6000.0,-13.7,3266.6,169.34,806.49,465.9,43.14,23.41,0.362,27.97,25.76,24.67,3262.0,169.14,807.24,463.79,42.31,23.34,0.291,24.64,ABNORMAL_VIBRATION,1,0.179,4.599999999999909,0.20000000000001705,-0.75,2.109999999999957,0.8299999999999983,0.07000000000000028,0.07100000000000001,0.030000000000001137
40.0,ENG-003,MIS-0018,CRUISE,81.61,6000.0,-13.35,3091.2,163.69,776.54,446.21,41.2,21.81,0.407,28.15,25.08,24.31,3085.1,163.45,774.37,444.83,42.37,21.95,0.284,24.45,ABNORMAL_VIBRATION,1,0.208,6.099999999999909,0.2400000000000091,2.169999999999959,1.3799999999999955,-1.1699999999999946,-0.14000000000000057,0.123,-0.14000000000000057
41.0,ENG-003,MIS-0018,LOITER,51.88,6000.0,-14.78,2222.4,136.1,617.85,355.52,43.13,15.86,0.347,27.97,25.38,23.22,2252.6,136.69,619.77,355.64,42.42,15.41,0.252,23.56,ABNORMAL_VIBRATION,1,0.239,-30.199999999999818,-0.5900000000000034,-1.919999999999959,-0.12000000000000455,0.7100000000000009,0.4499999999999993,0.09499999999999997,-0.33999999999999986
42.0,ENG-003,MIS-0018,LOITER,32.18,6000.0,-13.76,1680.6,120.25,524.28,292.63,41.4,11.07,0.41,28.06,25.2,22.77,1701.1,118.96,517.35,296.55,42.46,11.08,0.231,22.97,ABNORMAL_VIBRATION,1,0.272,-20.5,1.2900000000000063,6.92999999999995,-3.920000000000016,-1.0600000000000023,-0.009999999999999787,0.17899999999999996,-0.1999999999999993
43.0,ENG-003,MIS-0018,LOITER,11.17,6000.0,-14.45,1103.7,100.2,405.85,235.33,41.45,6.41,0.384,28.02,25.66,22.22,1112.6,100.05,408.06,233.5,42.49,6.46,0.208,22.33,ABNORMAL_VIBRATION,1,0.307,-8.899999999999864,0.15000000000000568,-2.2099999999999795,1.8300000000000125,-1.0399999999999991,-0.04999999999999982,0.17600000000000002,-0.10999999999999943
44.0,ENG-003,MIS-0018,LOITER,19.13,6000.0,-13.91,1355.3,108.14,449.01,264.44,43.16,8.89,0.393,28.17,25.42,22.55,1335.6,107.21,449.46,257.38,42.52,8.21,0.216,22.57,ABNORMAL_VIBRATION,1,0.342,19.700000000000045,0.9300000000000068,-0.44999999999998863,7.060000000000002,0.6399999999999935,0.6799999999999997,0.17700000000000002,-0.019999999999999574
45.0,ENG-003,MIS-0018,LOITER,32.42,6000.0,-13.38,1708.5,121.68,518.71,300.4,42.18,11.6,0.456,27.94,25.37,22.96,1707.7,119.18,518.57,297.25,42.55,11.13,0.23,22.97,ABNORMAL_VIBRATION,1,0.378,0.7999999999999545,2.5,0.13999999999998636,3.1499999999999773,-0.36999999999999744,0.46999999999999886,0.226,-0.00999999999999801
46.0,ENG-003,MIS-0018,LOITER,47.82,6000.0,-13.83,2134.9,134.22,598.71,342.14,43.12,14.47,0.447,27.9,25.74,23.57,2138.8,133.03,598.64,343.45,42.6,14.52,0.245,23.43,ABNORMAL_VIBRATION,1,0.412,-3.900000000000091,1.1899999999999977,0.07000000000005002,-1.3100000000000023,0.519999999999996,-0.049999999999998934,0.202,0.14000000000000057
47.0,ENG-003,MIS-0018,LOITER,62.09,6000.0,-13.19,2560.6,146.0,674.76,380.12,42.84,17.68,0.494,27.75,25.38,23.57,2538.4,145.88,672.85,386.26,42.66,17.66,0.259,23.86,ABNORMAL_VIBRATION,1,0.445,22.199999999999818,0.12000000000000455,1.9099999999999682,-6.139999999999986,0.18000000000000682,0.019999999999999574,0.235,-0.28999999999999915
48.0,ENG-003,MIS-0018,LOITER,70.37,6000.0,-13.54,2771.0,152.09,725.79,410.95,42.23,19.87,0.494,27.9,25.47,24.0,2770.4,153.33,715.92,411.11,42.72,19.48,0.267,24.11,ABNORMAL_VIBRATION,1,0.476,0.599999999999909,-1.240000000000009,9.870000000000005,-0.160000000000025,-0.490000000000002,0.39000000000000057,0.22699999999999998,-0.10999999999999943
49.0,ENG-003,MIS-0018,LOITER,68.03,6000.0,-14.71,2730.9,150.53,704.19,408.73,43.95,18.88,0.674,28.07,25.56,23.98,2705.0,151.23,703.78,404.1,42.77,18.97,0.264,24.04,ABNORMAL_VIBRATION,1,0.505,25.90000000000009,-0.6999999999999886,0.41000000000008185,4.6299999999999955,1.1799999999999997,-0.08999999999999986,0.41000000000000003,-0.05999999999999872
50.0,ENG-003,MIS-0018,DESCENT,28.61,6000.0,-14.1,1584.1,115.67,501.64,287.43,42.53,10.2,0.541,28.19,25.69,22.75,1601.0,115.75,498.76,285.82,42.81,10.29,0.222,22.86,ABNORMAL_VIBRATION,1,0.531,-16.90000000000009,-0.0799999999999983,2.8799999999999955,1.6100000000000136,-0.28000000000000114,-0.08999999999999986,0.31900000000000006,-0.10999999999999943
51.0,ENG-003,MIS-0018,DESCENT,29.58,6000.0,-15.45,1614.0,115.89,502.16,284.36,43.8,10.67,0.494,28.08,25.25,23.19,1628.1,116.62,503.79,288.73,42.85,10.51,0.222,22.89,ABNORMAL_VIBRATION,1,0.554,-14.099999999999909,-0.730000000000004,-1.6299999999999955,-4.3700000000000045,0.9499999999999957,0.16000000000000014,0.272,0.3000000000000007
52.0,ENG-003,MIS-0018,DESCENT,31.21,6000.0,-13.65,1670.0,117.72,510.19,295.66,43.89,11.12,0.524,28.09,25.63,22.61,1674.0,118.09,512.32,293.64,42.88,10.87,0.223,22.94,ABNORMAL_VIBRATION,1,0.574,-4.0,-0.37000000000000455,-2.1300000000000523,2.0200000000000387,1.009999999999998,0.25,0.30100000000000005,-0.33000000000000185
53.0,ENG-003,MIS-0018,DESCENT,28.82,6000.0,-13.6,1609.2,117.02,498.83,289.12,43.31,10.02,0.524,27.82,25.65,22.65,1607.1,115.94,499.89,286.47,42.92,10.34,0.22,22.86,ABNORMAL_VIBRATION,1,0.592,2.1000000000001364,1.0799999999999983,-1.0600000000000023,2.6499999999999773,0.39000000000000057,-0.3200000000000003,0.30400000000000005,-0.21000000000000085
54.0,ENG-003,MIS-0018,DESCENT,28.76,6000.0,-14.07,1592.6,118.04,494.24,287.29,43.8,10.4,0.705,27.75,25.49,22.63,1605.2,115.88,499.53,286.27,42.95,10.33,0.219,22.86,ABNORMAL_VIBRATION,1,0.607,-12.600000000000136,2.160000000000011,-5.289999999999964,1.0200000000000387,0.8499999999999943,0.07000000000000028,0.486,-0.23000000000000043
55.0,ENG-003,MIS-0018,DESCENT,27.63,6000.0,-13.4,1574.6,114.19,491.69,279.46,42.34,10.21,0.49,28.19,25.52,22.73,1573.7,114.87,493.68,282.89,42.99,10.08,0.217,22.83,ABNORMAL_VIBRATION,1,0.62,0.8999999999998636,-0.6800000000000068,-1.990000000000009,-3.430000000000007,-0.6499999999999986,0.13000000000000078,0.273,-0.09999999999999787
56.0,ENG-003,MIS-0018,LANDING,25.23,6000.0,-14.27,1507.8,111.55,478.27,279.45,42.83,9.2,0.501,27.81,25.46,22.73,1506.4,112.71,481.2,275.69,43.02,9.55,0.213,22.76,ABNORMAL_VIBRATION,1,0.63,1.3999999999998636,-1.1599999999999966,-2.930000000000007,3.759999999999991,-0.19000000000000483,-0.3500000000000014,0.28800000000000003,-0.030000000000001137
57.0,ENG-003,MIS-0018,LANDING,23.71,6000.0,-13.27,1471.0,111.61,468.13,275.94,42.93,9.28,0.524,28.04,25.3,22.58,1463.8,111.34,473.27,271.12,43.06,9.22,0.211,22.71,ABNORMAL_VIBRATION,1,0.639,7.2000000000000455,0.269999999999996,-5.139999999999986,4.819999999999993,-0.13000000000000256,0.05999999999999872,0.31300000000000006,-0.13000000000000256
0.0,ENG-001,MIS-0019,TAXI,17.65,0.0,25.66,1317.7,108.51,455.05,259.15,39.84,7.06,0.204,27.8,25.6,22.59,1294.3,109.29,448.6,252.96,40.03,7.88,0.199,22.53,NORMAL,0,0.0,23.40000000000009,-0.7800000000000011,6.449999999999989,6.189999999999969,-0.18999999999999773,-0.8200000000000003,0.004999999999999977,0.05999999999999872
1.0,ENG-001,MIS-0019,TAXI,19.68,0.0,24.62,1375.2,111.03,471.12,260.73,39.43,7.72,0.195,28.0,25.57,22.77,1351.1,110.49,457.9,259.05,40.06,8.33,0.202,22.59,NORMAL,0,0.0,24.100000000000136,0.5400000000000063,13.220000000000027,1.6800000000000068,-0.6300000000000026,-0.6100000000000003,-0.007000000000000006,0.17999999999999972
2.0,ENG-001,MIS-0019,TAXI,19.12,0.0,24.98,1341.9,110.13,453.24,264.43,39.26,7.87,0.222,27.71,25.6,23.16,1335.3,110.19,455.38,257.35,40.09,8.21,0.202,22.57,NORMAL,0,0.0,6.600000000000136,-0.060000000000002274,-2.1399999999999864,7.079999999999984,-0.8300000000000054,-0.34000000000000075,0.01999999999999999,0.5899999999999999
3.0,ENG-001,MIS-0019,TAKEOFF,94.57,2856.5,6.97,3444.5,176.81,839.52,481.95,40.01,24.57,0.279,27.94,25.41,24.74,3447.9,175.11,841.75,483.7,40.17,24.8,0.282,24.84,NORMAL,0,0.0,-3.400000000000091,1.6999999999999886,-2.230000000000018,-1.75,-0.1600000000000037,-0.23000000000000043,-0.002999999999999947,-0.10000000000000142
4.0,ENG-001,MIS-0019,TAKEOFF,90.53,3142.0,3.79,3301.2,171.47,813.21,474.37,40.99,23.81,0.334,28.14,25.43,24.58,3334.8,171.48,820.75,471.59,40.24,23.92,0.279,24.72,NORMAL,0,0.0,-33.600000000000364,-0.009999999999990905,-7.539999999999964,2.7800000000000296,0.75,-0.11000000000000298,0.05499999999999999,-0.14000000000000057
5.0,ENG-001,MIS-0019,TAKEOFF,87.06,3427.6,3.0,3214.1,170.14,806.56,461.84,40.11,23.66,0.252,28.16,25.16,24.9,3237.6,168.35,802.69,461.17,40.32,23.15,0.276,24.61,NORMAL,0,0.0,-23.5,1.789999999999992,3.869999999999891,0.6699999999999591,-0.21000000000000085,0.5100000000000016,-0.02400000000000002,0.28999999999999915
6.0,ENG-001,MIS-0019,CLIMB,85.58,3713.1,1.87,3197.5,166.83,789.12,455.0,41.75,22.89,0.272,28.0,25.7,24.33,3196.1,167.02,795.0,456.73,40.39,22.83,0.276,24.57,NORMAL,0,0.0,1.400000000000091,-0.18999999999999773,-5.8799999999999955,-1.7300000000000182,1.3599999999999994,0.060000000000002274,-0.0040000000000000036,-0.240000000000002
7.0,ENG-001,MIS-0019,CLIMB,82.5,3998.6,-1.05,3131.3,165.06,778.48,448.71,41.73,21.83,0.263,27.89,25.79,24.39,3110.0,164.25,779.01,447.5,40.46,22.15,0.273,24.48,NORMAL,0,0.0,21.300000000000182,0.8100000000000023,-0.5299999999999727,1.2099999999999795,1.269999999999996,-0.3200000000000003,-0.010000000000000009,-0.08999999999999986
8.0,ENG-001,MIS-0019,CLIMB,84.13,4284.1,-3.39,3155.7,165.56,786.62,447.16,40.12,21.8,0.289,27.91,25.4,24.53,3155.6,165.72,787.46,452.38,40.53,22.51,0.276,24.52,NORMAL,0,0.0,0.09999999999990905,-0.1599999999999966,-0.8400000000000318,-5.21999999999997,-0.4100000000000037,-0.7100000000000009,0.012999999999999956,0.010000000000001563
9.0,ENG-001,MIS-0019,CLIMB,85.23,4569.6,-5.86,3202.9,167.48,800.45,462.53,40.42,22.6,0.252,27.82,25.3,24.53,3186.5,166.71,793.21,455.7,40.6,22.75,0.278,24.56,NORMAL,0,0.0,16.40000000000009,0.7699999999999818,7.240000000000009,6.829999999999984,-0.17999999999999972,-0.14999999999999858,-0.026000000000000023,-0.029999999999997584
10.0,ENG-001,MIS-0019,CLIMB,83.88,4855.1,-6.71,3126.8,166.37,787.27,450.74,40.23,21.97,0.299,27.89,25.41,24.45,3148.8,165.5,786.2,451.65,40.67,22.45,0.278,24.52,NORMAL,0,0.0,-22.0,0.8700000000000045,1.0699999999999363,-0.9099999999999682,-0.44000000000000483,-0.4800000000000004,0.020999999999999963,-0.07000000000000028
11.0,ENG-001,MIS-0019,CLIMB,85.41,5140.6,-7.46,3189.5,169.13,791.57,448.77,40.19,22.91,0.268,28.02,25.49,24.35,3191.4,166.87,794.12,456.22,40.74,22.79,0.28,24.56,NORMAL,0,0.0,-1.900000000000091,2.259999999999991,-2.5499999999999545,-7.4500000000000455,-0.5500000000000043,0.120000000000001,-0.01200000000000001,-0.2099999999999973
12.0,ENG-001,MIS-0019,CLIMB,87.47,5426.1,-10.22,3245.7,167.67,805.29,461.76,41.22,22.97,0.262,28.1,25.63,24.83,3249.2,168.72,804.85,462.41,40.81,23.24,0.283,24.62,NORMAL,0,0.0,-3.5,-1.0500000000000114,0.4399999999999409,-0.6500000000000341,0.4099999999999966,-0.2699999999999996,-0.020999999999999963,0.2099999999999973
13.0,ENG-001,MIS-0019,CLIMB,87.17,5711.6,-12.77,3238.7,166.94,801.88,453.99,40.95,23.29,0.288,28.16,25.66,24.77,3240.8,168.45,803.29,461.52,40.88,23.18,0.284,24.62,NORMAL,0,0.0,-2.100000000000364,-1.509999999999991,-1.4099999999999682,-7.529999999999973,0.07000000000000028,0.10999999999999943,0.0040000000000000036,0.14999999999999858
14.0,ENG-001,MIS-0019,CLIMB,84.11,5997.1,-13.92,3163.9,164.07,784.98,458.76,40.85,22.46,0.29,28.12,25.51,24.51,3155.1,165.7,787.37,452.33,40.95,22.5,0.281,24.52,NORMAL,0,0.0,8.800000000000182,-1.6299999999999955,-2.3899999999999864,6.430000000000007,-0.10000000000000142,-0.03999999999999915,0.008999999999999952,-0.00999999999999801
15.0,ENG-001,MIS-0019,CRUISE,30.75,6000.0,-13.9,1687.1,117.95,514.26,288.77,41.21,10.9,0.202,27.96,25.7,22.78,1660.9,117.67,509.88,292.24,40.99,10.76,0.226,22.92,NORMAL,0,0.0,26.199999999999818,0.28000000000000114,4.3799999999999955,-3.4700000000000273,0.21999999999999886,0.14000000000000057,-0.023999999999999994,-0.14000000000000057
16.0,ENG-001,MIS-0019,CRUISE,40.83,6000.0,-14.14,1958.7,126.41,564.57,321.51,41.26,12.31,0.21,28.09,25.86,23.21,1943.3,126.75,562.32,322.49,41.03,12.98,0.237,23.22,NORMAL,0,0.0,15.400000000000091,-0.3400000000000034,2.25,-0.9800000000000182,0.22999999999999687,-0.6699999999999999,-0.026999999999999996,-0.00999999999999801
17.0,ENG-001,MIS-0019,CRUISE,44.37,6000.0,-14.55,2052.5,130.11,579.8,335.66,,13.61,0.237,28.11,25.57,23.3,2042.5,129.94,580.74,333.12,41.08,13.76,0.242,23.33,NORMAL,0,0.0,10.0,0.17000000000001592,-0.9400000000000546,2.5400000000000205,,-0.15000000000000036,-0.0050000000000000044,-0.029999999999997584
18.0,ENG-001,MIS-0019,CRUISE,70.3,6000.0,-13.52,2720.3,155.57,719.68,409.86,39.79,19.37,0.246,27.88,25.49,24.19,2768.3,153.27,715.54,410.89,41.14,19.46,0.269,24.11,NORMAL,0,0.0,-48.0,2.299999999999983,4.139999999999986,-1.0299999999999727,-1.3500000000000014,-0.08999999999999986,-0.02300000000000002,0.08000000000000185
19.0,ENG-001,MIS-0019,CRUISE,85.35,6000.0,-14.26,3174.5,165.33,792.61,455.45,40.17,23.23,0.301,28.01,25.5,24.46,3189.7,166.81,793.79,456.04,41.21,22.78,0.286,24.56,NORMAL,0,0.0,-15.199999999999818,-1.4799999999999898,-1.17999999999995,-0.5900000000000318,-1.0399999999999991,0.4499999999999993,0.015000000000000013,-0.09999999999999787
20.0,ENG-001,MIS-0019,CRUISE,80.78,6000.0,-13.38,3046.0,162.12,777.38,442.22,40.57,21.82,0.294,28.11,25.4,24.46,3061.8,162.7,770.04,442.33,41.28,21.77,0.282,24.42,NORMAL,0,0.0,-15.800000000000182,-0.5799999999999841,7.340000000000032,-0.1099999999999568,-0.7100000000000009,0.05000000000000071,0.01200000000000001,0.03999999999999915
21.0,ENG-001,MIS-0019,CRUISE,77.41,6000.0,-13.65,2957.2,160.13,748.82,432.71,40.65,20.91,0.282,28.08,25.6,24.23,2967.5,159.67,752.54,432.23,41.34,21.03,0.279,24.32,NORMAL,0,0.0,-10.300000000000182,0.46000000000000796,-3.7199999999999136,0.47999999999996135,-0.6900000000000048,-0.120000000000001,0.002999999999999947,-0.08999999999999986
22.0,ENG-001,MIS-0019,CRUISE,59.59,6000.0,-13.6,2472.6,142.57,654.32,379.71,40.42,16.65,0.246,27.84,25.67,23.78,2468.6,143.63,659.88,378.78,41.4,17.11,0.26,23.79,NORMAL,0,0.0,4.0,-1.0600000000000023,-5.559999999999945,0.9300000000000068,-0.9799999999999969,-0.46000000000000085,-0.014000000000000012,-0.00999999999999801
23.0,ENG-001,MIS-0019,CRUISE,42.17,6000.0,-14.65,1999.1,128.55,571.34,323.93,41.37,13.36,0.261,27.92,25.34,23.13,1980.8,127.95,569.29,326.51,41.44,13.28,0.243,23.27,NORMAL,0,0.0,18.299999999999955,0.6000000000000085,2.050000000000068,-2.579999999999984,-0.07000000000000028,0.08000000000000007,0.018000000000000016,-0.14000000000000057
24.0,ENG-001,MIS-0019,CRUISE,37.18,6000.0,-13.55,1841.4,121.75,539.8,312.17,40.92,12.68,0.249,27.91,25.44,22.95,1840.9,123.46,543.32,311.53,41.48,12.18,0.238,23.12,NORMAL,0,0.0,0.5,-1.7099999999999937,-3.5200000000000955,0.6400000000000432,-0.5599999999999952,0.5,0.01100000000000001,-0.1700000000000017
25.0,ENG-001,MIS-0019,CRUISE,36.45,6000.0,-14.27,1817.9,122.46,537.53,307.72,42.62,12.19,0.253,28.19,25.53,23.26,1820.6,122.81,539.55,309.35,41.52,12.02,0.237,23.09,NORMAL,0,0.0,-2.699999999999818,-0.3500000000000085,-2.019999999999982,-1.6299999999999955,1.0999999999999943,0.16999999999999993,0.016000000000000014,0.1700000000000017
26.0,ENG-001,MIS-0019,CRUISE,51.36,6000.0,-14.02,2223.7,135.22,610.54,349.81,42.61,15.12,0.273,28.02,25.4,23.61,2238.2,136.23,617.1,354.09,41.57,15.3,0.253,23.54,NORMAL,0,0.0,-14.5,-1.009999999999991,-6.560000000000059,-4.279999999999973,1.0399999999999991,-0.1800000000000015,0.020000000000000018,0.07000000000000028
27.0,ENG-001,MIS-0019,CRUISE,71.55,6000.0,-14.13,2779.2,155.61,719.5,418.54,40.02,20.07,0.283,27.96,25.64,23.88,2803.3,154.39,722.04,414.64,41.63,19.74,0.275,24.15,NORMAL,0,0.0,-24.100000000000364,1.2200000000000273,-2.5399999999999636,3.900000000000034,-1.6099999999999994,0.33000000000000185,0.007999999999999952,-0.2699999999999996
28.0,ENG-001,MIS-0019,CRUISE,78.57,6000.0,-13.7,2983.9,161.82,757.19,432.43,42.66,21.96,0.323,28.27,25.67,24.33,2999.9,160.71,758.55,435.7,41.7,21.28,0.282,24.36,NORMAL,0,0.0,-16.0,1.1099999999999852,-1.3599999999999,-3.269999999999982,0.9599999999999937,0.6799999999999997,0.041000000000000036,-0.030000000000001137
29.0,ENG-001,MIS-0019,CRUISE,80.36,6000.0,-13.5,3068.9,161.98,759.65,440.98,41.48,21.69,0.287,28.04,25.45,24.7,3050.0,162.32,767.85,441.07,41.77,21.68,0.284,24.41,NORMAL,0,0.0,18.90000000000009,-0.3400000000000034,-8.200000000000045,-0.08999999999997499,-0.29000000000000625,0.010000000000001563,0.0030000000000000027,0.28999999999999915
30.0,ENG-001,MIS-0019,CRUISE,75.03,6000.0,-13.58,2902.9,157.08,740.68,428.42,41.54,20.11,0.307,28.18,25.53,24.23,2901.0,157.53,740.18,425.1,41.83,20.51,0.279,24.25,NORMAL,0,0.0,1.900000000000091,-0.44999999999998863,0.5,3.319999999999993,-0.28999999999999915,-0.40000000000000213,0.02799999999999997,-0.019999999999999574
31.0,ENG-001,MIS-0019,CRUISE,54.57,6000.0,-13.48,2335.4,138.2,635.2,361.47,41.91,16.01,0.262,27.93,25.46,23.63,2327.9,139.11,633.74,363.7,41.88,16.0,0.257,23.64,NORMAL,0,0.0,7.5,-0.910000000000025,1.4600000000000364,-2.2299999999999613,0.02999999999999403,0.010000000000001563,0.0050000000000000044,-0.010000000000001563
32.0,ENG-001,MIS-0019,CRUISE,40.7,6000.0,-13.41,1925.0,126.77,552.64,323.24,42.06,12.94,0.245,27.84,25.61,23.04,1939.6,126.63,561.65,322.1,41.92,12.95,0.243,23.22,NORMAL,0,0.0,-14.599999999999909,0.14000000000000057,-9.009999999999991,1.1399999999999864,0.14000000000000057,-0.009999999999999787,0.0020000000000000018,-0.17999999999999972
33.0,ENG-001,MIS-0019,CRUISE,40.4,6000.0,-13.77,1943.5,127.04,557.44,313.63,43.92,12.92,0.218,28.04,25.31,23.41,1931.3,126.36,560.09,321.21,41.97,12.89,0.242,23.21,NORMAL,0,0.0,12.200000000000045,0.6800000000000068,-2.6499999999999773,-7.579999999999984,1.9500000000000028,0.02999999999999936,-0.023999999999999994,0.1999999999999993
34.0,ENG-001,MIS-0019,CRUISE,40.09,6000.0,-13.96,1937.6,125.28,565.01,314.06,42.01,12.91,0.214,28.31,25.84,23.14,1922.4,126.08,558.45,320.26,42.01,12.82,0.242,23.2,NORMAL,0,0.0,15.199999999999818,-0.7999999999999972,6.559999999999945,-6.199999999999989,0.0,0.08999999999999986,-0.027999999999999997,-0.05999999999999872
35.0,ENG-001,MIS-0019,CRUISE,53.29,6000.0,-14.36,2303.1,136.94,624.7,359.01,42.19,15.68,0.241,27.81,25.39,23.75,2292.1,137.96,627.1,359.87,42.06,15.72,0.256,23.6,NORMAL,0,0.0,11.0,-1.0200000000000102,-2.3999999999999773,-0.8600000000000136,0.12999999999999545,-0.040000000000000924,-0.015000000000000013,0.14999999999999858
36.0,ENG-001,MIS-0019,CRUISE,70.9,6000.0,-13.42,2794.2,154.81,718.97,410.97,43.4,19.61,0.278,28.0,25.21,24.53,2785.3,153.81,718.69,412.71,42.12,19.6,0.274,24.13,NORMAL,0,0.0,8.899999999999636,1.0,0.2799999999999727,-1.7399999999999523,1.2800000000000011,0.00999999999999801,0.0040000000000000036,0.40000000000000213
37.0,ENG-001,MIS-0019,CRUISE,82.97,6000.0,-13.86,3142.1,162.89,785.58,449.7,43.38,22.11,0.261,28.0,25.35,24.32,3123.2,164.67,781.45,448.91,42.19,22.25,0.286,24.49,NORMAL,0,0.0,18.90000000000009,-1.7800000000000011,4.1299999999999955,0.7899999999999636,1.1900000000000048,-0.14000000000000057,-0.024999999999999967,-0.16999999999999815
38.0,ENG-001,MIS-0019,CRUISE,85.48,6000.0,-14.41,3206.6,169.04,795.87,462.49,42.7,22.97,0.285,27.89,25.64,24.75,3193.3,166.93,794.47,456.43,42.26,22.8,0.289,24.56,NORMAL,0,0.0,13.299999999999727,2.109999999999985,1.3999999999999773,6.060000000000002,0.44000000000000483,0.16999999999999815,-0.0040000000000000036,0.19000000000000128
39.0,ENG-001,MIS-0019,CRUISE,69.54,6000.0,-14.57,2762.9,150.9,717.71,415.11,42.87,18.59,0.282,28.03,25.44,23.82,2747.2,152.59,711.63,408.63,42.32,19.3,0.272,24.09,NORMAL,0,0.0,15.700000000000273,-1.6899999999999977,6.080000000000041,6.480000000000018,0.5499999999999972,-0.7100000000000009,0.009999999999999953,-0.2699999999999996
40.0,ENG-001,MIS-0019,LOITER,34.22,6000.0,-13.84,1759.8,121.29,530.71,301.85,41.89,11.5,0.211,27.95,25.38,23.0,1758.1,120.8,527.93,302.65,42.36,11.53,0.234,23.03,NORMAL,0,0.0,1.7000000000000455,0.4900000000000091,2.7800000000000864,-0.7999999999999545,-0.46999999999999886,-0.02999999999999936,-0.02300000000000002,-0.030000000000001137
41.0,ENG-001,MIS-0019,LOITER,23.36,6000.0,-14.79,1452.8,110.55,471.07,263.3,42.49,9.01,0.202,28.16,25.07,22.38,1454.1,111.02,471.47,270.08,42.39,9.14,0.222,22.7,NORMAL,0,0.0,-1.2999999999999545,-0.46999999999999886,-0.4000000000000341,-6.779999999999973,0.10000000000000142,-0.13000000000000078,-0.01999999999999999,-0.3200000000000003
42.0,ENG-001,MIS-0019,LOITER,26.71,6000.0,-14.49,1544.2,114.27,484.9,278.85,42.06,9.76,0.218,28.27,25.45,22.97,1547.9,114.04,488.9,280.13,42.43,9.88,0.225,22.8,NORMAL,0,0.0,-3.7000000000000455,0.22999999999998977,-4.0,-1.2799999999999727,-0.36999999999999744,-0.120000000000001,-0.007000000000000006,0.16999999999999815
43.0,ENG-001,MIS-0019,LOITER,34.31,6000.0,-14.39,1740.5,119.74,524.55,307.72,42.48,11.98,0.239,27.97,25.42,22.94,1760.7,120.88,528.41,302.93,42.46,11.55,0.233,23.03,NORMAL,0,0.0,-20.200000000000045,-1.1400000000000006,-3.8600000000000136,4.7900000000000205,0.01999999999999602,0.4299999999999997,0.005999999999999978,-0.08999999999999986
44.0,ENG-001,MIS-0019,LOITER,44.66,6000.0,-14.01,2065.6,130.22,583.91,335.21,42.18,13.44,0.23,27.74,25.1,23.49,2050.5,130.19,582.24,333.98,42.51,13.83,0.243,23.34,NORMAL,0,0.0,15.099999999999909,0.030000000000001137,1.669999999999959,1.2299999999999613,-0.3299999999999983,-0.39000000000000057,-0.012999999999999984,0.14999999999999858
45.0,ENG-001,MIS-0019,LOITER,64.01,6000.0,-13.29,2585.9,149.7,678.56,393.34,43.57,18.55,0.289,27.93,25.49,24.42,2592.2,147.61,682.84,392.02,42.57,18.08,0.263,23.92,NORMAL,0,0.0,-6.299999999999727,2.089999999999975,-4.280000000000086,1.3199999999999932,1.0,0.4700000000000024,0.025999999999999968,0.5
46.0,ENG-001,MIS-0019,LOITER,69.33,6000.0,-14.67,2725.2,152.06,704.99,407.09,42.57,19.03,0.287,27.9,25.44,24.14,2741.4,152.4,710.54,408.0,42.63,19.25,0.268,24.08,NORMAL,0,0.0,-16.200000000000273,-0.3400000000000034,-5.5499999999999545,-0.910000000000025,-0.060000000000002274,-0.21999999999999886,0.01899999999999996,0.060000000000002274
47.0,ENG-001,MIS-0019,LOITER,68.95,6000.0,-14.12,2705.7,153.4,710.22,405.18,43.66,19.22,0.253,27.92,25.4,23.93,2730.7,152.06,708.55,406.86,42.68,19.17,0.267,24.07,NORMAL,0,0.0,-25.0,1.3400000000000034,1.6700000000000728,-1.6800000000000068,0.9799999999999969,0.04999999999999716,-0.014000000000000012,-0.14000000000000057
48.0,ENG-001,MIS-0019,DESCENT,31.94,6000.0,-13.78,1702.6,118.52,511.13,292.63,42.37,10.8,0.23,27.82,25.65,22.79,1694.4,118.75,516.09,295.82,42.72,11.03,0.227,22.96,NORMAL,0,0.0,8.199999999999818,-0.23000000000000398,-4.960000000000036,-3.1899999999999977,-0.3500000000000014,-0.22999999999999865,0.0030000000000000027,-0.1700000000000017
49.0,ENG-001,MIS-0019,DESCENT,29.22,6000.0,-13.71,1617.7,118.42,501.21,289.87,42.81,11.28,0.232,28.02,25.63,22.86,1618.2,116.3,501.96,287.67,42.76,10.43,0.223,22.88,NORMAL,0,0.0,-0.5,2.1200000000000045,-0.75,2.1999999999999886,0.05000000000000426,0.8499999999999996,0.009000000000000008,-0.019999999999999574
50.0,ENG-001,MIS-0019,DESCENT,28.71,6000.0,-13.5,1603.2,116.4,497.6,288.9,42.14,10.47,0.233,27.96,25.28,22.81,1604.0,115.84,499.32,286.14,42.79,10.32,0.222,22.86,NORMAL,0,0.0,-0.7999999999999545,0.5600000000000023,-1.7199999999999704,2.759999999999991,-0.6499999999999986,0.15000000000000036,0.01100000000000001,-0.05000000000000071
51.0,ENG-001,MIS-0019,DESCENT,28.51,6000.0,-14.86,1585.0,117.09,496.83,290.12,43.09,10.48,0.237,27.94,25.37,22.56,1598.3,115.66,498.26,285.53,42.83,10.27,0.221,22.86,NORMAL,0,0.0,-13.299999999999955,1.4300000000000068,-1.4300000000000068,4.590000000000032,0.2600000000000051,0.21000000000000085,0.015999999999999986,-0.3000000000000007
52.0,ENG-001,MIS-0019,DESCENT,29.62,6000.0,-14.53,1635.5,116.67,498.49,290.44,43.3,10.74,0.19,27.98,25.36,22.7,1629.4,116.66,504.03,288.86,42.87,10.52,0.221,22.89,NORMAL,0,0.0,6.099999999999909,0.010000000000005116,-5.539999999999964,1.579999999999984,0.4299999999999997,0.22000000000000064,-0.031,-0.19000000000000128
53.0,ENG-001,MIS-0019,DESCENT,29.97,6000.0,-14.54,1640.7,116.83,502.98,295.64,43.02,10.7,0.243,28.04,25.74,23.1,1639.2,116.97,505.85,289.91,42.9,10.59,0.221,22.9,NORMAL,0,0.0,1.5,-0.14000000000000057,-2.8700000000000045,5.729999999999961,0.12000000000000455,0.10999999999999943,0.021999999999999992,0.20000000000000284
54.0,ENG-001,MIS-0019,LANDING,20.21,6000.0,-14.06,1356.4,107.99,457.97,263.93,43.57,8.45,0.227,28.02,25.39,22.51,1365.9,108.19,455.09,260.63,42.93,8.45,0.21,22.61,NORMAL,0,0.0,-9.5,-0.20000000000000284,2.8800000000000523,3.3000000000000114,0.6400000000000006,0.0,0.017000000000000015,-0.09999999999999787
55.0,ENG-001,MIS-0019,LANDING,20.62,6000.0,-13.89,1371.0,109.94,461.86,263.74,42.07,8.24,0.191,28.01,25.73,22.33,1377.5,108.56,457.25,261.87,42.96,8.54,0.209,22.62,NORMAL,0,0.0,-6.5,1.3799999999999955,4.610000000000014,1.8700000000000045,-0.8900000000000006,-0.29999999999999893,-0.017999999999999988,-0.2900000000000027
0.0,ENG-002,MIS-0020,TAXI,12.84,0.0,24.48,1153.3,104.43,416.21,239.09,38.86,6.6,0.192,27.83,25.46,22.32,1159.5,104.24,422.14,238.52,40.03,6.82,0.193,22.39,NORMAL,0,0.0,-6.2000000000000455,0.19000000000001194,-5.930000000000007,0.5699999999999932,-1.1700000000000017,-0.22000000000000064,-0.0010000000000000009,-0.07000000000000028
1.0,ENG-002,MIS-0020,TAXI,16.43,0.0,23.98,1258.7,107.07,438.12,250.93,39.47,7.76,0.214,28.05,25.61,22.53,1260.0,107.17,440.21,249.29,40.06,7.61,0.198,22.49,NORMAL,0,0.0,-1.2999999999999545,-0.10000000000000853,-2.089999999999975,1.6400000000000148,-0.5900000000000034,0.14999999999999947,0.015999999999999986,0.0400000000000027
2.0,ENG-002,MIS-0020,TAXI,15.6,0.0,24.33,1217.7,107.38,438.24,244.72,39.79,7.48,0.155,28.01,25.67,22.34,1236.7,106.64,436.3,246.79,40.09,7.43,0.198,22.47,NORMAL,0,0.0,-19.0,0.7399999999999949,1.9399999999999977,-2.069999999999993,-0.30000000000000426,0.05000000000000071,-0.04300000000000001,-0.129999999999999
3.0,ENG-002,MIS-0020,TAXI,18.0,0.0,25.55,1305.5,109.33,446.12,258.61,38.78,7.78,0.212,28.14,25.55,22.8,1304.0,109.53,450.26,254.0,40.12,7.96,0.202,22.54,NORMAL,0,0.0,1.5,-0.20000000000000284,-4.139999999999986,4.610000000000014,-1.3399999999999963,-0.17999999999999972,0.009999999999999981,0.26000000000000156
4.0,ENG-002,MIS-0020,TAKEOFF,100.0,3016.8,6.01,3583.2,179.5,872.92,501.66,40.49,26.03,0.254,28.15,25.93,24.86,3600.0,180.0,870.0,500.0,40.2,26.0,0.289,25.0,NORMAL,0,0.0,-16.800000000000182,-0.5,2.919999999999959,1.660000000000025,0.28999999999999915,0.030000000000001137,-0.034999999999999976,-0.14000000000000057
5.0,ENG-002,MIS-0020,TAKEOFF,93.44,3271.1,2.79,3407.3,174.01,839.19,485.65,40.91,24.0,0.289,28.13,25.55,24.67,3416.2,174.09,835.87,480.31,40.27,24.56,0.283,24.8,NORMAL,0,0.0,-8.899999999999636,-0.0800000000000125,3.32000000000005,5.339999999999975,0.6399999999999935,-0.5599999999999987,0.006000000000000005,-0.129999999999999
6.0,ENG-002,MIS-0020,TAKEOFF,95.68,3525.3,1.62,3492.2,177.5,843.68,487.44,40.89,25.38,0.261,28.21,25.3,24.98,3478.9,176.11,847.51,487.03,40.35,25.05,0.286,24.87,NORMAL,0,0.0,13.299999999999727,1.3899999999999864,-3.830000000000041,0.410000000000025,0.5399999999999991,0.3299999999999983,-0.024999999999999967,0.10999999999999943
7.0,ENG-002,MIS-0020,CLIMB,82.13,3779.5,0.64,3102.3,164.75,777.14,446.47,41.2,21.8,0.283,28.18,25.39,24.49,3099.7,163.92,777.09,446.4,40.42,22.07,0.273,24.46,NORMAL,0,0.0,2.600000000000364,0.8300000000000125,0.049999999999954525,0.07000000000005002,0.7800000000000011,-0.2699999999999996,0.009999999999999953,0.029999999999997584
8.0,ENG-002,MIS-0020,CLIMB,79.82,4033.7,-1.59,3038.4,163.13,765.46,440.87,40.11,21.7,0.282,27.58,25.46,24.42,3035.0,161.84,765.08,439.47,40.49,21.56,0.272,24.39,NORMAL,0,0.0,3.400000000000091,1.289999999999992,0.37999999999999545,1.3999999999999773,-0.38000000000000256,0.14000000000000057,0.009999999999999953,0.030000000000001137
9.0,ENG-002,MIS-0020,CLIMB,85.79,4287.9,-2.34,3169.1,168.31,798.12,455.1,39.97,22.54,0.291,28.01,25.49,24.05,3202.2,167.21,796.12,457.38,40.56,22.87,0.279,24.57,NORMAL,0,0.0,-33.09999999999991,1.0999999999999943,2.0,-2.2799999999999727,-0.5900000000000034,-0.33000000000000185,0.011999999999999955,-0.5199999999999996
10.0,ENG-002,MIS-0020,CLIMB,84.28,4542.1,-3.65,3184.2,165.25,788.19,455.58,40.91,22.47,0.253,27.81,25.54,24.43,3159.7,165.85,788.24,452.83,40.63,22.54,0.278,24.53,NORMAL,0,0.0,24.5,-0.5999999999999943,-0.049999999999954525,2.75,0.27999999999999403,-0.07000000000000028,-0.025000000000000022,-0.10000000000000142
11.0,ENG-002,MIS-0020,CLIMB,79.94,4796.3,-6.76,3039.6,158.58,765.9,437.06,41.76,21.59,0.297,28.08,25.44,24.4,3038.3,161.95,765.69,439.82,40.7,21.59,0.274,24.4,NORMAL,0,0.0,1.2999999999997272,-3.369999999999976,0.2099999999999227,-2.759999999999991,1.0599999999999952,0.0,0.022999999999999965,0.0
12.0,ENG-002,MIS-0020,CLIMB,82.79,5050.5,-7.89,3135.3,164.5,783.75,447.74,41.17,22.34,0.251,28.21,25.67,24.66,3118.2,164.51,780.53,448.38,40.76,22.21,0.278,24.48,NORMAL,0,0.0,17.100000000000364,-0.009999999999990905,3.2200000000000273,-0.6399999999999864,0.4100000000000037,0.129999999999999,-0.027000000000000024,0.17999999999999972
13.0,ENG-002,MIS-0020,CLIMB,86.0,5304.7,-9.8,3202.1,167.46,803.21,458.79,39.66,23.41,0.29,28.01,25.76,24.75,3207.9,167.4,797.18,457.99,40.84,22.92,0.282,24.58,NORMAL,0,0.0,-5.800000000000182,0.060000000000002274,6.030000000000086,0.8000000000000114,-1.1800000000000068,0.48999999999999844,0.008000000000000007,0.1700000000000017
14.0,ENG-002,MIS-0020,CLIMB,81.06,5558.9,-10.19,3069.0,164.42,763.21,445.11,41.0,22.29,0.277,28.09,25.49,24.59,3069.8,162.96,771.53,443.19,40.9,21.83,0.278,24.43,NORMAL,0,0.0,-0.8000000000001819,1.4599999999999795,-8.319999999999936,1.920000000000016,0.10000000000000142,0.46000000000000085,-0.0010000000000000009,0.16000000000000014
15.0,ENG-002,MIS-0020,CLIMB,80.61,5813.2,-12.5,3046.5,161.96,769.9,444.54,41.66,21.86,0.228,28.09,25.74,24.04,3057.1,162.55,769.18,441.83,40.97,21.73,0.278,24.42,NORMAL,0,0.0,-10.599999999999909,-0.5900000000000034,0.7200000000000273,2.7100000000000364,0.6899999999999977,0.129999999999999,-0.05000000000000002,-0.38000000000000256
16.0,ENG-002,MIS-0020,CRUISE,62.17,6000.0,-13.44,2555.2,147.75,675.35,384.15,41.0,17.77,0.282,28.02,25.43,24.0,2540.7,145.95,673.27,386.5,41.03,17.68,0.26,23.87,NORMAL,0,0.0,14.5,1.8000000000000114,2.080000000000041,-2.3500000000000227,-0.030000000000001137,0.08999999999999986,0.021999999999999964,0.129999999999999
17.0,ENG-002,MIS-0020,CRUISE,58.29,6000.0,-13.63,2444.7,141.43,653.72,372.65,41.88,16.8,0.255,27.98,25.5,23.29,2432.1,142.46,653.1,374.87,41.08,16.82,0.256,23.75,NORMAL,0,0.0,12.599999999999909,-1.0300000000000011,0.6200000000000045,-2.2200000000000273,0.8000000000000043,-0.019999999999999574,-0.0010000000000000009,-0.46000000000000085
18.0,ENG-002,MIS-0020,CRUISE,65.05,6000.0,-13.95,2616.4,149.18,682.71,391.29,41.43,18.32,0.266,28.19,25.42,23.75,2621.3,148.54,688.25,395.14,41.14,18.31,0.264,23.95,NORMAL,0,0.0,-4.900000000000091,0.6400000000000148,-5.539999999999964,-3.849999999999966,0.28999999999999915,0.010000000000001563,0.0020000000000000018,-0.1999999999999993
19.0,ENG-002,MIS-0020,CRUISE,57.12,6000.0,-13.68,2408.0,139.19,647.51,378.65,41.37,16.66,0.281,27.88,25.33,23.63,2399.3,141.4,647.01,371.35,41.19,16.57,0.256,23.71,NORMAL,0,0.0,8.699999999999818,-2.210000000000008,0.5,7.2999999999999545,0.17999999999999972,0.08999999999999986,0.025000000000000022,-0.08000000000000185
20.0,ENG-002,MIS-0020,CRUISE,64.09,6000.0,-14.47,2585.6,147.05,680.44,397.82,41.08,17.74,0.256,27.9,25.52,23.84,2594.5,147.68,683.26,392.26,41.25,18.1,0.264,23.92,NORMAL,0,0.0,-8.900000000000091,-0.6299999999999955,-2.8199999999999363,5.560000000000002,-0.1700000000000017,-0.360000000000003,-0.008000000000000007,-0.08000000000000185
21.0,ENG-002,MIS-0020,CRUISE,61.48,6000.0,-14.38,2509.1,145.15,664.92,381.78,41.52,17.17,0.3,28.18,25.42,24.11,2521.5,145.33,669.7,384.44,41.31,17.53,0.262,23.84,NORMAL,0,0.0,-12.400000000000091,-0.18000000000000682,-4.780000000000086,-2.660000000000025,0.21000000000000085,-0.35999999999999943,0.03799999999999998,0.2699999999999996
22.0,ENG-002,MIS-0020,CRUISE,55.49,6000.0,-14.61,2362.2,138.99,635.38,367.17,39.95,16.13,0.262,27.66,25.52,23.65,2353.8,139.94,638.55,366.47,41.36,16.21,0.256,23.66,NORMAL,0,0.0,8.399999999999636,-0.9499999999999886,-3.169999999999959,0.6999999999999886,-1.4099999999999966,-0.08000000000000185,0.006000000000000005,-0.010000000000001563
23.0,ENG-002,MIS-0020,CRUISE,57.48,6000.0,-14.42,2407.3,141.16,644.63,372.82,40.75,16.17,0.247,28.25,25.33,23.73,2409.3,141.73,648.87,372.43,41.41,16.64,0.259,23.72,NORMAL,0,0.0,-2.0,-0.5699999999999932,-4.240000000000009,0.38999999999998636,-0.6599999999999966,-0.46999999999999886,-0.01200000000000001,0.010000000000001563
24.0,ENG-002,MIS-0020,CRUISE,59.94,6000.0,-13.95,2480.5,143.91,657.5,378.35,41.41,17.67,0.247,27.73,25.4,23.68,2478.4,143.95,661.71,379.83,41.47,17.19,0.262,23.8,NORMAL,0,0.0,2.099999999999909,-0.03999999999999204,-4.210000000000036,-1.4799999999999613,-0.060000000000002274,0.4800000000000004,-0.015000000000000013,-0.120000000000001
25.0,ENG-002,MIS-0020,CRUISE,60.76,6000.0,-14.54,2493.9,144.82,658.27,381.72,41.43,17.2,0.262,27.95,25.33,23.96,2501.2,144.68,665.93,382.27,41.52,17.37,0.263,23.82,NORMAL,0,0.0,-7.299999999999727,0.13999999999998636,-7.659999999999968,-0.5499999999999545,-0.09000000000000341,-0.1700000000000017,-0.0010000000000000009,0.14000000000000057
26.0,ENG-002,MIS-0020,CRUISE,58.97,6000.0,-14.29,2422.2,142.88,657.12,379.53,40.91,17.06,0.246,27.78,25.43,23.56,2451.2,143.07,656.65,376.92,41.58,16.97,0.261,23.77,NORMAL,0,0.0,-29.0,-0.18999999999999773,0.4700000000000273,2.609999999999957,-0.6700000000000017,0.08999999999999986,-0.015000000000000013,-0.21000000000000085
27.0,ENG-002,MIS-0020,CRUISE,58.31,6000.0,-13.83,2425.9,142.69,656.94,371.28,41.54,17.06,0.256,28.0,25.66,23.66,2432.6,142.48,653.19,374.92,41.63,16.83,0.261,23.75,NORMAL,0,0.0,-6.699999999999818,0.21000000000000796,3.75,-3.640000000000043,-0.09000000000000341,0.23000000000000043,-0.0050000000000000044,-0.08999999999999986
28.0,ENG-002,MIS-0020,CRUISE,60.2,6000.0,-13.99,2473.2,145.57,663.87,377.91,40.82,17.41,0.241,28.21,25.66,23.69,2485.7,144.18,663.05,380.61,41.68,17.24,0.263,23.81,NORMAL,0,0.0,-12.5,1.3899999999999864,0.82000000000005,-2.6999999999999886,-0.8599999999999994,0.1700000000000017,-0.02200000000000002,-0.11999999999999744
29.0,ENG-002,MIS-0020,CRUISE,66.74,6000.0,-13.99,2687.3,150.03,702.72,392.92,42.43,18.41,0.25,28.12,25.47,24.16,2668.7,150.06,697.04,400.22,41.74,18.68,0.27,24.0,NORMAL,0,0.0,18.600000000000364,-0.030000000000001137,5.680000000000064,-7.300000000000011,0.6899999999999977,-0.2699999999999996,-0.020000000000000018,0.16000000000000014
30.0,ENG-002,MIS-0020,CRUISE,60.03,6000.0,-14.46,2494.9,142.52,659.54,378.13,41.93,17.04,0.257,27.84,25.38,23.74,2480.9,144.03,662.16,380.09,41.8,17.21,0.263,23.8,NORMAL,0,0.0,14.0,-1.509999999999991,-2.6200000000000045,-1.9599999999999795,0.13000000000000256,-0.1700000000000017,-0.006000000000000005,-0.060000000000002274
31.0,ENG-002,MIS-0020,CRUISE,59.64,6000.0,-13.91,2490.3,144.95,664.19,384.52,41.97,17.38,0.303,28.04,25.74,23.99,2470.0,143.68,660.14,378.93,41.85,17.12,0.263,23.79,NORMAL,0,0.0,20.300000000000182,1.2699999999999818,4.050000000000068,5.589999999999975,0.11999999999999744,0.259999999999998,0.03999999999999998,0.1999999999999993
32.0,ENG-002,MIS-0020,CRUISE,56.64,6000.0,-14.28,2373.8,139.98,642.28,373.11,42.57,16.43,0.277,28.14,25.51,23.48,2386.0,140.98,644.54,369.93,41.9,16.46,0.259,23.7,NORMAL,0,0.0,-12.199999999999818,-1.0,-2.259999999999991,3.180000000000007,0.6700000000000017,-0.030000000000001137,0.018000000000000016,-0.21999999999999886
33.0,ENG-002,MIS-0020,CRUISE,59.26,6000.0,-13.25,2435.2,142.81,655.28,378.14,41.58,16.77,0.204,27.95,25.37,23.66,2459.2,143.33,658.14,377.78,41.96,17.04,0.262,23.78,NORMAL,0,0.0,-24.0,-0.5200000000000102,-2.8600000000000136,0.36000000000001364,-0.38000000000000256,-0.2699999999999996,-0.058000000000000024,-0.120000000000001
34.0,ENG-002,MIS-0020,CRUISE,67.97,6000.0,-13.62,2705.7,152.76,702.05,400.57,40.86,18.16,0.285,28.18,25.43,23.85,2703.0,151.17,703.42,403.9,42.02,18.95,0.271,24.04,NORMAL,0,0.0,2.699999999999818,1.5900000000000034,-1.3700000000000045,-3.329999999999984,-1.1600000000000037,-0.7899999999999991,0.013999999999999957,-0.18999999999999773
35.0,ENG-002,MIS-0020,CRUISE,59.29,6000.0,-13.66,2492.1,,666.34,382.3,41.72,16.66,0.274,28.16,25.85,23.67,2460.1,143.36,658.3,377.87,42.07,17.04,0.262,23.78,NORMAL,0,0.0,32.0,,8.040000000000077,4.430000000000007,-0.3500000000000014,-0.379999999999999,0.01200000000000001,-0.10999999999999943
36.0,ENG-002,MIS-0020,CRUISE,58.72,6000.0,-14.7,2455.7,144.18,657.12,371.01,42.99,16.98,0.263,28.03,25.75,23.98,2444.0,142.84,655.32,376.15,42.13,16.92,0.261,23.76,NORMAL,0,0.0,11.699999999999818,1.3400000000000034,1.7999999999999545,-5.139999999999986,0.8599999999999994,0.05999999999999872,0.0020000000000000018,0.21999999999999886
37.0,ENG-002,MIS-0020,CRUISE,62.21,6000.0,-13.25,2552.0,147.16,677.09,391.54,42.28,17.54,0.275,27.97,25.44,23.74,2541.8,145.99,673.48,386.62,42.18,17.69,0.265,23.87,NORMAL,0,0.0,10.199999999999818,1.1699999999999875,3.6100000000000136,4.920000000000016,0.10000000000000142,-0.15000000000000213,0.010000000000000009,-0.13000000000000256
38.0,ENG-002,MIS-0020,CRUISE,62.22,6000.0,-12.77,2546.6,146.53,675.49,383.61,40.72,17.19,0.261,27.9,25.41,23.58,2542.1,145.99,673.52,386.65,42.24,17.69,0.264,23.87,NORMAL,0,0.0,4.5,0.539999999999992,1.9700000000000273,-3.0399999999999636,-1.5200000000000031,-0.5,-0.0030000000000000027,-0.2900000000000027
39.0,ENG-002,MIS-0020,CRUISE,60.91,6000.0,-13.95,2526.9,144.07,673.28,374.17,41.84,17.81,0.262,27.95,25.29,23.67,2505.4,144.82,666.72,382.72,42.29,17.4,0.263,23.83,NORMAL,0,0.0,21.5,-0.75,6.559999999999945,-8.550000000000011,-0.44999999999999574,0.41000000000000014,-0.0010000000000000009,-0.1599999999999966
40.0,ENG-002,MIS-0020,CRUISE,58.14,6000.0,-13.73,2431.7,140.99,658.84,371.79,41.73,17.22,0.232,27.98,25.83,23.97,2427.9,142.33,652.33,374.42,42.34,16.79,0.259,23.74,NORMAL,0,0.0,3.799999999999727,-1.3400000000000034,6.509999999999991,-2.6299999999999955,-0.6100000000000065,0.4299999999999997,-0.026999999999999996,0.23000000000000043
41.0,ENG-002,MIS-0020,CRUISE,57.37,6000.0,-13.72,2408.9,141.69,645.9,367.4,42.74,17.02,0.226,27.74,25.57,23.58,2406.4,141.63,648.33,372.11,42.4,16.62,0.258,23.72,NORMAL,0,0.0,2.5,0.060000000000002274,-2.4300000000000637,-4.710000000000036,0.3400000000000034,0.3999999999999986,-0.032,-0.14000000000000057
42.0,ENG-002,MIS-0020,CRUISE,56.94,6000.0,-14.17,2382.5,141.46,651.38,365.76,43.39,17.04,0.286,28.05,25.48,23.39,2394.4,141.25,646.1,370.82,42.45,16.53,0.257,23.71,NORMAL,0,0.0,-11.900000000000091,0.21000000000000796,5.279999999999973,-5.060000000000002,0.9399999999999977,0.509999999999998,0.02899999999999997,-0.3200000000000003
43.0,ENG-002,MIS-0020,CRUISE,55.23,6000.0,-14.93,2329.4,139.47,637.76,361.73,43.4,16.02,0.262,27.78,25.44,23.24,2346.5,139.71,637.2,365.69,42.5,16.15,0.255,23.66,NORMAL,0,0.0,-17.09999999999991,-0.2400000000000091,0.5599999999999454,-3.9599999999999795,0.8999999999999986,-0.129999999999999,0.007000000000000006,-0.4200000000000017
44.0,ENG-002,MIS-0020,CRUISE,58.54,6000.0,-15.02,2454.3,142.36,654.02,376.47,42.76,16.42,0.278,28.17,25.54,23.96,2439.1,142.68,654.4,375.61,42.55,16.88,0.258,23.76,NORMAL,0,0.0,15.200000000000273,-0.3199999999999932,-0.37999999999999545,0.8600000000000136,0.21000000000000085,-0.4599999999999973,0.020000000000000018,0.1999999999999993
45.0,ENG-002,MIS-0020,LOITER,43.19,6000.0,-14.71,2011.8,129.47,575.01,332.27,43.49,12.98,0.242,27.87,25.5,23.19,2009.3,128.87,574.59,329.57,42.6,13.5,0.241,23.3,NORMAL,0,0.0,2.5,0.5999999999999943,0.4199999999999591,2.6999999999999886,0.8900000000000006,-0.5199999999999996,0.0010000000000000009,-0.10999999999999943
46.0,ENG-002,MIS-0020,LOITER,43.46,6000.0,-14.06,2027.1,127.22,574.51,332.2,43.66,13.82,0.245,27.86,25.48,23.35,2016.8,129.11,575.98,330.38,42.64,13.56,0.241,23.3,NORMAL,0,0.0,10.299999999999955,-1.8900000000000148,-1.4700000000000273,1.8199999999999932,1.019999999999996,0.2599999999999998,0.0040000000000000036,0.05000000000000071
47.0,ENG-002,MIS-0020,LOITER,42.62,6000.0,-13.1,1981.6,129.28,567.22,326.36,41.98,13.3,0.242,27.95,25.42,23.2,1993.3,128.36,571.62,327.86,42.69,13.38,0.239,23.28,NORMAL,0,0.0,-11.700000000000045,0.9199999999999875,-4.399999999999977,-1.5,-0.7100000000000009,-0.08000000000000007,0.0030000000000000027,-0.08000000000000185
48.0,ENG-002,MIS-0020,LOITER,46.67,6000.0,-13.93,2113.8,132.71,590.4,338.73,42.8,14.56,0.27,28.01,25.56,23.53,2106.7,132.0,592.68,340.01,42.73,14.27,0.243,23.4,NORMAL,0,0.0,7.100000000000364,0.710000000000008,-2.2799999999999727,-1.2799999999999727,0.07000000000000028,0.2900000000000009,0.027000000000000024,0.13000000000000256
49.0,ENG-002,MIS-0020,LOITER,50.46,6000.0,-14.8,2218.8,136.5,613.88,352.95,43.93,15.11,0.247,27.91,25.44,23.32,2213.0,135.42,612.41,351.39,42.78,15.1,0.246,23.51,NORMAL,0,0.0,5.800000000000182,1.0800000000000125,1.4700000000000273,1.5600000000000023,1.1499999999999986,0.009999999999999787,0.0010000000000000009,-0.19000000000000128
50.0,ENG-002,MIS-0020,LOITER,41.02,6000.0,-13.76,1934.1,128.58,563.27,321.48,43.21,13.14,0.223,27.98,25.67,23.17,1948.6,126.92,563.32,323.07,42.82,13.02,0.235,23.23,NORMAL,0,0.0,-14.5,1.6600000000000108,-0.05000000000006821,-1.589999999999975,0.39000000000000057,0.120000000000001,-0.011999999999999983,-0.05999999999999872
51.0,ENG-002,MIS-0020,LOITER,48.34,6000.0,-14.37,2151.7,134.1,600.38,342.74,42.07,14.68,0.274,28.16,25.2,23.53,2153.4,133.5,601.35,345.01,42.87,14.63,0.242,23.45,NORMAL,0,0.0,-1.7000000000002728,0.5999999999999943,-0.9700000000000273,-2.269999999999982,-0.7999999999999972,0.049999999999998934,0.03200000000000003,0.08000000000000185
52.0,ENG-002,MIS-0020,LOITER,42.25,6000.0,-14.56,1960.5,131.22,567.31,322.71,42.91,12.78,0.222,27.96,25.66,22.92,1983.1,128.03,569.72,326.76,42.91,13.3,0.235,23.27,NORMAL,0,0.0,-22.59999999999991,3.1899999999999977,-2.410000000000082,-4.050000000000011,0.0,-0.5200000000000014,-0.012999999999999984,-0.34999999999999787
53.0,ENG-002,MIS-0020,LOITER,51.45,6000.0,-13.9,2248.0,136.18,619.51,353.93,42.82,15.27,0.24,28.09,25.54,23.53,2240.5,136.3,617.53,354.34,42.96,15.32,0.243,23.54,NORMAL,0,0.0,7.5,-0.12000000000000455,1.9800000000000182,-0.40999999999996817,-0.14000000000000057,-0.05000000000000071,-0.0030000000000000027,-0.00999999999999801
54.0,ENG-002,MIS-0020,DESCENT,32.46,6000.0,-14.73,1728.6,118.18,516.12,298.28,42.19,11.4,0.218,28.1,25.48,22.65,1709.0,119.22,518.82,297.39,43.0,11.14,0.223,22.97,NORMAL,0,0.0,19.59999999999991,-1.039999999999992,-2.7000000000000455,0.8899999999999864,-0.8100000000000023,0.2599999999999998,-0.0050000000000000044,-0.3200000000000003
55.0,ENG-002,MIS-0020,DESCENT,29.19,6000.0,-15.43,1650.7,115.73,498.46,289.91,43.31,10.3,0.209,27.98,25.6,23.29,1617.2,116.27,501.76,287.56,43.04,10.42,0.218,22.88,NORMAL,0,0.0,33.5,-0.539999999999992,-3.3000000000000114,2.3500000000000227,0.2700000000000031,-0.11999999999999922,-0.009000000000000008,0.41000000000000014
56.0,ENG-002,MIS-0020,DESCENT,27.48,6000.0,-13.06,1579.4,116.6,489.6,282.46,44.08,9.71,0.213,28.01,25.34,22.92,1569.5,114.74,492.91,282.45,43.07,10.05,0.216,22.82,NORMAL,0,0.0,9.900000000000091,1.8599999999999994,-3.3100000000000023,0.009999999999990905,1.009999999999998,-0.33999999999999986,-0.0030000000000000027,0.10000000000000142
57.0,ENG-002,MIS-0020,DESCENT,31.18,6000.0,-13.76,1687.5,118.86,516.82,289.18,43.59,10.71,0.195,27.98,25.62,22.94,1672.9,118.06,512.11,293.53,43.11,10.86,0.218,22.94,NORMAL,0,0.0,14.599999999999909,0.7999999999999972,4.710000000000036,-4.349999999999966,0.480000000000004,-0.14999999999999858,-0.022999999999999993,0.0
58.0,ENG-002,MIS-0020,DESCENT,28.65,6000.0,-13.97,1607.9,117.41,500.01,290.87,41.8,10.15,0.189,27.97,25.47,22.75,1602.1,115.78,498.96,285.94,43.14,10.3,0.215,22.86,NORMAL,0,0.0,5.800000000000182,1.6299999999999955,1.0500000000000114,4.930000000000007,-1.3400000000000034,-0.15000000000000036,-0.025999999999999995,-0.10999999999999943
59.0,ENG-002,MIS-0020,DESCENT,30.92,6000.0,-14.47,1662.0,118.7,513.78,298.39,42.96,10.75,0.217,28.13,25.22,22.39,1665.6,117.82,510.76,292.75,43.18,10.8,0.216,22.93,NORMAL,0,0.0,-3.599999999999909,0.8800000000000097,3.019999999999982,5.639999999999986,-0.21999999999999886,-0.05000000000000071,0.0010000000000000009,-0.5399999999999991
60.0,ENG-002,MIS-0020,LANDING,18.63,6000.0,-14.64,1301.6,108.68,440.92,248.51,42.49,7.99,0.22,28.21,25.6,22.3,1321.5,106.76,446.86,255.88,43.21,8.1,0.202,22.56,NORMAL,0,0.0,-19.90000000000009,1.9200000000000017,-5.939999999999998,-7.3700000000000045,-0.7199999999999989,-0.10999999999999943,0.017999999999999988,-0.259999999999998
61.0,ENG-002,MIS-0020,LANDING,20.3,6000.0,-14.11,1380.0,108.5,453.47,267.15,44.37,8.34,0.195,28.32,25.49,22.33,1368.4,108.27,455.56,260.9,43.24,8.47,0.203,22.61,NORMAL,0,0.0,11.599999999999909,0.23000000000000398,-2.089999999999975,6.25,1.1299999999999955,-0.13000000000000078,-0.008000000000000007,-0.28000000000000114
